[0m15:38:27.299391 [debug] [MainThread]: Sending event: {'category': 'dbt', 'action': 'invocation', 'label': 'start', 'context': [<snowplow_tracker.self_describing_json.SelfDescribingJson object at 0x0000023A2E48C6E0>, <snowplow_tracker.self_describing_json.SelfDescribingJson object at 0x0000023A2EC611D0>, <snowplow_tracker.self_describing_json.SelfDescribingJson object at 0x0000023A2F2C3ED0>]}


============================== 15:38:27.303148 | bb9c7e6e-d8d5-4c74-90be-a43dfeb5ba16 ==============================
[0m15:38:27.303148 [info ] [MainThread]: Running with dbt=1.10.15
[0m15:38:27.304083 [debug] [MainThread]: running dbt with arguments {'version_check': 'True', 'no_print': 'None', 'static_parser': 'True', 'warn_error_options': 'WarnErrorOptionsV2(error=[], warn=[], silence=[])', 'target_path': 'None', 'printer_width': '80', 'write_json': 'True', 'introspect': 'True', 'log_cache_events': 'False', 'empty': 'None', 'cache_selected_only': 'False', 'fail_fast': 'False', 'debug': 'False', 'log_format': 'default', 'partial_parse': 'True', 'send_anonymous_usage_stats': 'True', 'quiet': 'False', 'warn_error': 'None', 'profiles_dir': 'C:\\Users\\Adam White\\.dbt', 'use_colors': 'True', 'invocation_command': 'dbt debug', 'indirect_selection': 'eager', 'use_experimental_parser': 'False', 'log_path': 'C:\\Users\\Adam White\\Desktop\\ttc-analytics-hub\\warehouse\\logs'}
[0m15:38:27.320583 [info ] [MainThread]: dbt version: 1.10.15
[0m15:38:27.320998 [info ] [MainThread]: python version: 3.13.9
[0m15:38:27.321291 [info ] [MainThread]: python path: C:\Users\Adam White\Desktop\ttc-analytics-hub\warehouse\venv2\Scripts\python.exe
[0m15:38:27.321582 [info ] [MainThread]: os info: Windows-11-10.0.26100-SP0
[0m15:38:27.452097 [info ] [MainThread]: Using profiles dir at C:\Users\Adam White\.dbt
[0m15:38:27.452593 [info ] [MainThread]: Using profiles.yml file at C:\Users\Adam White\.dbt\profiles.yml
[0m15:38:27.452993 [info ] [MainThread]: Using dbt_project.yml file at C:\Users\Adam White\Desktop\ttc-analytics-hub\warehouse\dbt_project.yml
[0m15:38:27.455011 [info ] [MainThread]: adapter type: duckdb
[0m15:38:27.455355 [info ] [MainThread]: adapter version: 1.10.0
[0m15:38:27.529936 [info ] [MainThread]: Configuration:
[0m15:38:27.530445 [info ] [MainThread]:   profiles.yml file [[32mOK found and valid[0m]
[0m15:38:27.530829 [info ] [MainThread]:   dbt_project.yml file [[32mOK found and valid[0m]
[0m15:38:27.531159 [info ] [MainThread]: Required dependencies:
[0m15:38:27.531453 [debug] [MainThread]: Executing "git --help"
[0m15:38:27.559714 [debug] [MainThread]: STDOUT: "b"usage: git [-v | --version] [-h | --help] [-C <path>] [-c <name>=<value>]\n           [--exec-path[=<path>]] [--html-path] [--man-path] [--info-path]\n           [-p | --paginate | -P | --no-pager] [--no-replace-objects] [--no-lazy-fetch]\n           [--no-optional-locks] [--no-advice] [--bare] [--git-dir=<path>]\n           [--work-tree=<path>] [--namespace=<name>] [--config-env=<name>=<envvar>]\n           <command> [<args>]\n\nThese are common Git commands used in various situations:\n\nstart a working area (see also: git help tutorial)\n   clone      Clone a repository into a new directory\n   init       Create an empty Git repository or reinitialize an existing one\n\nwork on the current change (see also: git help everyday)\n   add        Add file contents to the index\n   mv         Move or rename a file, a directory, or a symlink\n   restore    Restore working tree files\n   rm         Remove files from the working tree and from the index\n\nexamine the history and state (see also: git help revisions)\n   bisect     Use binary search to find the commit that introduced a bug\n   diff       Show changes between commits, commit and working tree, etc\n   grep       Print lines matching a pattern\n   log        Show commit logs\n   show       Show various types of objects\n   status     Show the working tree status\n\ngrow, mark and tweak your common history\n   backfill   Download missing objects in a partial clone\n   branch     List, create, or delete branches\n   commit     Record changes to the repository\n   merge      Join two or more development histories together\n   rebase     Reapply commits on top of another base tip\n   reset      Reset current HEAD to the specified state\n   switch     Switch branches\n   tag        Create, list, delete or verify tags\n\ncollaborate (see also: git help workflows)\n   fetch      Download objects and refs from another repository\n   pull       Fetch from and integrate with another repository or a local branch\n   push       Update remote refs along with associated objects\n\n'git help -a' and 'git help -g' list available subcommands and some\nconcept guides. See 'git help <command>' or 'git help <concept>'\nto read about a specific subcommand or concept.\nSee 'git help git' for an overview of the system.\n""
[0m15:38:27.560162 [debug] [MainThread]: STDERR: "b''"
[0m15:38:27.560501 [info ] [MainThread]:  - git [[32mOK found[0m]

[0m15:38:27.560878 [info ] [MainThread]: Connection:
[0m15:38:27.561261 [info ] [MainThread]:   database: analytics
[0m15:38:27.561600 [info ] [MainThread]:   schema: main
[0m15:38:27.561919 [info ] [MainThread]:   path: warehouse/analytics.duckdb
[0m15:38:27.562205 [info ] [MainThread]:   config_options: None
[0m15:38:27.562459 [info ] [MainThread]:   extensions: None
[0m15:38:27.562712 [info ] [MainThread]:   settings: {}
[0m15:38:27.562962 [info ] [MainThread]:   external_root: .
[0m15:38:27.563207 [info ] [MainThread]:   use_credential_provider: None
[0m15:38:27.563453 [info ] [MainThread]:   attach: None
[0m15:38:27.563793 [info ] [MainThread]:   filesystems: None
[0m15:38:27.564149 [info ] [MainThread]:   remote: None
[0m15:38:27.564445 [info ] [MainThread]:   plugins: None
[0m15:38:27.564743 [info ] [MainThread]:   disable_transactions: False
[0m15:38:27.565212 [info ] [MainThread]: Registered adapter: duckdb=1.10.0
[0m15:38:27.794861 [debug] [MainThread]: Acquiring new duckdb connection 'debug'
[0m15:38:29.391862 [debug] [MainThread]: Using duckdb connection "debug"
[0m15:38:29.392192 [debug] [MainThread]: On debug: select 1 as id
[0m15:38:29.392413 [debug] [MainThread]: Opening a new connection, currently in state init
[0m15:38:29.403798 [debug] [MainThread]: DuckDB adapter: Error running SQL: select 1 as id
[0m15:38:29.404119 [debug] [MainThread]: DuckDB adapter: Rolling back transaction.
[0m15:38:29.404409 [info ] [MainThread]:   Connection test: [[31mERROR[0m]

[0m15:38:29.404783 [info ] [MainThread]: [31m1 check failed:[0m
[0m15:38:29.405123 [info ] [MainThread]: dbt was unable to connect to the specified database.
The database returned the following error:

  >Runtime Error
  IO Error: Cannot open file "c:\users\adam white\desktop\ttc-analytics-hub\warehouse\warehouse\analytics.duckdb": The system cannot find the path specified.
  

Check your database credentials and try again. For more information, visit:
https://docs.getdbt.com/docs/configure-your-profile


[0m15:38:29.405921 [debug] [MainThread]: Command `dbt debug` failed at 15:38:29.405829 after 2.21 seconds
[0m15:38:29.406171 [debug] [MainThread]: Connection 'debug' was properly closed.
[0m15:38:29.406416 [debug] [MainThread]: Sending event: {'category': 'dbt', 'action': 'invocation', 'label': 'end', 'context': [<snowplow_tracker.self_describing_json.SelfDescribingJson object at 0x0000023A3090C640>, <snowplow_tracker.self_describing_json.SelfDescribingJson object at 0x0000023A30695130>, <snowplow_tracker.self_describing_json.SelfDescribingJson object at 0x0000023A308F09E0>]}
[0m15:38:29.406712 [debug] [MainThread]: Flushing usage events
[0m15:38:29.793526 [debug] [MainThread]: An error was encountered while trying to flush usage events
[0m15:40:07.824825 [debug] [MainThread]: Sending event: {'category': 'dbt', 'action': 'invocation', 'label': 'start', 'context': [<snowplow_tracker.self_describing_json.SelfDescribingJson object at 0x00000204D060C6E0>, <snowplow_tracker.self_describing_json.SelfDescribingJson object at 0x00000204D0DE11D0>, <snowplow_tracker.self_describing_json.SelfDescribingJson object at 0x00000204D1443ED0>]}


============================== 15:40:07.828609 | 2d9dfd5f-439e-417e-a8c6-2b6eef2d52d9 ==============================
[0m15:40:07.828609 [info ] [MainThread]: Running with dbt=1.10.15
[0m15:40:07.829169 [debug] [MainThread]: running dbt with arguments {'static_parser': 'True', 'no_print': 'None', 'version_check': 'True', 'target_path': 'None', 'warn_error_options': 'WarnErrorOptionsV2(error=[], warn=[], silence=[])', 'printer_width': '80', 'write_json': 'True', 'introspect': 'True', 'log_cache_events': 'False', 'empty': 'None', 'cache_selected_only': 'False', 'log_format': 'default', 'debug': 'False', 'fail_fast': 'False', 'profiles_dir': 'C:\\Users\\Adam White\\.dbt', 'send_anonymous_usage_stats': 'True', 'quiet': 'False', 'warn_error': 'None', 'partial_parse': 'True', 'invocation_command': 'dbt debug', 'indirect_selection': 'eager', 'use_colors': 'True', 'use_experimental_parser': 'False', 'log_path': 'C:\\Users\\Adam White\\Desktop\\ttc-analytics-hub\\warehouse\\logs'}
[0m15:40:07.844886 [info ] [MainThread]: dbt version: 1.10.15
[0m15:40:07.845258 [info ] [MainThread]: python version: 3.13.9
[0m15:40:07.845679 [info ] [MainThread]: python path: C:\Users\Adam White\Desktop\ttc-analytics-hub\warehouse\venv2\Scripts\python.exe
[0m15:40:07.846030 [info ] [MainThread]: os info: Windows-11-10.0.26100-SP0
[0m15:40:07.930133 [info ] [MainThread]: Using profiles dir at C:\Users\Adam White\.dbt
[0m15:40:07.930622 [info ] [MainThread]: Using profiles.yml file at C:\Users\Adam White\.dbt\profiles.yml
[0m15:40:07.931000 [info ] [MainThread]: Using dbt_project.yml file at C:\Users\Adam White\Desktop\ttc-analytics-hub\warehouse\dbt_project.yml
[0m15:40:07.933015 [info ] [MainThread]: adapter type: duckdb
[0m15:40:07.933348 [info ] [MainThread]: adapter version: 1.10.0
[0m15:40:08.008348 [info ] [MainThread]: Configuration:
[0m15:40:08.008874 [info ] [MainThread]:   profiles.yml file [[32mOK found and valid[0m]
[0m15:40:08.009250 [info ] [MainThread]:   dbt_project.yml file [[32mOK found and valid[0m]
[0m15:40:08.009603 [info ] [MainThread]: Required dependencies:
[0m15:40:08.009955 [debug] [MainThread]: Executing "git --help"
[0m15:40:08.037604 [debug] [MainThread]: STDOUT: "b"usage: git [-v | --version] [-h | --help] [-C <path>] [-c <name>=<value>]\n           [--exec-path[=<path>]] [--html-path] [--man-path] [--info-path]\n           [-p | --paginate | -P | --no-pager] [--no-replace-objects] [--no-lazy-fetch]\n           [--no-optional-locks] [--no-advice] [--bare] [--git-dir=<path>]\n           [--work-tree=<path>] [--namespace=<name>] [--config-env=<name>=<envvar>]\n           <command> [<args>]\n\nThese are common Git commands used in various situations:\n\nstart a working area (see also: git help tutorial)\n   clone      Clone a repository into a new directory\n   init       Create an empty Git repository or reinitialize an existing one\n\nwork on the current change (see also: git help everyday)\n   add        Add file contents to the index\n   mv         Move or rename a file, a directory, or a symlink\n   restore    Restore working tree files\n   rm         Remove files from the working tree and from the index\n\nexamine the history and state (see also: git help revisions)\n   bisect     Use binary search to find the commit that introduced a bug\n   diff       Show changes between commits, commit and working tree, etc\n   grep       Print lines matching a pattern\n   log        Show commit logs\n   show       Show various types of objects\n   status     Show the working tree status\n\ngrow, mark and tweak your common history\n   backfill   Download missing objects in a partial clone\n   branch     List, create, or delete branches\n   commit     Record changes to the repository\n   merge      Join two or more development histories together\n   rebase     Reapply commits on top of another base tip\n   reset      Reset current HEAD to the specified state\n   switch     Switch branches\n   tag        Create, list, delete or verify tags\n\ncollaborate (see also: git help workflows)\n   fetch      Download objects and refs from another repository\n   pull       Fetch from and integrate with another repository or a local branch\n   push       Update remote refs along with associated objects\n\n'git help -a' and 'git help -g' list available subcommands and some\nconcept guides. See 'git help <command>' or 'git help <concept>'\nto read about a specific subcommand or concept.\nSee 'git help git' for an overview of the system.\n""
[0m15:40:08.038048 [debug] [MainThread]: STDERR: "b''"
[0m15:40:08.038383 [info ] [MainThread]:  - git [[32mOK found[0m]

[0m15:40:08.038728 [info ] [MainThread]: Connection:
[0m15:40:08.039055 [info ] [MainThread]:   database: analytics
[0m15:40:08.039396 [info ] [MainThread]:   schema: main
[0m15:40:08.039752 [info ] [MainThread]:   path: analytics.duckdb
[0m15:40:08.040093 [info ] [MainThread]:   config_options: None
[0m15:40:08.040372 [info ] [MainThread]:   extensions: None
[0m15:40:08.040639 [info ] [MainThread]:   settings: {}
[0m15:40:08.040899 [info ] [MainThread]:   external_root: .
[0m15:40:08.041149 [info ] [MainThread]:   use_credential_provider: None
[0m15:40:08.041399 [info ] [MainThread]:   attach: None
[0m15:40:08.041644 [info ] [MainThread]:   filesystems: None
[0m15:40:08.041886 [info ] [MainThread]:   remote: None
[0m15:40:08.042128 [info ] [MainThread]:   plugins: None
[0m15:40:08.042371 [info ] [MainThread]:   disable_transactions: False
[0m15:40:08.042873 [info ] [MainThread]: Registered adapter: duckdb=1.10.0
[0m15:40:08.276929 [debug] [MainThread]: Acquiring new duckdb connection 'debug'
[0m15:40:08.339919 [debug] [MainThread]: Using duckdb connection "debug"
[0m15:40:08.340244 [debug] [MainThread]: On debug: select 1 as id
[0m15:40:08.340469 [debug] [MainThread]: Opening a new connection, currently in state init
[0m15:40:08.351585 [debug] [MainThread]: SQL status: OK in 0.011 seconds
[0m15:40:08.352244 [debug] [MainThread]: On debug: Close
[0m15:40:08.352510 [info ] [MainThread]:   Connection test: [[32mOK connection ok[0m]

[0m15:40:08.352895 [info ] [MainThread]: [32mAll checks passed![0m
[0m15:40:08.353663 [debug] [MainThread]: Command `dbt debug` succeeded at 15:40:08.353572 after 0.62 seconds
[0m15:40:08.353904 [debug] [MainThread]: Connection 'debug' was properly closed.
[0m15:40:08.354151 [debug] [MainThread]: Sending event: {'category': 'dbt', 'action': 'invocation', 'label': 'end', 'context': [<snowplow_tracker.self_describing_json.SelfDescribingJson object at 0x00000204D2ACC640>, <snowplow_tracker.self_describing_json.SelfDescribingJson object at 0x00000204D2859250>, <snowplow_tracker.self_describing_json.SelfDescribingJson object at 0x00000204D258BAC0>]}
[0m15:40:08.354444 [debug] [MainThread]: Flushing usage events
[0m15:40:08.734333 [debug] [MainThread]: An error was encountered while trying to flush usage events
[0m15:46:00.242316 [debug] [MainThread]: Sending event: {'category': 'dbt', 'action': 'invocation', 'label': 'start', 'context': [<snowplow_tracker.self_describing_json.SelfDescribingJson object at 0x000002521D00C6E0>, <snowplow_tracker.self_describing_json.SelfDescribingJson object at 0x000002521D7E11D0>, <snowplow_tracker.self_describing_json.SelfDescribingJson object at 0x000002521DE43ED0>]}


============================== 15:46:00.246079 | fe92d415-e55c-4d86-9b74-8390b9c1d430 ==============================
[0m15:46:00.246079 [info ] [MainThread]: Running with dbt=1.10.15
[0m15:46:00.246638 [debug] [MainThread]: running dbt with arguments {'static_parser': 'True', 'no_print': 'None', 'version_check': 'True', 'warn_error_options': 'WarnErrorOptionsV2(error=[], warn=[], silence=[])', 'target_path': 'None', 'printer_width': '80', 'write_json': 'True', 'introspect': 'True', 'log_cache_events': 'False', 'empty': 'False', 'cache_selected_only': 'False', 'fail_fast': 'False', 'debug': 'False', 'log_format': 'default', 'partial_parse': 'True', 'send_anonymous_usage_stats': 'True', 'quiet': 'False', 'warn_error': 'None', 'profiles_dir': 'C:\\Users\\Adam White\\.dbt', 'indirect_selection': 'eager', 'use_colors': 'True', 'invocation_command': 'dbt run --select stg_routes', 'use_experimental_parser': 'False', 'log_path': 'C:\\Users\\Adam White\\Desktop\\ttc-analytics-hub\\warehouse\\logs'}
[0m15:46:00.439228 [debug] [MainThread]: Sending event: {'category': 'dbt', 'action': 'project_id', 'label': 'fe92d415-e55c-4d86-9b74-8390b9c1d430', 'context': [<snowplow_tracker.self_describing_json.SelfDescribingJson object at 0x000002521D1AC9D0>]}
[0m15:46:00.484766 [debug] [MainThread]: Sending event: {'category': 'dbt', 'action': 'adapter_info', 'label': 'fe92d415-e55c-4d86-9b74-8390b9c1d430', 'context': [<snowplow_tracker.self_describing_json.SelfDescribingJson object at 0x000002521EF397B0>]}
[0m15:46:00.487072 [info ] [MainThread]: Registered adapter: duckdb=1.10.0
[0m15:46:00.729772 [debug] [MainThread]: checksum: 14a228079bd6df63ba81633f9a3cf44ecfaa31056ac397c602753ec895dbf885, vars: {}, profile: , target: , version: 1.10.15
[0m15:46:00.730589 [info ] [MainThread]: Unable to do partial parsing because saved manifest not found. Starting full parse.
[0m15:46:00.731022 [debug] [MainThread]: Sending event: {'category': 'dbt', 'action': 'partial_parser', 'label': 'fe92d415-e55c-4d86-9b74-8390b9c1d430', 'context': [<snowplow_tracker.self_describing_json.SelfDescribingJson object at 0x000002521EEFB750>]}
[0m15:46:02.297839 [warn ] [MainThread]: [[33mWARNING[0m]: Configuration paths exist in your dbt_project.yml file which do not apply to any resources.
There are 3 unused configuration paths:
- models.gtfs_project.intermediate
- models.gtfs_project.marts
- models.gtfs_project.staging
[0m15:46:02.305981 [debug] [MainThread]: Sending event: {'category': 'dbt', 'action': 'load_project', 'label': 'fe92d415-e55c-4d86-9b74-8390b9c1d430', 'context': [<snowplow_tracker.self_describing_json.SelfDescribingJson object at 0x000002521F37F4D0>]}
[0m15:46:02.353267 [debug] [MainThread]: Wrote artifact WritableManifest to C:\Users\Adam White\Desktop\ttc-analytics-hub\warehouse\target\manifest.json
[0m15:46:02.355538 [debug] [MainThread]: Wrote artifact SemanticManifest to C:\Users\Adam White\Desktop\ttc-analytics-hub\warehouse\target\semantic_manifest.json
[0m15:46:02.378044 [debug] [MainThread]: Sending event: {'category': 'dbt', 'action': 'resource_counts', 'label': 'fe92d415-e55c-4d86-9b74-8390b9c1d430', 'context': [<snowplow_tracker.self_describing_json.SelfDescribingJson object at 0x000002521F72F3F0>]}
[0m15:46:02.378446 [info ] [MainThread]: Found 1 model, 5 sources, 468 macros
[0m15:46:02.378802 [debug] [MainThread]: Sending event: {'category': 'dbt', 'action': 'runnable_timing', 'label': 'fe92d415-e55c-4d86-9b74-8390b9c1d430', 'context': [<snowplow_tracker.self_describing_json.SelfDescribingJson object at 0x000002521F49B450>]}
[0m15:46:02.379907 [warn ] [MainThread]: Nothing to do. Try checking your model configs and model specification args
[0m15:46:02.380440 [debug] [MainThread]: Command end result
[0m15:46:02.395513 [debug] [MainThread]: Wrote artifact WritableManifest to C:\Users\Adam White\Desktop\ttc-analytics-hub\warehouse\target\manifest.json
[0m15:46:02.397520 [debug] [MainThread]: Wrote artifact SemanticManifest to C:\Users\Adam White\Desktop\ttc-analytics-hub\warehouse\target\semantic_manifest.json
[0m15:46:02.400086 [debug] [MainThread]: Wrote artifact RunExecutionResult to C:\Users\Adam White\Desktop\ttc-analytics-hub\warehouse\target\run_results.json
[0m15:46:02.400899 [debug] [MainThread]: Command `dbt run` succeeded at 15:46:02.400792 after 2.25 seconds
[0m15:46:02.401215 [debug] [MainThread]: Sending event: {'category': 'dbt', 'action': 'invocation', 'label': 'end', 'context': [<snowplow_tracker.self_describing_json.SelfDescribingJson object at 0x000002521DC76210>, <snowplow_tracker.self_describing_json.SelfDescribingJson object at 0x000002521F75DD30>, <snowplow_tracker.self_describing_json.SelfDescribingJson object at 0x000002521F75DFF0>]}
[0m15:46:02.401535 [debug] [MainThread]: Flushing usage events
[0m15:46:02.759194 [debug] [MainThread]: An error was encountered while trying to flush usage events
[0m15:46:36.230314 [debug] [MainThread]: Sending event: {'category': 'dbt', 'action': 'invocation', 'label': 'start', 'context': [<snowplow_tracker.self_describing_json.SelfDescribingJson object at 0x0000020B23EBC6E0>, <snowplow_tracker.self_describing_json.SelfDescribingJson object at 0x0000020B246911D0>, <snowplow_tracker.self_describing_json.SelfDescribingJson object at 0x0000020B24CF3ED0>]}


============================== 15:46:36.234189 | 32470130-2a9c-46a9-abfc-6248d6f124ab ==============================
[0m15:46:36.234189 [info ] [MainThread]: Running with dbt=1.10.15
[0m15:46:36.234753 [debug] [MainThread]: running dbt with arguments {'version_check': 'True', 'no_print': 'None', 'static_parser': 'True', 'target_path': 'None', 'warn_error_options': 'WarnErrorOptionsV2(error=[], warn=[], silence=[])', 'printer_width': '80', 'write_json': 'True', 'empty': 'None', 'log_cache_events': 'False', 'introspect': 'True', 'cache_selected_only': 'False', 'log_format': 'default', 'debug': 'False', 'fail_fast': 'False', 'partial_parse': 'True', 'send_anonymous_usage_stats': 'True', 'quiet': 'False', 'warn_error': 'None', 'profiles_dir': 'C:\\Users\\Adam White\\.dbt', 'use_colors': 'True', 'indirect_selection': 'eager', 'invocation_command': 'dbt debug', 'use_experimental_parser': 'False', 'log_path': 'C:\\Users\\Adam White\\Desktop\\ttc-analytics-hub\\warehouse\\logs'}
[0m15:46:36.250144 [info ] [MainThread]: dbt version: 1.10.15
[0m15:46:36.250516 [info ] [MainThread]: python version: 3.13.9
[0m15:46:36.250869 [info ] [MainThread]: python path: C:\Users\Adam White\Desktop\ttc-analytics-hub\warehouse\venv2\Scripts\python.exe
[0m15:46:36.251178 [info ] [MainThread]: os info: Windows-11-10.0.26100-SP0
[0m15:46:36.334429 [info ] [MainThread]: Using profiles dir at C:\Users\Adam White\.dbt
[0m15:46:36.334965 [info ] [MainThread]: Using profiles.yml file at C:\Users\Adam White\.dbt\profiles.yml
[0m15:46:36.335345 [info ] [MainThread]: Using dbt_project.yml file at C:\Users\Adam White\Desktop\ttc-analytics-hub\warehouse\dbt_project.yml
[0m15:46:36.337340 [info ] [MainThread]: adapter type: duckdb
[0m15:46:36.337642 [info ] [MainThread]: adapter version: 1.10.0
[0m15:46:36.412448 [info ] [MainThread]: Configuration:
[0m15:46:36.412960 [info ] [MainThread]:   profiles.yml file [[32mOK found and valid[0m]
[0m15:46:36.413345 [info ] [MainThread]:   dbt_project.yml file [[32mOK found and valid[0m]
[0m15:46:36.413689 [info ] [MainThread]: Required dependencies:
[0m15:46:36.413982 [debug] [MainThread]: Executing "git --help"
[0m15:46:36.442398 [debug] [MainThread]: STDOUT: "b"usage: git [-v | --version] [-h | --help] [-C <path>] [-c <name>=<value>]\n           [--exec-path[=<path>]] [--html-path] [--man-path] [--info-path]\n           [-p | --paginate | -P | --no-pager] [--no-replace-objects] [--no-lazy-fetch]\n           [--no-optional-locks] [--no-advice] [--bare] [--git-dir=<path>]\n           [--work-tree=<path>] [--namespace=<name>] [--config-env=<name>=<envvar>]\n           <command> [<args>]\n\nThese are common Git commands used in various situations:\n\nstart a working area (see also: git help tutorial)\n   clone      Clone a repository into a new directory\n   init       Create an empty Git repository or reinitialize an existing one\n\nwork on the current change (see also: git help everyday)\n   add        Add file contents to the index\n   mv         Move or rename a file, a directory, or a symlink\n   restore    Restore working tree files\n   rm         Remove files from the working tree and from the index\n\nexamine the history and state (see also: git help revisions)\n   bisect     Use binary search to find the commit that introduced a bug\n   diff       Show changes between commits, commit and working tree, etc\n   grep       Print lines matching a pattern\n   log        Show commit logs\n   show       Show various types of objects\n   status     Show the working tree status\n\ngrow, mark and tweak your common history\n   backfill   Download missing objects in a partial clone\n   branch     List, create, or delete branches\n   commit     Record changes to the repository\n   merge      Join two or more development histories together\n   rebase     Reapply commits on top of another base tip\n   reset      Reset current HEAD to the specified state\n   switch     Switch branches\n   tag        Create, list, delete or verify tags\n\ncollaborate (see also: git help workflows)\n   fetch      Download objects and refs from another repository\n   pull       Fetch from and integrate with another repository or a local branch\n   push       Update remote refs along with associated objects\n\n'git help -a' and 'git help -g' list available subcommands and some\nconcept guides. See 'git help <command>' or 'git help <concept>'\nto read about a specific subcommand or concept.\nSee 'git help git' for an overview of the system.\n""
[0m15:46:36.442929 [debug] [MainThread]: STDERR: "b''"
[0m15:46:36.443260 [info ] [MainThread]:  - git [[32mOK found[0m]

[0m15:46:36.443636 [info ] [MainThread]: Connection:
[0m15:46:36.444014 [info ] [MainThread]:   database: analytics
[0m15:46:36.444354 [info ] [MainThread]:   schema: main
[0m15:46:36.444674 [info ] [MainThread]:   path: analytics.duckdb
[0m15:46:36.444994 [info ] [MainThread]:   config_options: None
[0m15:46:36.445325 [info ] [MainThread]:   extensions: None
[0m15:46:36.445683 [info ] [MainThread]:   settings: {}
[0m15:46:36.445990 [info ] [MainThread]:   external_root: .
[0m15:46:36.446263 [info ] [MainThread]:   use_credential_provider: None
[0m15:46:36.446527 [info ] [MainThread]:   attach: None
[0m15:46:36.446787 [info ] [MainThread]:   filesystems: None
[0m15:46:36.447039 [info ] [MainThread]:   remote: None
[0m15:46:36.447290 [info ] [MainThread]:   plugins: None
[0m15:46:36.447538 [info ] [MainThread]:   disable_transactions: False
[0m15:46:36.448045 [info ] [MainThread]: Registered adapter: duckdb=1.10.0
[0m15:46:36.676731 [debug] [MainThread]: Acquiring new duckdb connection 'debug'
[0m15:46:36.747157 [debug] [MainThread]: Using duckdb connection "debug"
[0m15:46:36.747498 [debug] [MainThread]: On debug: select 1 as id
[0m15:46:36.747732 [debug] [MainThread]: Opening a new connection, currently in state init
[0m15:46:36.759272 [debug] [MainThread]: SQL status: OK in 0.012 seconds
[0m15:46:36.759949 [debug] [MainThread]: On debug: Close
[0m15:46:36.760212 [info ] [MainThread]:   Connection test: [[32mOK connection ok[0m]

[0m15:46:36.760606 [info ] [MainThread]: [32mAll checks passed![0m
[0m15:46:36.761490 [debug] [MainThread]: Command `dbt debug` succeeded at 15:46:36.761380 after 0.62 seconds
[0m15:46:36.761780 [debug] [MainThread]: Connection 'debug' was properly closed.
[0m15:46:36.762031 [debug] [MainThread]: Sending event: {'category': 'dbt', 'action': 'invocation', 'label': 'end', 'context': [<snowplow_tracker.self_describing_json.SelfDescribingJson object at 0x0000020B2637C640>, <snowplow_tracker.self_describing_json.SelfDescribingJson object at 0x0000020B26105250>, <snowplow_tracker.self_describing_json.SelfDescribingJson object at 0x0000020B24E1BAC0>]}
[0m15:46:36.762328 [debug] [MainThread]: Flushing usage events
[0m15:46:37.127069 [debug] [MainThread]: An error was encountered while trying to flush usage events
[0m15:46:56.562870 [debug] [MainThread]: Sending event: {'category': 'dbt', 'action': 'invocation', 'label': 'start', 'context': [<snowplow_tracker.self_describing_json.SelfDescribingJson object at 0x0000020894FAC6E0>, <snowplow_tracker.self_describing_json.SelfDescribingJson object at 0x00000208957811D0>, <snowplow_tracker.self_describing_json.SelfDescribingJson object at 0x0000020895DE3ED0>]}


============================== 15:46:56.566866 | 6f058e3a-ea03-4566-9465-68c1688cae4c ==============================
[0m15:46:56.566866 [info ] [MainThread]: Running with dbt=1.10.15
[0m15:46:56.567399 [debug] [MainThread]: running dbt with arguments {'static_parser': 'True', 'no_print': 'None', 'version_check': 'True', 'target_path': 'None', 'warn_error_options': 'WarnErrorOptionsV2(error=[], warn=[], silence=[])', 'printer_width': '80', 'write_json': 'True', 'empty': 'False', 'log_cache_events': 'False', 'introspect': 'True', 'cache_selected_only': 'False', 'log_format': 'default', 'debug': 'False', 'fail_fast': 'False', 'profiles_dir': 'C:\\Users\\Adam White\\.dbt', 'send_anonymous_usage_stats': 'True', 'quiet': 'False', 'warn_error': 'None', 'partial_parse': 'True', 'indirect_selection': 'eager', 'invocation_command': 'dbt run --select stg_routes', 'use_colors': 'True', 'use_experimental_parser': 'False', 'log_path': 'C:\\Users\\Adam White\\Desktop\\ttc-analytics-hub\\warehouse\\logs'}
[0m15:46:56.739618 [debug] [MainThread]: Sending event: {'category': 'dbt', 'action': 'project_id', 'label': '6f058e3a-ea03-4566-9465-68c1688cae4c', 'context': [<snowplow_tracker.self_describing_json.SelfDescribingJson object at 0x000002089514C9D0>]}
[0m15:46:56.785412 [debug] [MainThread]: Sending event: {'category': 'dbt', 'action': 'adapter_info', 'label': '6f058e3a-ea03-4566-9465-68c1688cae4c', 'context': [<snowplow_tracker.self_describing_json.SelfDescribingJson object at 0x0000020896F797B0>]}
[0m15:46:56.787680 [info ] [MainThread]: Registered adapter: duckdb=1.10.0
[0m15:46:57.016449 [debug] [MainThread]: checksum: 14a228079bd6df63ba81633f9a3cf44ecfaa31056ac397c602753ec895dbf885, vars: {}, profile: , target: , version: 1.10.15
[0m15:46:57.119661 [debug] [MainThread]: Partial parsing enabled: 0 files deleted, 0 files added, 0 files changed.
[0m15:46:57.119975 [debug] [MainThread]: Partial parsing enabled, no changes found, skipping parsing
[0m15:46:57.124278 [warn ] [MainThread]: [[33mWARNING[0m]: Configuration paths exist in your dbt_project.yml file which do not apply to any resources.
There are 3 unused configuration paths:
- models.gtfs_project.intermediate
- models.gtfs_project.staging
- models.gtfs_project.marts
[0m15:46:57.149694 [debug] [MainThread]: Sending event: {'category': 'dbt', 'action': 'load_project', 'label': '6f058e3a-ea03-4566-9465-68c1688cae4c', 'context': [<snowplow_tracker.self_describing_json.SelfDescribingJson object at 0x00000208972C5650>]}
[0m15:46:57.201671 [debug] [MainThread]: Wrote artifact WritableManifest to C:\Users\Adam White\Desktop\ttc-analytics-hub\warehouse\target\manifest.json
[0m15:46:57.203620 [debug] [MainThread]: Wrote artifact SemanticManifest to C:\Users\Adam White\Desktop\ttc-analytics-hub\warehouse\target\semantic_manifest.json
[0m15:46:57.222849 [debug] [MainThread]: Sending event: {'category': 'dbt', 'action': 'resource_counts', 'label': '6f058e3a-ea03-4566-9465-68c1688cae4c', 'context': [<snowplow_tracker.self_describing_json.SelfDescribingJson object at 0x0000020895E1B980>]}
[0m15:46:57.223177 [info ] [MainThread]: Found 1 model, 5 sources, 468 macros
[0m15:46:57.223529 [debug] [MainThread]: Sending event: {'category': 'dbt', 'action': 'runnable_timing', 'label': '6f058e3a-ea03-4566-9465-68c1688cae4c', 'context': [<snowplow_tracker.self_describing_json.SelfDescribingJson object at 0x0000020896FA26D0>]}
[0m15:46:57.224574 [warn ] [MainThread]: Nothing to do. Try checking your model configs and model specification args
[0m15:46:57.226152 [debug] [MainThread]: Command end result
[0m15:46:57.240469 [debug] [MainThread]: Wrote artifact WritableManifest to C:\Users\Adam White\Desktop\ttc-analytics-hub\warehouse\target\manifest.json
[0m15:46:57.242425 [debug] [MainThread]: Wrote artifact SemanticManifest to C:\Users\Adam White\Desktop\ttc-analytics-hub\warehouse\target\semantic_manifest.json
[0m15:46:57.245174 [debug] [MainThread]: Wrote artifact RunExecutionResult to C:\Users\Adam White\Desktop\ttc-analytics-hub\warehouse\target\run_results.json
[0m15:46:57.245853 [debug] [MainThread]: Command `dbt run` succeeded at 15:46:57.245760 after 0.78 seconds
[0m15:46:57.246142 [debug] [MainThread]: Sending event: {'category': 'dbt', 'action': 'invocation', 'label': 'end', 'context': [<snowplow_tracker.self_describing_json.SelfDescribingJson object at 0x0000020897487C70>, <snowplow_tracker.self_describing_json.SelfDescribingJson object at 0x0000020895C16210>, <snowplow_tracker.self_describing_json.SelfDescribingJson object at 0x00000208974981D0>]}
[0m15:46:57.246446 [debug] [MainThread]: Flushing usage events
[0m15:46:57.648015 [debug] [MainThread]: An error was encountered while trying to flush usage events
[0m15:48:36.547204 [debug] [MainThread]: Sending event: {'category': 'dbt', 'action': 'invocation', 'label': 'start', 'context': [<snowplow_tracker.self_describing_json.SelfDescribingJson object at 0x000001D552D0C6E0>, <snowplow_tracker.self_describing_json.SelfDescribingJson object at 0x000001D5534E11D0>, <snowplow_tracker.self_describing_json.SelfDescribingJson object at 0x000001D553B3FED0>]}


============================== 15:48:36.551044 | 50b0b685-d157-4a9d-a6ba-7ea91f5d2b17 ==============================
[0m15:48:36.551044 [info ] [MainThread]: Running with dbt=1.10.15
[0m15:48:36.551611 [debug] [MainThread]: running dbt with arguments {'static_parser': 'True', 'no_print': 'None', 'version_check': 'True', 'warn_error_options': 'WarnErrorOptionsV2(error=[], warn=[], silence=[])', 'target_path': 'None', 'printer_width': '80', 'write_json': 'True', 'empty': 'None', 'log_cache_events': 'False', 'introspect': 'True', 'cache_selected_only': 'False', 'fail_fast': 'False', 'debug': 'False', 'log_format': 'default', 'profiles_dir': 'C:\\Users\\Adam White\\.dbt', 'send_anonymous_usage_stats': 'True', 'quiet': 'False', 'warn_error': 'None', 'partial_parse': 'True', 'use_colors': 'True', 'invocation_command': 'dbt ls --resource-type source', 'indirect_selection': 'eager', 'use_experimental_parser': 'False', 'log_path': 'C:\\Users\\Adam White\\Desktop\\ttc-analytics-hub\\warehouse\\logs'}
[0m15:48:36.721374 [debug] [MainThread]: Sending event: {'category': 'dbt', 'action': 'project_id', 'label': '50b0b685-d157-4a9d-a6ba-7ea91f5d2b17', 'context': [<snowplow_tracker.self_describing_json.SelfDescribingJson object at 0x000001D552EB89D0>]}
[0m15:48:36.766577 [debug] [MainThread]: Sending event: {'category': 'dbt', 'action': 'adapter_info', 'label': '50b0b685-d157-4a9d-a6ba-7ea91f5d2b17', 'context': [<snowplow_tracker.self_describing_json.SelfDescribingJson object at 0x000001D554C398C0>]}
[0m15:48:36.769035 [info ] [MainThread]: Registered adapter: duckdb=1.10.0
[0m15:48:36.996006 [debug] [MainThread]: checksum: 14a228079bd6df63ba81633f9a3cf44ecfaa31056ac397c602753ec895dbf885, vars: {}, profile: , target: , version: 1.10.15
[0m15:48:37.088906 [debug] [MainThread]: Partial parsing enabled: 0 files deleted, 0 files added, 0 files changed.
[0m15:48:37.089223 [debug] [MainThread]: Partial parsing enabled, no changes found, skipping parsing
[0m15:48:37.093537 [warn ] [MainThread]: [[33mWARNING[0m]: Configuration paths exist in your dbt_project.yml file which do not apply to any resources.
There are 3 unused configuration paths:
- models.gtfs_project.staging
- models.gtfs_project.marts
- models.gtfs_project.intermediate
[0m15:48:37.118683 [debug] [MainThread]: Sending event: {'category': 'dbt', 'action': 'load_project', 'label': '50b0b685-d157-4a9d-a6ba-7ea91f5d2b17', 'context': [<snowplow_tracker.self_describing_json.SelfDescribingJson object at 0x000001D5550A5850>]}
[0m15:48:37.170215 [debug] [MainThread]: Wrote artifact WritableManifest to C:\Users\Adam White\Desktop\ttc-analytics-hub\warehouse\target\manifest.json
[0m15:48:37.172160 [debug] [MainThread]: Wrote artifact SemanticManifest to C:\Users\Adam White\Desktop\ttc-analytics-hub\warehouse\target\semantic_manifest.json
[0m15:48:37.189726 [debug] [MainThread]: Sending event: {'category': 'dbt', 'action': 'resource_counts', 'label': '50b0b685-d157-4a9d-a6ba-7ea91f5d2b17', 'context': [<snowplow_tracker.self_describing_json.SelfDescribingJson object at 0x000001D553B7BA70>]}
[0m15:48:37.190050 [info ] [MainThread]: Found 1 model, 5 sources, 468 macros
[0m15:48:37.190401 [debug] [MainThread]: Sending event: {'category': 'dbt', 'action': 'runnable_timing', 'label': '50b0b685-d157-4a9d-a6ba-7ea91f5d2b17', 'context': [<snowplow_tracker.self_describing_json.SelfDescribingJson object at 0x000001D554C62EB0>]}
[0m15:48:37.191028 [info ] [MainThread]: source:ttc_analytics.gtfs_raw.routes
[0m15:48:37.191343 [info ] [MainThread]: source:ttc_analytics.gtfs_raw.shapes
[0m15:48:37.191619 [info ] [MainThread]: source:ttc_analytics.gtfs_raw.stop_times
[0m15:48:37.191879 [info ] [MainThread]: source:ttc_analytics.gtfs_raw.stops
[0m15:48:37.192130 [info ] [MainThread]: source:ttc_analytics.gtfs_raw.trips
[0m15:48:37.192793 [debug] [MainThread]: Command `dbt ls` succeeded at 15:48:37.192708 after 0.73 seconds
[0m15:48:37.193058 [debug] [MainThread]: Sending event: {'category': 'dbt', 'action': 'invocation', 'label': 'end', 'context': [<snowplow_tracker.self_describing_json.SelfDescribingJson object at 0x000001D5552528F0>, <snowplow_tracker.self_describing_json.SelfDescribingJson object at 0x000001D553976210>, <snowplow_tracker.self_describing_json.SelfDescribingJson object at 0x000001D55521A2D0>]}
[0m15:48:37.193305 [debug] [MainThread]: Flushing usage events
[0m15:48:37.583780 [debug] [MainThread]: An error was encountered while trying to flush usage events
[0m15:48:55.168847 [debug] [MainThread]: Sending event: {'category': 'dbt', 'action': 'invocation', 'label': 'start', 'context': [<snowplow_tracker.self_describing_json.SelfDescribingJson object at 0x000001756C18C6E0>, <snowplow_tracker.self_describing_json.SelfDescribingJson object at 0x000001756C9611D0>, <snowplow_tracker.self_describing_json.SelfDescribingJson object at 0x000001756CFC3ED0>]}


============================== 15:48:55.172599 | f014fa74-cd09-49e2-9248-0232b37f4115 ==============================
[0m15:48:55.172599 [info ] [MainThread]: Running with dbt=1.10.15
[0m15:48:55.173162 [debug] [MainThread]: running dbt with arguments {'static_parser': 'True', 'no_print': 'None', 'version_check': 'True', 'target_path': 'None', 'warn_error_options': 'WarnErrorOptionsV2(error=[], warn=[], silence=[])', 'printer_width': '80', 'write_json': 'True', 'introspect': 'True', 'log_cache_events': 'False', 'empty': 'None', 'cache_selected_only': 'False', 'log_format': 'default', 'debug': 'False', 'fail_fast': 'False', 'profiles_dir': 'C:\\Users\\Adam White\\.dbt', 'send_anonymous_usage_stats': 'True', 'quiet': 'False', 'warn_error': 'None', 'partial_parse': 'True', 'invocation_command': 'dbt ls', 'indirect_selection': 'eager', 'use_colors': 'True', 'use_experimental_parser': 'False', 'log_path': 'C:\\Users\\Adam White\\Desktop\\ttc-analytics-hub\\warehouse\\logs'}
[0m15:48:55.344123 [debug] [MainThread]: Sending event: {'category': 'dbt', 'action': 'project_id', 'label': 'f014fa74-cd09-49e2-9248-0232b37f4115', 'context': [<snowplow_tracker.self_describing_json.SelfDescribingJson object at 0x000001756C32C9D0>]}
[0m15:48:55.389444 [debug] [MainThread]: Sending event: {'category': 'dbt', 'action': 'adapter_info', 'label': 'f014fa74-cd09-49e2-9248-0232b37f4115', 'context': [<snowplow_tracker.self_describing_json.SelfDescribingJson object at 0x000001756E0B98C0>]}
[0m15:48:55.391617 [info ] [MainThread]: Registered adapter: duckdb=1.10.0
[0m15:48:55.619135 [debug] [MainThread]: checksum: 14a228079bd6df63ba81633f9a3cf44ecfaa31056ac397c602753ec895dbf885, vars: {}, profile: , target: , version: 1.10.15
[0m15:48:55.709970 [debug] [MainThread]: Partial parsing enabled: 0 files deleted, 0 files added, 0 files changed.
[0m15:48:55.710289 [debug] [MainThread]: Partial parsing enabled, no changes found, skipping parsing
[0m15:48:55.714640 [warn ] [MainThread]: [[33mWARNING[0m]: Configuration paths exist in your dbt_project.yml file which do not apply to any resources.
There are 3 unused configuration paths:
- models.gtfs_project.marts
- models.gtfs_project.intermediate
- models.gtfs_project.staging
[0m15:48:55.739754 [debug] [MainThread]: Sending event: {'category': 'dbt', 'action': 'load_project', 'label': 'f014fa74-cd09-49e2-9248-0232b37f4115', 'context': [<snowplow_tracker.self_describing_json.SelfDescribingJson object at 0x000001756E485850>]}
[0m15:48:55.791868 [debug] [MainThread]: Wrote artifact WritableManifest to C:\Users\Adam White\Desktop\ttc-analytics-hub\warehouse\target\manifest.json
[0m15:48:55.793858 [debug] [MainThread]: Wrote artifact SemanticManifest to C:\Users\Adam White\Desktop\ttc-analytics-hub\warehouse\target\semantic_manifest.json
[0m15:48:55.812114 [debug] [MainThread]: Sending event: {'category': 'dbt', 'action': 'resource_counts', 'label': 'f014fa74-cd09-49e2-9248-0232b37f4115', 'context': [<snowplow_tracker.self_describing_json.SelfDescribingJson object at 0x000001756CFF3A70>]}
[0m15:48:55.812540 [info ] [MainThread]: Found 1 model, 5 sources, 468 macros
[0m15:48:55.812913 [debug] [MainThread]: Sending event: {'category': 'dbt', 'action': 'runnable_timing', 'label': 'f014fa74-cd09-49e2-9248-0232b37f4115', 'context': [<snowplow_tracker.self_describing_json.SelfDescribingJson object at 0x000001756E0DEEB0>]}
[0m15:48:55.813530 [info ] [MainThread]: ttc_analytics.staging.stg_routes
[0m15:48:55.813875 [info ] [MainThread]: source:ttc_analytics.gtfs_raw.routes
[0m15:48:55.814209 [info ] [MainThread]: source:ttc_analytics.gtfs_raw.shapes
[0m15:48:55.814522 [info ] [MainThread]: source:ttc_analytics.gtfs_raw.stop_times
[0m15:48:55.814797 [info ] [MainThread]: source:ttc_analytics.gtfs_raw.stops
[0m15:48:55.815042 [info ] [MainThread]: source:ttc_analytics.gtfs_raw.trips
[0m15:48:55.815707 [debug] [MainThread]: Command `dbt ls` succeeded at 15:48:55.815613 after 0.73 seconds
[0m15:48:55.815977 [debug] [MainThread]: Sending event: {'category': 'dbt', 'action': 'invocation', 'label': 'end', 'context': [<snowplow_tracker.self_describing_json.SelfDescribingJson object at 0x000001756E6329C0>, <snowplow_tracker.self_describing_json.SelfDescribingJson object at 0x000001756CDF6210>, <snowplow_tracker.self_describing_json.SelfDescribingJson object at 0x000001756E5FA2D0>]}
[0m15:48:55.816251 [debug] [MainThread]: Flushing usage events
[0m15:48:56.165560 [debug] [MainThread]: An error was encountered while trying to flush usage events
[0m15:49:12.871637 [debug] [MainThread]: Sending event: {'category': 'dbt', 'action': 'invocation', 'label': 'start', 'context': [<snowplow_tracker.self_describing_json.SelfDescribingJson object at 0x000001EE4B05C6E0>, <snowplow_tracker.self_describing_json.SelfDescribingJson object at 0x000001EE4B8311D0>, <snowplow_tracker.self_describing_json.SelfDescribingJson object at 0x000001EE4BE93ED0>]}


============================== 15:49:12.875426 | 708b028a-5b17-40de-9881-56ba73988998 ==============================
[0m15:49:12.875426 [info ] [MainThread]: Running with dbt=1.10.15
[0m15:49:12.875999 [debug] [MainThread]: running dbt with arguments {'version_check': 'True', 'no_print': 'None', 'static_parser': 'True', 'warn_error_options': 'WarnErrorOptionsV2(error=[], warn=[], silence=[])', 'target_path': 'None', 'printer_width': '80', 'write_json': 'True', 'introspect': 'True', 'log_cache_events': 'False', 'empty': 'False', 'cache_selected_only': 'False', 'fail_fast': 'False', 'debug': 'False', 'log_format': 'default', 'partial_parse': 'True', 'send_anonymous_usage_stats': 'True', 'quiet': 'False', 'warn_error': 'None', 'profiles_dir': 'C:\\Users\\Adam White\\.dbt', 'use_colors': 'True', 'indirect_selection': 'eager', 'invocation_command': 'dbt compile', 'use_experimental_parser': 'False', 'log_path': 'C:\\Users\\Adam White\\Desktop\\ttc-analytics-hub\\warehouse\\logs'}
[0m15:49:13.049838 [debug] [MainThread]: Sending event: {'category': 'dbt', 'action': 'project_id', 'label': '708b028a-5b17-40de-9881-56ba73988998', 'context': [<snowplow_tracker.self_describing_json.SelfDescribingJson object at 0x000001EE4B2089D0>]}
[0m15:49:13.095582 [debug] [MainThread]: Sending event: {'category': 'dbt', 'action': 'adapter_info', 'label': '708b028a-5b17-40de-9881-56ba73988998', 'context': [<snowplow_tracker.self_describing_json.SelfDescribingJson object at 0x000001EE4D0697B0>]}
[0m15:49:13.097796 [info ] [MainThread]: Registered adapter: duckdb=1.10.0
[0m15:49:13.321207 [debug] [MainThread]: checksum: 14a228079bd6df63ba81633f9a3cf44ecfaa31056ac397c602753ec895dbf885, vars: {}, profile: , target: , version: 1.10.15
[0m15:49:13.412012 [debug] [MainThread]: Partial parsing enabled: 0 files deleted, 0 files added, 0 files changed.
[0m15:49:13.412326 [debug] [MainThread]: Partial parsing enabled, no changes found, skipping parsing
[0m15:49:13.416630 [warn ] [MainThread]: [[33mWARNING[0m]: Configuration paths exist in your dbt_project.yml file which do not apply to any resources.
There are 3 unused configuration paths:
- models.gtfs_project.intermediate
- models.gtfs_project.staging
- models.gtfs_project.marts
[0m15:49:13.442745 [debug] [MainThread]: Sending event: {'category': 'dbt', 'action': 'load_project', 'label': '708b028a-5b17-40de-9881-56ba73988998', 'context': [<snowplow_tracker.self_describing_json.SelfDescribingJson object at 0x000001EE4D3B5850>]}
[0m15:49:13.494634 [debug] [MainThread]: Wrote artifact WritableManifest to C:\Users\Adam White\Desktop\ttc-analytics-hub\warehouse\target\manifest.json
[0m15:49:13.496613 [debug] [MainThread]: Wrote artifact SemanticManifest to C:\Users\Adam White\Desktop\ttc-analytics-hub\warehouse\target\semantic_manifest.json
[0m15:49:13.514938 [debug] [MainThread]: Sending event: {'category': 'dbt', 'action': 'resource_counts', 'label': '708b028a-5b17-40de-9881-56ba73988998', 'context': [<snowplow_tracker.self_describing_json.SelfDescribingJson object at 0x000001EE4D38C500>]}
[0m15:49:13.515279 [info ] [MainThread]: Found 1 model, 5 sources, 468 macros
[0m15:49:13.515652 [debug] [MainThread]: Sending event: {'category': 'dbt', 'action': 'runnable_timing', 'label': '708b028a-5b17-40de-9881-56ba73988998', 'context': [<snowplow_tracker.self_describing_json.SelfDescribingJson object at 0x000001EE4D093A10>]}
[0m15:49:13.516860 [warn ] [MainThread]: Nothing to do. Try checking your model configs and model specification args
[0m15:49:13.518648 [debug] [MainThread]: Command end result
[0m15:49:13.532807 [debug] [MainThread]: Wrote artifact WritableManifest to C:\Users\Adam White\Desktop\ttc-analytics-hub\warehouse\target\manifest.json
[0m15:49:13.534792 [debug] [MainThread]: Wrote artifact SemanticManifest to C:\Users\Adam White\Desktop\ttc-analytics-hub\warehouse\target\semantic_manifest.json
[0m15:49:13.537423 [debug] [MainThread]: Wrote artifact RunExecutionResult to C:\Users\Adam White\Desktop\ttc-analytics-hub\warehouse\target\run_results.json
[0m15:49:13.538107 [debug] [MainThread]: Command `dbt compile` succeeded at 15:49:13.538014 after 0.75 seconds
[0m15:49:13.538396 [debug] [MainThread]: Sending event: {'category': 'dbt', 'action': 'invocation', 'label': 'end', 'context': [<snowplow_tracker.self_describing_json.SelfDescribingJson object at 0x000001EE4D577C70>, <snowplow_tracker.self_describing_json.SelfDescribingJson object at 0x000001EE4BCC6210>, <snowplow_tracker.self_describing_json.SelfDescribingJson object at 0x000001EE4D52B650>]}
[0m15:49:13.538684 [debug] [MainThread]: Flushing usage events
[0m15:49:13.904854 [debug] [MainThread]: An error was encountered while trying to flush usage events
[0m15:53:37.411770 [debug] [MainThread]: Sending event: {'category': 'dbt', 'action': 'invocation', 'label': 'start', 'context': [<snowplow_tracker.self_describing_json.SelfDescribingJson object at 0x0000020BDDAFC6E0>, <snowplow_tracker.self_describing_json.SelfDescribingJson object at 0x0000020BDE2D11D0>, <snowplow_tracker.self_describing_json.SelfDescribingJson object at 0x0000020BDE933ED0>]}


============================== 15:53:37.415583 | 3b1c52d8-3ec3-430b-be3e-c6f96c60f094 ==============================
[0m15:53:37.415583 [info ] [MainThread]: Running with dbt=1.10.15
[0m15:53:37.416142 [debug] [MainThread]: running dbt with arguments {'version_check': 'True', 'no_print': 'None', 'static_parser': 'True', 'warn_error_options': 'WarnErrorOptionsV2(error=[], warn=[], silence=[])', 'target_path': 'None', 'printer_width': '80', 'write_json': 'True', 'empty': 'False', 'log_cache_events': 'False', 'introspect': 'True', 'cache_selected_only': 'False', 'fail_fast': 'False', 'debug': 'False', 'log_format': 'default', 'profiles_dir': 'C:\\Users\\Adam White\\.dbt', 'send_anonymous_usage_stats': 'True', 'quiet': 'False', 'warn_error': 'None', 'partial_parse': 'True', 'indirect_selection': 'eager', 'use_colors': 'True', 'invocation_command': 'dbt run', 'use_experimental_parser': 'False', 'log_path': 'C:\\Users\\Adam White\\Desktop\\ttc-analytics-hub\\warehouse\\logs'}
[0m15:53:37.592733 [debug] [MainThread]: Sending event: {'category': 'dbt', 'action': 'project_id', 'label': '3b1c52d8-3ec3-430b-be3e-c6f96c60f094', 'context': [<snowplow_tracker.self_describing_json.SelfDescribingJson object at 0x0000020BDDCA89D0>]}
[0m15:53:37.638752 [debug] [MainThread]: Sending event: {'category': 'dbt', 'action': 'adapter_info', 'label': '3b1c52d8-3ec3-430b-be3e-c6f96c60f094', 'context': [<snowplow_tracker.self_describing_json.SelfDescribingJson object at 0x0000020BDFA297B0>]}
[0m15:53:37.640954 [info ] [MainThread]: Registered adapter: duckdb=1.10.0
[0m15:53:37.864422 [debug] [MainThread]: checksum: 14a228079bd6df63ba81633f9a3cf44ecfaa31056ac397c602753ec895dbf885, vars: {}, profile: , target: , version: 1.10.15
[0m15:53:37.922755 [info ] [MainThread]: Unable to do partial parsing because a project config has changed
[0m15:53:37.923257 [debug] [MainThread]: Sending event: {'category': 'dbt', 'action': 'partial_parser', 'label': '3b1c52d8-3ec3-430b-be3e-c6f96c60f094', 'context': [<snowplow_tracker.self_describing_json.SelfDescribingJson object at 0x0000020BDF9EBA50>]}
[0m15:53:38.795706 [warn ] [MainThread]: [[33mWARNING[0m]: Configuration paths exist in your dbt_project.yml file which do not apply to any resources.
There are 2 unused configuration paths:
- models.ttc_analytics.intermediate
- models.ttc_analytics.marts
[0m15:53:38.804031 [debug] [MainThread]: Sending event: {'category': 'dbt', 'action': 'load_project', 'label': '3b1c52d8-3ec3-430b-be3e-c6f96c60f094', 'context': [<snowplow_tracker.self_describing_json.SelfDescribingJson object at 0x0000020BDE96B2F0>]}
[0m15:53:38.850399 [debug] [MainThread]: Wrote artifact WritableManifest to C:\Users\Adam White\Desktop\ttc-analytics-hub\warehouse\target\manifest.json
[0m15:53:38.852519 [debug] [MainThread]: Wrote artifact SemanticManifest to C:\Users\Adam White\Desktop\ttc-analytics-hub\warehouse\target\semantic_manifest.json
[0m15:53:38.872543 [debug] [MainThread]: Sending event: {'category': 'dbt', 'action': 'resource_counts', 'label': '3b1c52d8-3ec3-430b-be3e-c6f96c60f094', 'context': [<snowplow_tracker.self_describing_json.SelfDescribingJson object at 0x0000020BE0133230>]}
[0m15:53:38.872961 [info ] [MainThread]: Found 1 model, 5 sources, 468 macros
[0m15:53:38.873376 [debug] [MainThread]: Sending event: {'category': 'dbt', 'action': 'runnable_timing', 'label': '3b1c52d8-3ec3-430b-be3e-c6f96c60f094', 'context': [<snowplow_tracker.self_describing_json.SelfDescribingJson object at 0x0000020BDFE30EF0>]}
[0m15:53:38.874728 [info ] [MainThread]: 
[0m15:53:38.875061 [info ] [MainThread]: Concurrency: 4 threads (target='dev')
[0m15:53:38.875340 [info ] [MainThread]: 
[0m15:53:38.875754 [debug] [MainThread]: Acquiring new duckdb connection 'master'
[0m15:53:38.876450 [debug] [ThreadPool]: Acquiring new duckdb connection 'list_analytics'
[0m15:53:38.946818 [debug] [ThreadPool]: Using duckdb connection "list_analytics"
[0m15:53:38.947153 [debug] [ThreadPool]: On list_analytics: /* {"app": "dbt", "dbt_version": "1.10.15", "profile_name": "ttc_analytics", "target_name": "dev", "connection_name": "list_analytics"} */

    
    select schema_name
    from system.information_schema.schemata
    
    where lower(catalog_name) = '"analytics"'
    
  
  
[0m15:53:38.947380 [debug] [ThreadPool]: Opening a new connection, currently in state init
[0m15:53:38.959974 [debug] [ThreadPool]: SQL status: OK in 0.013 seconds
[0m15:53:38.960931 [debug] [ThreadPool]: On list_analytics: Close
[0m15:53:38.961552 [debug] [ThreadPool]: Re-using an available connection from the pool (formerly list_analytics, now create_analytics_main)
[0m15:53:38.962007 [debug] [ThreadPool]: Creating schema "database: "analytics"
schema: "main"
"
[0m15:53:38.966710 [debug] [ThreadPool]: Using duckdb connection "create_analytics_main"
[0m15:53:38.966958 [debug] [ThreadPool]: On create_analytics_main: /* {"app": "dbt", "dbt_version": "1.10.15", "profile_name": "ttc_analytics", "target_name": "dev", "connection_name": "create_analytics_main"} */

    
        select type from duckdb_databases()
        where lower(database_name)='analytics'
        and type='sqlite'
    
  
[0m15:53:38.967176 [debug] [ThreadPool]: Opening a new connection, currently in state closed
[0m15:53:38.967914 [debug] [ThreadPool]: SQL status: OK in 0.001 seconds
[0m15:53:38.968741 [debug] [ThreadPool]: Using duckdb connection "create_analytics_main"
[0m15:53:38.968966 [debug] [ThreadPool]: On create_analytics_main: BEGIN
[0m15:53:38.969325 [debug] [ThreadPool]: SQL status: OK in 0.000 seconds
[0m15:53:38.969542 [debug] [ThreadPool]: Using duckdb connection "create_analytics_main"
[0m15:53:38.969754 [debug] [ThreadPool]: On create_analytics_main: /* {"app": "dbt", "dbt_version": "1.10.15", "profile_name": "ttc_analytics", "target_name": "dev", "connection_name": "create_analytics_main"} */

    
    
        create schema if not exists "analytics"."main"
    
[0m15:53:38.970214 [debug] [ThreadPool]: SQL status: OK in 0.000 seconds
[0m15:53:38.970914 [debug] [ThreadPool]: On create_analytics_main: COMMIT
[0m15:53:38.971193 [debug] [ThreadPool]: Using duckdb connection "create_analytics_main"
[0m15:53:38.971434 [debug] [ThreadPool]: On create_analytics_main: COMMIT
[0m15:53:38.971782 [debug] [ThreadPool]: SQL status: OK in 0.000 seconds
[0m15:53:38.972092 [debug] [ThreadPool]: On create_analytics_main: Close
[0m15:53:38.973021 [debug] [ThreadPool]: Acquiring new duckdb connection 'list_analytics_main'
[0m15:53:38.976556 [debug] [ThreadPool]: Using duckdb connection "list_analytics_main"
[0m15:53:38.976788 [debug] [ThreadPool]: On list_analytics_main: BEGIN
[0m15:53:38.976996 [debug] [ThreadPool]: Opening a new connection, currently in state init
[0m15:53:38.977684 [debug] [ThreadPool]: SQL status: OK in 0.001 seconds
[0m15:53:38.977909 [debug] [ThreadPool]: Using duckdb connection "list_analytics_main"
[0m15:53:38.978126 [debug] [ThreadPool]: On list_analytics_main: /* {"app": "dbt", "dbt_version": "1.10.15", "profile_name": "ttc_analytics", "target_name": "dev", "connection_name": "list_analytics_main"} */
select
      'analytics' as database,
      table_name as name,
      table_schema as schema,
      CASE table_type
        WHEN 'BASE TABLE' THEN 'table'
        WHEN 'VIEW' THEN 'view'
        WHEN 'LOCAL TEMPORARY' THEN 'table'
        END as type
    from system.information_schema.tables
    where lower(table_schema) = 'main'
    and lower(table_catalog) = 'analytics'
  
[0m15:53:38.988157 [debug] [ThreadPool]: SQL status: OK in 0.010 seconds
[0m15:53:38.988956 [debug] [ThreadPool]: On list_analytics_main: ROLLBACK
[0m15:53:38.989859 [debug] [ThreadPool]: Failed to rollback 'list_analytics_main'
[0m15:53:38.990093 [debug] [ThreadPool]: On list_analytics_main: Close
[0m15:53:38.990559 [debug] [MainThread]: Sending event: {'category': 'dbt', 'action': 'runnable_timing', 'label': '3b1c52d8-3ec3-430b-be3e-c6f96c60f094', 'context': [<snowplow_tracker.self_describing_json.SelfDescribingJson object at 0x0000020BE018E450>]}
[0m15:53:38.990959 [debug] [MainThread]: Using duckdb connection "master"
[0m15:53:38.991224 [debug] [MainThread]: On master: BEGIN
[0m15:53:38.991456 [debug] [MainThread]: Opening a new connection, currently in state init
[0m15:53:38.991843 [debug] [MainThread]: SQL status: OK in 0.000 seconds
[0m15:53:38.992065 [debug] [MainThread]: On master: COMMIT
[0m15:53:38.992281 [debug] [MainThread]: Using duckdb connection "master"
[0m15:53:38.992482 [debug] [MainThread]: On master: COMMIT
[0m15:53:38.992817 [debug] [MainThread]: SQL status: OK in 0.000 seconds
[0m15:53:38.993033 [debug] [MainThread]: On master: Close
[0m15:53:38.997233 [debug] [Thread-1 (]: Began running node model.ttc_analytics.stg_routes
[0m15:53:38.997616 [info ] [Thread-1 (]: 1 of 1 START sql table model main.stg_routes ................................... [RUN]
[0m15:53:38.998132 [debug] [Thread-1 (]: Acquiring new duckdb connection 'model.ttc_analytics.stg_routes'
[0m15:53:38.998444 [debug] [Thread-1 (]: Began compiling node model.ttc_analytics.stg_routes
[0m15:53:39.003899 [debug] [Thread-1 (]: Writing injected SQL for node "model.ttc_analytics.stg_routes"
[0m15:53:39.005559 [debug] [Thread-1 (]: Began executing node model.ttc_analytics.stg_routes
[0m15:53:39.031621 [debug] [Thread-1 (]: Writing runtime sql for node "model.ttc_analytics.stg_routes"
[0m15:53:39.033578 [debug] [Thread-1 (]: Using duckdb connection "model.ttc_analytics.stg_routes"
[0m15:53:39.033888 [debug] [Thread-1 (]: On model.ttc_analytics.stg_routes: BEGIN
[0m15:53:39.034136 [debug] [Thread-1 (]: Opening a new connection, currently in state init
[0m15:53:39.034886 [debug] [Thread-1 (]: SQL status: OK in 0.001 seconds
[0m15:53:39.035157 [debug] [Thread-1 (]: Using duckdb connection "model.ttc_analytics.stg_routes"
[0m15:53:39.035422 [debug] [Thread-1 (]: On model.ttc_analytics.stg_routes: /* {"app": "dbt", "dbt_version": "1.10.15", "profile_name": "ttc_analytics", "target_name": "dev", "node_id": "model.ttc_analytics.stg_routes"} */

  
    
    

    create  table
      "analytics"."main"."stg_routes__dbt_tmp"
  
    as (
      SELECT  route_id
       ,agency_id
       ,route_short_name
       ,route_long_name
       ,route_type
FROM "analytics"."main"."routes"
    );
  
  
[0m15:53:39.036294 [debug] [Thread-1 (]: DuckDB adapter: Error running SQL: /* {"app": "dbt", "dbt_version": "1.10.15", "profile_name": "ttc_analytics", "target_name": "dev", "node_id": "model.ttc_analytics.stg_routes"} */

  
    
    

    create  table
      "analytics"."main"."stg_routes__dbt_tmp"
  
    as (
      SELECT  route_id
       ,agency_id
       ,route_short_name
       ,route_long_name
       ,route_type
FROM "analytics"."main"."routes"
    );
  
  
[0m15:53:39.036580 [debug] [Thread-1 (]: DuckDB adapter: Rolling back transaction.
[0m15:53:39.036921 [debug] [Thread-1 (]: On model.ttc_analytics.stg_routes: ROLLBACK
[0m15:53:39.054769 [debug] [Thread-1 (]: Failed to rollback 'model.ttc_analytics.stg_routes'
[0m15:53:39.055094 [debug] [Thread-1 (]: On model.ttc_analytics.stg_routes: Close
[0m15:53:39.058155 [debug] [Thread-1 (]: Runtime Error in model stg_routes (models\staging\stg_routes.sql)
  Catalog Error: Table with name routes does not exist!
  Did you mean "information_schema.character_sets"?
  
  LINE 16: FROM "analytics"."main"."routes"
                ^
[0m15:53:39.059809 [debug] [Thread-1 (]: Sending event: {'category': 'dbt', 'action': 'run_model', 'label': '3b1c52d8-3ec3-430b-be3e-c6f96c60f094', 'context': [<snowplow_tracker.self_describing_json.SelfDescribingJson object at 0x0000020BE01D6200>]}
[0m15:53:39.060298 [error] [Thread-1 (]: 1 of 1 ERROR creating sql table model main.stg_routes .......................... [[31mERROR[0m in 0.06s]
[0m15:53:39.060933 [debug] [Thread-1 (]: Finished running node model.ttc_analytics.stg_routes
[0m15:53:39.061405 [debug] [Thread-7 (]: Marking all children of 'model.ttc_analytics.stg_routes' to be skipped because of status 'error'.  Reason: Runtime Error in model stg_routes (models\staging\stg_routes.sql)
  Catalog Error: Table with name routes does not exist!
  Did you mean "information_schema.character_sets"?
  
  LINE 16: FROM "analytics"."main"."routes"
                ^.
[0m15:53:39.062786 [debug] [MainThread]: Using duckdb connection "master"
[0m15:53:39.063020 [debug] [MainThread]: On master: BEGIN
[0m15:53:39.063228 [debug] [MainThread]: Opening a new connection, currently in state closed
[0m15:53:39.063696 [debug] [MainThread]: SQL status: OK in 0.000 seconds
[0m15:53:39.063927 [debug] [MainThread]: On master: COMMIT
[0m15:53:39.064140 [debug] [MainThread]: Using duckdb connection "master"
[0m15:53:39.064351 [debug] [MainThread]: On master: COMMIT
[0m15:53:39.064756 [debug] [MainThread]: SQL status: OK in 0.000 seconds
[0m15:53:39.065055 [debug] [MainThread]: On master: Close
[0m15:53:39.065401 [debug] [MainThread]: Connection 'master' was properly closed.
[0m15:53:39.065603 [debug] [MainThread]: Connection 'create_analytics_main' was properly closed.
[0m15:53:39.065790 [debug] [MainThread]: Connection 'list_analytics_main' was properly closed.
[0m15:53:39.065970 [debug] [MainThread]: Connection 'model.ttc_analytics.stg_routes' was properly closed.
[0m15:53:39.066179 [info ] [MainThread]: 
[0m15:53:39.066490 [info ] [MainThread]: Finished running 1 table model in 0 hours 0 minutes and 0.19 seconds (0.19s).
[0m15:53:39.067062 [debug] [MainThread]: Command end result
[0m15:53:39.085164 [debug] [MainThread]: Wrote artifact WritableManifest to C:\Users\Adam White\Desktop\ttc-analytics-hub\warehouse\target\manifest.json
[0m15:53:39.087329 [debug] [MainThread]: Wrote artifact SemanticManifest to C:\Users\Adam White\Desktop\ttc-analytics-hub\warehouse\target\semantic_manifest.json
[0m15:53:39.091682 [debug] [MainThread]: Wrote artifact RunExecutionResult to C:\Users\Adam White\Desktop\ttc-analytics-hub\warehouse\target\run_results.json
[0m15:53:39.091985 [info ] [MainThread]: 
[0m15:53:39.092479 [info ] [MainThread]: [31mCompleted with 1 error, 0 partial successes, and 0 warnings:[0m
[0m15:53:39.092820 [info ] [MainThread]: 
[0m15:53:39.093201 [error] [MainThread]: [31mFailure in model stg_routes (models\staging\stg_routes.sql)[0m
[0m15:53:39.093544 [error] [MainThread]:   Runtime Error in model stg_routes (models\staging\stg_routes.sql)
  Catalog Error: Table with name routes does not exist!
  Did you mean "information_schema.character_sets"?
  
  LINE 16: FROM "analytics"."main"."routes"
                ^
[0m15:53:39.093855 [info ] [MainThread]: 
[0m15:53:39.094166 [info ] [MainThread]:   compiled code at target\compiled\ttc_analytics\models\staging\stg_routes.sql
[0m15:53:39.094430 [info ] [MainThread]: 
[0m15:53:39.094715 [info ] [MainThread]: Done. PASS=0 WARN=0 ERROR=1 SKIP=0 NO-OP=0 TOTAL=1
[0m15:53:39.095438 [debug] [MainThread]: Command `dbt run` failed at 15:53:39.095354 after 1.78 seconds
[0m15:53:39.095726 [debug] [MainThread]: Sending event: {'category': 'dbt', 'action': 'invocation', 'label': 'end', 'context': [<snowplow_tracker.self_describing_json.SelfDescribingJson object at 0x0000020BE012A0D0>, <snowplow_tracker.self_describing_json.SelfDescribingJson object at 0x0000020BE05EB890>, <snowplow_tracker.self_describing_json.SelfDescribingJson object at 0x0000020BDDC35850>]}
[0m15:53:39.095997 [debug] [MainThread]: Flushing usage events
[0m15:53:39.462185 [debug] [MainThread]: An error was encountered while trying to flush usage events
[0m15:54:40.421084 [debug] [MainThread]: Sending event: {'category': 'dbt', 'action': 'invocation', 'label': 'start', 'context': [<snowplow_tracker.self_describing_json.SelfDescribingJson object at 0x00000222ACA3C6E0>, <snowplow_tracker.self_describing_json.SelfDescribingJson object at 0x00000222AD2111D0>, <snowplow_tracker.self_describing_json.SelfDescribingJson object at 0x00000222AD873ED0>]}


============================== 15:54:40.425071 | 9672cc58-dce2-4da7-b525-eee2f5f61cc1 ==============================
[0m15:54:40.425071 [info ] [MainThread]: Running with dbt=1.10.15
[0m15:54:40.425649 [debug] [MainThread]: running dbt with arguments {'static_parser': 'True', 'no_print': 'None', 'version_check': 'True', 'target_path': 'None', 'warn_error_options': 'WarnErrorOptionsV2(error=[], warn=[], silence=[])', 'printer_width': '80', 'write_json': 'True', 'empty': 'False', 'log_cache_events': 'False', 'introspect': 'True', 'cache_selected_only': 'False', 'log_format': 'default', 'debug': 'False', 'fail_fast': 'False', 'partial_parse': 'True', 'send_anonymous_usage_stats': 'True', 'quiet': 'False', 'warn_error': 'None', 'profiles_dir': 'C:\\Users\\Adam White\\.dbt', 'indirect_selection': 'eager', 'invocation_command': 'dbt run --select stg_routes', 'use_colors': 'True', 'use_experimental_parser': 'False', 'log_path': 'C:\\Users\\Adam White\\Desktop\\ttc-analytics-hub\\warehouse\\logs'}
[0m15:54:40.600385 [debug] [MainThread]: Sending event: {'category': 'dbt', 'action': 'project_id', 'label': '9672cc58-dce2-4da7-b525-eee2f5f61cc1', 'context': [<snowplow_tracker.self_describing_json.SelfDescribingJson object at 0x00000222ACBE89D0>]}
[0m15:54:40.646745 [debug] [MainThread]: Sending event: {'category': 'dbt', 'action': 'adapter_info', 'label': '9672cc58-dce2-4da7-b525-eee2f5f61cc1', 'context': [<snowplow_tracker.self_describing_json.SelfDescribingJson object at 0x00000222AE9697B0>]}
[0m15:54:40.648963 [info ] [MainThread]: Registered adapter: duckdb=1.10.0
[0m15:54:40.879820 [debug] [MainThread]: checksum: 14a228079bd6df63ba81633f9a3cf44ecfaa31056ac397c602753ec895dbf885, vars: {}, profile: , target: , version: 1.10.15
[0m15:54:40.989593 [debug] [MainThread]: Partial parsing enabled: 0 files deleted, 0 files added, 1 files changed.
[0m15:54:40.990074 [debug] [MainThread]: Partial parsing: updated file: ttc_analytics://models\staging\stg_routes.sql
[0m15:54:41.130575 [error] [MainThread]: Encountered an error:
Compilation Error
  Model 'model.ttc_analytics.stg_routes' (models\staging\stg_routes.sql) depends on a source named 'gtfs_raw.static_routes' which was not found
[0m15:54:41.131633 [debug] [MainThread]: Command `dbt run` failed at 15:54:41.131532 after 0.80 seconds
[0m15:54:41.131932 [debug] [MainThread]: Sending event: {'category': 'dbt', 'action': 'invocation', 'label': 'end', 'context': [<snowplow_tracker.self_describing_json.SelfDescribingJson object at 0x00000222AE92EF50>, <snowplow_tracker.self_describing_json.SelfDescribingJson object at 0x00000222AED85850>, <snowplow_tracker.self_describing_json.SelfDescribingJson object at 0x00000222AEF65400>]}
[0m15:54:41.132221 [debug] [MainThread]: Flushing usage events
[0m15:54:41.512482 [debug] [MainThread]: An error was encountered while trying to flush usage events
[0m15:55:18.935483 [debug] [MainThread]: Sending event: {'category': 'dbt', 'action': 'invocation', 'label': 'start', 'context': [<snowplow_tracker.self_describing_json.SelfDescribingJson object at 0x0000019FC222C6E0>, <snowplow_tracker.self_describing_json.SelfDescribingJson object at 0x0000019FC2A011D0>, <snowplow_tracker.self_describing_json.SelfDescribingJson object at 0x0000019FC3063ED0>]}


============================== 15:55:18.940447 | 0d47d45e-2479-43f6-b7b0-6e161751148b ==============================
[0m15:55:18.940447 [info ] [MainThread]: Running with dbt=1.10.15
[0m15:55:18.940996 [debug] [MainThread]: running dbt with arguments {'static_parser': 'True', 'no_print': 'None', 'version_check': 'True', 'warn_error_options': 'WarnErrorOptionsV2(error=[], warn=[], silence=[])', 'target_path': 'None', 'printer_width': '80', 'write_json': 'True', 'empty': 'False', 'log_cache_events': 'False', 'introspect': 'True', 'cache_selected_only': 'False', 'fail_fast': 'False', 'debug': 'False', 'log_format': 'default', 'profiles_dir': 'C:\\Users\\Adam White\\.dbt', 'send_anonymous_usage_stats': 'True', 'quiet': 'False', 'warn_error': 'None', 'partial_parse': 'True', 'indirect_selection': 'eager', 'invocation_command': 'dbt run --select stg_routes', 'use_colors': 'True', 'use_experimental_parser': 'False', 'log_path': 'C:\\Users\\Adam White\\Desktop\\ttc-analytics-hub\\warehouse\\logs'}
[0m15:55:19.120836 [debug] [MainThread]: Sending event: {'category': 'dbt', 'action': 'project_id', 'label': '0d47d45e-2479-43f6-b7b0-6e161751148b', 'context': [<snowplow_tracker.self_describing_json.SelfDescribingJson object at 0x0000019FC23D89D0>]}
[0m15:55:19.166746 [debug] [MainThread]: Sending event: {'category': 'dbt', 'action': 'adapter_info', 'label': '0d47d45e-2479-43f6-b7b0-6e161751148b', 'context': [<snowplow_tracker.self_describing_json.SelfDescribingJson object at 0x0000019FC41597B0>]}
[0m15:55:19.169014 [info ] [MainThread]: Registered adapter: duckdb=1.10.0
[0m15:55:19.401338 [debug] [MainThread]: checksum: 14a228079bd6df63ba81633f9a3cf44ecfaa31056ac397c602753ec895dbf885, vars: {}, profile: , target: , version: 1.10.15
[0m15:55:19.507622 [debug] [MainThread]: Partial parsing enabled: 0 files deleted, 0 files added, 1 files changed.
[0m15:55:19.508209 [debug] [MainThread]: Partial parsing: updated file: ttc_analytics://models\sources.yml
[0m15:55:19.767306 [warn ] [MainThread]: [[33mWARNING[0m]: Configuration paths exist in your dbt_project.yml file which do not apply to any resources.
There are 2 unused configuration paths:
- models.ttc_analytics.intermediate
- models.ttc_analytics.marts
[0m15:55:19.775448 [debug] [MainThread]: Sending event: {'category': 'dbt', 'action': 'load_project', 'label': '0d47d45e-2479-43f6-b7b0-6e161751148b', 'context': [<snowplow_tracker.self_describing_json.SelfDescribingJson object at 0x0000019FC4576A50>]}
[0m15:55:19.873093 [debug] [MainThread]: Wrote artifact WritableManifest to C:\Users\Adam White\Desktop\ttc-analytics-hub\warehouse\target\manifest.json
[0m15:55:19.875541 [debug] [MainThread]: Wrote artifact SemanticManifest to C:\Users\Adam White\Desktop\ttc-analytics-hub\warehouse\target\semantic_manifest.json
[0m15:55:19.895863 [debug] [MainThread]: Sending event: {'category': 'dbt', 'action': 'resource_counts', 'label': '0d47d45e-2479-43f6-b7b0-6e161751148b', 'context': [<snowplow_tracker.self_describing_json.SelfDescribingJson object at 0x0000019FC309AB70>]}
[0m15:55:19.896233 [info ] [MainThread]: Found 1 model, 5 sources, 468 macros
[0m15:55:19.896595 [debug] [MainThread]: Sending event: {'category': 'dbt', 'action': 'runnable_timing', 'label': '0d47d45e-2479-43f6-b7b0-6e161751148b', 'context': [<snowplow_tracker.self_describing_json.SelfDescribingJson object at 0x0000019FC30658D0>]}
[0m15:55:19.897853 [info ] [MainThread]: 
[0m15:55:19.898185 [info ] [MainThread]: Concurrency: 4 threads (target='dev')
[0m15:55:19.898486 [info ] [MainThread]: 
[0m15:55:19.898909 [debug] [MainThread]: Acquiring new duckdb connection 'master'
[0m15:55:19.899651 [debug] [ThreadPool]: Acquiring new duckdb connection 'list_analytics'
[0m15:55:19.971841 [debug] [ThreadPool]: Using duckdb connection "list_analytics"
[0m15:55:19.972200 [debug] [ThreadPool]: On list_analytics: /* {"app": "dbt", "dbt_version": "1.10.15", "profile_name": "ttc_analytics", "target_name": "dev", "connection_name": "list_analytics"} */

    
    select schema_name
    from system.information_schema.schemata
    
    where lower(catalog_name) = '"analytics"'
    
  
  
[0m15:55:19.972449 [debug] [ThreadPool]: Opening a new connection, currently in state init
[0m15:55:19.984440 [debug] [ThreadPool]: SQL status: OK in 0.012 seconds
[0m15:55:19.985471 [debug] [ThreadPool]: On list_analytics: Close
[0m15:55:19.986031 [debug] [ThreadPool]: Re-using an available connection from the pool (formerly list_analytics, now create_analytics_main)
[0m15:55:19.986383 [debug] [ThreadPool]: Creating schema "database: "analytics"
schema: "main"
"
[0m15:55:19.991056 [debug] [ThreadPool]: Using duckdb connection "create_analytics_main"
[0m15:55:19.991299 [debug] [ThreadPool]: On create_analytics_main: /* {"app": "dbt", "dbt_version": "1.10.15", "profile_name": "ttc_analytics", "target_name": "dev", "connection_name": "create_analytics_main"} */

    
        select type from duckdb_databases()
        where lower(database_name)='analytics'
        and type='sqlite'
    
  
[0m15:55:19.991570 [debug] [ThreadPool]: Opening a new connection, currently in state closed
[0m15:55:19.992284 [debug] [ThreadPool]: SQL status: OK in 0.001 seconds
[0m15:55:19.993171 [debug] [ThreadPool]: Using duckdb connection "create_analytics_main"
[0m15:55:19.993395 [debug] [ThreadPool]: On create_analytics_main: BEGIN
[0m15:55:19.993829 [debug] [ThreadPool]: SQL status: OK in 0.000 seconds
[0m15:55:19.994169 [debug] [ThreadPool]: Using duckdb connection "create_analytics_main"
[0m15:55:19.994414 [debug] [ThreadPool]: On create_analytics_main: /* {"app": "dbt", "dbt_version": "1.10.15", "profile_name": "ttc_analytics", "target_name": "dev", "connection_name": "create_analytics_main"} */

    
    
        create schema if not exists "analytics"."main"
    
[0m15:55:19.994827 [debug] [ThreadPool]: SQL status: OK in 0.000 seconds
[0m15:55:19.995414 [debug] [ThreadPool]: On create_analytics_main: COMMIT
[0m15:55:19.995699 [debug] [ThreadPool]: Using duckdb connection "create_analytics_main"
[0m15:55:19.995921 [debug] [ThreadPool]: On create_analytics_main: COMMIT
[0m15:55:19.996274 [debug] [ThreadPool]: SQL status: OK in 0.000 seconds
[0m15:55:19.996502 [debug] [ThreadPool]: On create_analytics_main: Close
[0m15:55:19.997410 [debug] [ThreadPool]: Acquiring new duckdb connection 'list_analytics_main'
[0m15:55:20.001477 [debug] [ThreadPool]: Using duckdb connection "list_analytics_main"
[0m15:55:20.001712 [debug] [ThreadPool]: On list_analytics_main: BEGIN
[0m15:55:20.001916 [debug] [ThreadPool]: Opening a new connection, currently in state init
[0m15:55:20.002302 [debug] [ThreadPool]: SQL status: OK in 0.000 seconds
[0m15:55:20.002522 [debug] [ThreadPool]: Using duckdb connection "list_analytics_main"
[0m15:55:20.002734 [debug] [ThreadPool]: On list_analytics_main: /* {"app": "dbt", "dbt_version": "1.10.15", "profile_name": "ttc_analytics", "target_name": "dev", "connection_name": "list_analytics_main"} */
select
      'analytics' as database,
      table_name as name,
      table_schema as schema,
      CASE table_type
        WHEN 'BASE TABLE' THEN 'table'
        WHEN 'VIEW' THEN 'view'
        WHEN 'LOCAL TEMPORARY' THEN 'table'
        END as type
    from system.information_schema.tables
    where lower(table_schema) = 'main'
    and lower(table_catalog) = 'analytics'
  
[0m15:55:20.012924 [debug] [ThreadPool]: SQL status: OK in 0.010 seconds
[0m15:55:20.013801 [debug] [ThreadPool]: On list_analytics_main: ROLLBACK
[0m15:55:20.014714 [debug] [ThreadPool]: Failed to rollback 'list_analytics_main'
[0m15:55:20.014952 [debug] [ThreadPool]: On list_analytics_main: Close
[0m15:55:20.015462 [debug] [MainThread]: Sending event: {'category': 'dbt', 'action': 'runnable_timing', 'label': '0d47d45e-2479-43f6-b7b0-6e161751148b', 'context': [<snowplow_tracker.self_describing_json.SelfDescribingJson object at 0x0000019FC4C44FC0>]}
[0m15:55:20.015882 [debug] [MainThread]: Using duckdb connection "master"
[0m15:55:20.016148 [debug] [MainThread]: On master: BEGIN
[0m15:55:20.016378 [debug] [MainThread]: Opening a new connection, currently in state init
[0m15:55:20.016781 [debug] [MainThread]: SQL status: OK in 0.000 seconds
[0m15:55:20.017008 [debug] [MainThread]: On master: COMMIT
[0m15:55:20.017216 [debug] [MainThread]: Using duckdb connection "master"
[0m15:55:20.017413 [debug] [MainThread]: On master: COMMIT
[0m15:55:20.017743 [debug] [MainThread]: SQL status: OK in 0.000 seconds
[0m15:55:20.018001 [debug] [MainThread]: On master: Close
[0m15:55:20.020939 [debug] [Thread-1 (]: Began running node model.ttc_analytics.stg_routes
[0m15:55:20.021330 [info ] [Thread-1 (]: 1 of 1 START sql table model main.stg_routes ................................... [RUN]
[0m15:55:20.021857 [debug] [Thread-1 (]: Acquiring new duckdb connection 'model.ttc_analytics.stg_routes'
[0m15:55:20.022190 [debug] [Thread-1 (]: Began compiling node model.ttc_analytics.stg_routes
[0m15:55:20.027649 [debug] [Thread-1 (]: Writing injected SQL for node "model.ttc_analytics.stg_routes"
[0m15:55:20.028368 [debug] [Thread-1 (]: Began executing node model.ttc_analytics.stg_routes
[0m15:55:20.054386 [debug] [Thread-1 (]: Writing runtime sql for node "model.ttc_analytics.stg_routes"
[0m15:55:20.055379 [debug] [Thread-1 (]: Using duckdb connection "model.ttc_analytics.stg_routes"
[0m15:55:20.055692 [debug] [Thread-1 (]: On model.ttc_analytics.stg_routes: BEGIN
[0m15:55:20.056006 [debug] [Thread-1 (]: Opening a new connection, currently in state init
[0m15:55:20.056734 [debug] [Thread-1 (]: SQL status: OK in 0.001 seconds
[0m15:55:20.057006 [debug] [Thread-1 (]: Using duckdb connection "model.ttc_analytics.stg_routes"
[0m15:55:20.057266 [debug] [Thread-1 (]: On model.ttc_analytics.stg_routes: /* {"app": "dbt", "dbt_version": "1.10.15", "profile_name": "ttc_analytics", "target_name": "dev", "node_id": "model.ttc_analytics.stg_routes"} */

  
    
    

    create  table
      "analytics"."main"."stg_routes__dbt_tmp"
  
    as (
      SELECT  route_id
       ,agency_id
       ,route_short_name
       ,route_long_name
       ,route_type
FROM "analytics"."main"."routes"
    );
  
  
[0m15:55:20.058044 [debug] [Thread-1 (]: DuckDB adapter: Error running SQL: /* {"app": "dbt", "dbt_version": "1.10.15", "profile_name": "ttc_analytics", "target_name": "dev", "node_id": "model.ttc_analytics.stg_routes"} */

  
    
    

    create  table
      "analytics"."main"."stg_routes__dbt_tmp"
  
    as (
      SELECT  route_id
       ,agency_id
       ,route_short_name
       ,route_long_name
       ,route_type
FROM "analytics"."main"."routes"
    );
  
  
[0m15:55:20.058321 [debug] [Thread-1 (]: DuckDB adapter: Rolling back transaction.
[0m15:55:20.058665 [debug] [Thread-1 (]: On model.ttc_analytics.stg_routes: ROLLBACK
[0m15:55:20.064092 [debug] [Thread-1 (]: Failed to rollback 'model.ttc_analytics.stg_routes'
[0m15:55:20.064376 [debug] [Thread-1 (]: On model.ttc_analytics.stg_routes: Close
[0m15:55:20.067424 [debug] [Thread-1 (]: Runtime Error in model stg_routes (models\staging\stg_routes.sql)
  Catalog Error: Table with name routes does not exist!
  Did you mean "information_schema.character_sets"?
  
  LINE 16: FROM "analytics"."main"."routes"
                ^
[0m15:55:20.069023 [debug] [Thread-1 (]: Sending event: {'category': 'dbt', 'action': 'run_model', 'label': '0d47d45e-2479-43f6-b7b0-6e161751148b', 'context': [<snowplow_tracker.self_describing_json.SelfDescribingJson object at 0x0000019FC472BA10>]}
[0m15:55:20.069520 [error] [Thread-1 (]: 1 of 1 ERROR creating sql table model main.stg_routes .......................... [[31mERROR[0m in 0.05s]
[0m15:55:20.070083 [debug] [Thread-1 (]: Finished running node model.ttc_analytics.stg_routes
[0m15:55:20.070505 [debug] [Thread-7 (]: Marking all children of 'model.ttc_analytics.stg_routes' to be skipped because of status 'error'.  Reason: Runtime Error in model stg_routes (models\staging\stg_routes.sql)
  Catalog Error: Table with name routes does not exist!
  Did you mean "information_schema.character_sets"?
  
  LINE 16: FROM "analytics"."main"."routes"
                ^.
[0m15:55:20.071888 [debug] [MainThread]: Using duckdb connection "master"
[0m15:55:20.072121 [debug] [MainThread]: On master: BEGIN
[0m15:55:20.072327 [debug] [MainThread]: Opening a new connection, currently in state closed
[0m15:55:20.072757 [debug] [MainThread]: SQL status: OK in 0.000 seconds
[0m15:55:20.072983 [debug] [MainThread]: On master: COMMIT
[0m15:55:20.073192 [debug] [MainThread]: Using duckdb connection "master"
[0m15:55:20.073400 [debug] [MainThread]: On master: COMMIT
[0m15:55:20.073738 [debug] [MainThread]: SQL status: OK in 0.000 seconds
[0m15:55:20.073961 [debug] [MainThread]: On master: Close
[0m15:55:20.074222 [debug] [MainThread]: Connection 'master' was properly closed.
[0m15:55:20.074418 [debug] [MainThread]: Connection 'create_analytics_main' was properly closed.
[0m15:55:20.074600 [debug] [MainThread]: Connection 'list_analytics_main' was properly closed.
[0m15:55:20.074777 [debug] [MainThread]: Connection 'model.ttc_analytics.stg_routes' was properly closed.
[0m15:55:20.074987 [info ] [MainThread]: 
[0m15:55:20.075334 [info ] [MainThread]: Finished running 1 table model in 0 hours 0 minutes and 0.18 seconds (0.18s).
[0m15:55:20.076032 [debug] [MainThread]: Command end result
[0m15:55:20.091260 [debug] [MainThread]: Wrote artifact WritableManifest to C:\Users\Adam White\Desktop\ttc-analytics-hub\warehouse\target\manifest.json
[0m15:55:20.093395 [debug] [MainThread]: Wrote artifact SemanticManifest to C:\Users\Adam White\Desktop\ttc-analytics-hub\warehouse\target\semantic_manifest.json
[0m15:55:20.097883 [debug] [MainThread]: Wrote artifact RunExecutionResult to C:\Users\Adam White\Desktop\ttc-analytics-hub\warehouse\target\run_results.json
[0m15:55:20.098132 [info ] [MainThread]: 
[0m15:55:20.098508 [info ] [MainThread]: [31mCompleted with 1 error, 0 partial successes, and 0 warnings:[0m
[0m15:55:20.098883 [info ] [MainThread]: 
[0m15:55:20.099285 [error] [MainThread]: [31mFailure in model stg_routes (models\staging\stg_routes.sql)[0m
[0m15:55:20.099621 [error] [MainThread]:   Runtime Error in model stg_routes (models\staging\stg_routes.sql)
  Catalog Error: Table with name routes does not exist!
  Did you mean "information_schema.character_sets"?
  
  LINE 16: FROM "analytics"."main"."routes"
                ^
[0m15:55:20.099928 [info ] [MainThread]: 
[0m15:55:20.100232 [info ] [MainThread]:   compiled code at target\compiled\ttc_analytics\models\staging\stg_routes.sql
[0m15:55:20.100494 [info ] [MainThread]: 
[0m15:55:20.100777 [info ] [MainThread]: Done. PASS=0 WARN=0 ERROR=1 SKIP=0 NO-OP=0 TOTAL=1
[0m15:55:20.101517 [debug] [MainThread]: Command `dbt run` failed at 15:55:20.101430 after 1.26 seconds
[0m15:55:20.101811 [debug] [MainThread]: Sending event: {'category': 'dbt', 'action': 'invocation', 'label': 'end', 'context': [<snowplow_tracker.self_describing_json.SelfDescribingJson object at 0x0000019FC495DF40>, <snowplow_tracker.self_describing_json.SelfDescribingJson object at 0x0000019FC303BCF0>, <snowplow_tracker.self_describing_json.SelfDescribingJson object at 0x0000019FC303B890>]}
[0m15:55:20.102082 [debug] [MainThread]: Flushing usage events
[0m15:55:20.605754 [debug] [MainThread]: An error was encountered while trying to flush usage events
[0m15:55:56.058716 [debug] [MainThread]: Sending event: {'category': 'dbt', 'action': 'invocation', 'label': 'start', 'context': [<snowplow_tracker.self_describing_json.SelfDescribingJson object at 0x000001EF7622C6E0>, <snowplow_tracker.self_describing_json.SelfDescribingJson object at 0x000001EF76A011D0>, <snowplow_tracker.self_describing_json.SelfDescribingJson object at 0x000001EF77063ED0>]}


============================== 15:55:56.062622 | 927dfbcd-6089-441a-b35b-b908bbcad1ff ==============================
[0m15:55:56.062622 [info ] [MainThread]: Running with dbt=1.10.15
[0m15:55:56.063183 [debug] [MainThread]: running dbt with arguments {'version_check': 'True', 'no_print': 'None', 'static_parser': 'True', 'target_path': 'None', 'warn_error_options': 'WarnErrorOptionsV2(error=[], warn=[], silence=[])', 'printer_width': '80', 'write_json': 'True', 'empty': 'False', 'log_cache_events': 'False', 'introspect': 'True', 'cache_selected_only': 'False', 'log_format': 'default', 'debug': 'False', 'fail_fast': 'False', 'partial_parse': 'True', 'send_anonymous_usage_stats': 'True', 'quiet': 'False', 'warn_error': 'None', 'profiles_dir': 'C:\\Users\\Adam White\\.dbt', 'indirect_selection': 'eager', 'invocation_command': 'dbt run --select stg_routes', 'use_colors': 'True', 'use_experimental_parser': 'False', 'log_path': 'C:\\Users\\Adam White\\Desktop\\ttc-analytics-hub\\warehouse\\logs'}
[0m15:55:56.234737 [debug] [MainThread]: Sending event: {'category': 'dbt', 'action': 'project_id', 'label': '927dfbcd-6089-441a-b35b-b908bbcad1ff', 'context': [<snowplow_tracker.self_describing_json.SelfDescribingJson object at 0x000001EF763D89D0>]}
[0m15:55:56.280875 [debug] [MainThread]: Sending event: {'category': 'dbt', 'action': 'adapter_info', 'label': '927dfbcd-6089-441a-b35b-b908bbcad1ff', 'context': [<snowplow_tracker.self_describing_json.SelfDescribingJson object at 0x000001EF771897B0>]}
[0m15:55:56.283148 [info ] [MainThread]: Registered adapter: duckdb=1.10.0
[0m15:55:56.513685 [debug] [MainThread]: checksum: 14a228079bd6df63ba81633f9a3cf44ecfaa31056ac397c602753ec895dbf885, vars: {}, profile: , target: , version: 1.10.15
[0m15:55:56.627897 [debug] [MainThread]: Partial parsing enabled: 0 files deleted, 0 files added, 1 files changed.
[0m15:55:56.628497 [debug] [MainThread]: Partial parsing: updated file: ttc_analytics://models\sources.yml
[0m15:55:56.889334 [warn ] [MainThread]: [[33mWARNING[0m]: Configuration paths exist in your dbt_project.yml file which do not apply to any resources.
There are 2 unused configuration paths:
- models.ttc_analytics.marts
- models.ttc_analytics.intermediate
[0m15:55:56.898117 [debug] [MainThread]: Sending event: {'category': 'dbt', 'action': 'load_project', 'label': '927dfbcd-6089-441a-b35b-b908bbcad1ff', 'context': [<snowplow_tracker.self_describing_json.SelfDescribingJson object at 0x000001EF785E2A50>]}
[0m15:55:56.987604 [debug] [MainThread]: Wrote artifact WritableManifest to C:\Users\Adam White\Desktop\ttc-analytics-hub\warehouse\target\manifest.json
[0m15:55:56.989568 [debug] [MainThread]: Wrote artifact SemanticManifest to C:\Users\Adam White\Desktop\ttc-analytics-hub\warehouse\target\semantic_manifest.json
[0m15:55:57.009038 [debug] [MainThread]: Sending event: {'category': 'dbt', 'action': 'resource_counts', 'label': '927dfbcd-6089-441a-b35b-b908bbcad1ff', 'context': [<snowplow_tracker.self_describing_json.SelfDescribingJson object at 0x000001EF76EEFC50>]}
[0m15:55:57.009396 [info ] [MainThread]: Found 1 model, 5 sources, 468 macros
[0m15:55:57.009754 [debug] [MainThread]: Sending event: {'category': 'dbt', 'action': 'runnable_timing', 'label': '927dfbcd-6089-441a-b35b-b908bbcad1ff', 'context': [<snowplow_tracker.self_describing_json.SelfDescribingJson object at 0x000001EF770658D0>]}
[0m15:55:57.010900 [info ] [MainThread]: 
[0m15:55:57.011260 [info ] [MainThread]: Concurrency: 4 threads (target='dev')
[0m15:55:57.011609 [info ] [MainThread]: 
[0m15:55:57.012081 [debug] [MainThread]: Acquiring new duckdb connection 'master'
[0m15:55:57.012805 [debug] [ThreadPool]: Acquiring new duckdb connection 'list_analytics'
[0m15:55:57.084511 [debug] [ThreadPool]: Using duckdb connection "list_analytics"
[0m15:55:57.084851 [debug] [ThreadPool]: On list_analytics: /* {"app": "dbt", "dbt_version": "1.10.15", "profile_name": "ttc_analytics", "target_name": "dev", "connection_name": "list_analytics"} */

    
    select schema_name
    from system.information_schema.schemata
    
    where lower(catalog_name) = '"analytics"'
    
  
  
[0m15:55:57.085078 [debug] [ThreadPool]: Opening a new connection, currently in state init
[0m15:55:57.096624 [debug] [ThreadPool]: SQL status: OK in 0.012 seconds
[0m15:55:57.097524 [debug] [ThreadPool]: On list_analytics: Close
[0m15:55:57.098063 [debug] [ThreadPool]: Re-using an available connection from the pool (formerly list_analytics, now create_analytics_main)
[0m15:55:57.098433 [debug] [ThreadPool]: Creating schema "database: "analytics"
schema: "main"
"
[0m15:55:57.103112 [debug] [ThreadPool]: Using duckdb connection "create_analytics_main"
[0m15:55:57.103368 [debug] [ThreadPool]: On create_analytics_main: /* {"app": "dbt", "dbt_version": "1.10.15", "profile_name": "ttc_analytics", "target_name": "dev", "connection_name": "create_analytics_main"} */

    
        select type from duckdb_databases()
        where lower(database_name)='analytics'
        and type='sqlite'
    
  
[0m15:55:57.103583 [debug] [ThreadPool]: Opening a new connection, currently in state closed
[0m15:55:57.104290 [debug] [ThreadPool]: SQL status: OK in 0.001 seconds
[0m15:55:57.105161 [debug] [ThreadPool]: Using duckdb connection "create_analytics_main"
[0m15:55:57.105382 [debug] [ThreadPool]: On create_analytics_main: BEGIN
[0m15:55:57.105748 [debug] [ThreadPool]: SQL status: OK in 0.000 seconds
[0m15:55:57.105964 [debug] [ThreadPool]: Using duckdb connection "create_analytics_main"
[0m15:55:57.106168 [debug] [ThreadPool]: On create_analytics_main: /* {"app": "dbt", "dbt_version": "1.10.15", "profile_name": "ttc_analytics", "target_name": "dev", "connection_name": "create_analytics_main"} */

    
    
        create schema if not exists "analytics"."main"
    
[0m15:55:57.106602 [debug] [ThreadPool]: SQL status: OK in 0.000 seconds
[0m15:55:57.107159 [debug] [ThreadPool]: On create_analytics_main: COMMIT
[0m15:55:57.107383 [debug] [ThreadPool]: Using duckdb connection "create_analytics_main"
[0m15:55:57.107591 [debug] [ThreadPool]: On create_analytics_main: COMMIT
[0m15:55:57.107937 [debug] [ThreadPool]: SQL status: OK in 0.000 seconds
[0m15:55:57.108162 [debug] [ThreadPool]: On create_analytics_main: Close
[0m15:55:57.109130 [debug] [ThreadPool]: Acquiring new duckdb connection 'list_analytics_main'
[0m15:55:57.113018 [debug] [ThreadPool]: Using duckdb connection "list_analytics_main"
[0m15:55:57.113259 [debug] [ThreadPool]: On list_analytics_main: BEGIN
[0m15:55:57.113461 [debug] [ThreadPool]: Opening a new connection, currently in state init
[0m15:55:57.113855 [debug] [ThreadPool]: SQL status: OK in 0.000 seconds
[0m15:55:57.114089 [debug] [ThreadPool]: Using duckdb connection "list_analytics_main"
[0m15:55:57.114315 [debug] [ThreadPool]: On list_analytics_main: /* {"app": "dbt", "dbt_version": "1.10.15", "profile_name": "ttc_analytics", "target_name": "dev", "connection_name": "list_analytics_main"} */
select
      'analytics' as database,
      table_name as name,
      table_schema as schema,
      CASE table_type
        WHEN 'BASE TABLE' THEN 'table'
        WHEN 'VIEW' THEN 'view'
        WHEN 'LOCAL TEMPORARY' THEN 'table'
        END as type
    from system.information_schema.tables
    where lower(table_schema) = 'main'
    and lower(table_catalog) = 'analytics'
  
[0m15:55:57.124090 [debug] [ThreadPool]: SQL status: OK in 0.010 seconds
[0m15:55:57.124847 [debug] [ThreadPool]: On list_analytics_main: ROLLBACK
[0m15:55:57.125717 [debug] [ThreadPool]: Failed to rollback 'list_analytics_main'
[0m15:55:57.125954 [debug] [ThreadPool]: On list_analytics_main: Close
[0m15:55:57.126409 [debug] [MainThread]: Sending event: {'category': 'dbt', 'action': 'runnable_timing', 'label': '927dfbcd-6089-441a-b35b-b908bbcad1ff', 'context': [<snowplow_tracker.self_describing_json.SelfDescribingJson object at 0x000001EF78CB4FC0>]}
[0m15:55:57.126803 [debug] [MainThread]: Using duckdb connection "master"
[0m15:55:57.127064 [debug] [MainThread]: On master: BEGIN
[0m15:55:57.127301 [debug] [MainThread]: Opening a new connection, currently in state init
[0m15:55:57.127679 [debug] [MainThread]: SQL status: OK in 0.000 seconds
[0m15:55:57.127898 [debug] [MainThread]: On master: COMMIT
[0m15:55:57.128112 [debug] [MainThread]: Using duckdb connection "master"
[0m15:55:57.128310 [debug] [MainThread]: On master: COMMIT
[0m15:55:57.128639 [debug] [MainThread]: SQL status: OK in 0.000 seconds
[0m15:55:57.128855 [debug] [MainThread]: On master: Close
[0m15:55:57.131790 [debug] [Thread-1 (]: Began running node model.ttc_analytics.stg_routes
[0m15:55:57.132153 [info ] [Thread-1 (]: 1 of 1 START sql table model main.stg_routes ................................... [RUN]
[0m15:55:57.132671 [debug] [Thread-1 (]: Acquiring new duckdb connection 'model.ttc_analytics.stg_routes'
[0m15:55:57.132999 [debug] [Thread-1 (]: Began compiling node model.ttc_analytics.stg_routes
[0m15:55:57.138416 [debug] [Thread-1 (]: Writing injected SQL for node "model.ttc_analytics.stg_routes"
[0m15:55:57.139143 [debug] [Thread-1 (]: Began executing node model.ttc_analytics.stg_routes
[0m15:55:57.164963 [debug] [Thread-1 (]: Writing runtime sql for node "model.ttc_analytics.stg_routes"
[0m15:55:57.165892 [debug] [Thread-1 (]: Using duckdb connection "model.ttc_analytics.stg_routes"
[0m15:55:57.166205 [debug] [Thread-1 (]: On model.ttc_analytics.stg_routes: BEGIN
[0m15:55:57.166457 [debug] [Thread-1 (]: Opening a new connection, currently in state init
[0m15:55:57.167144 [debug] [Thread-1 (]: SQL status: OK in 0.001 seconds
[0m15:55:57.167409 [debug] [Thread-1 (]: Using duckdb connection "model.ttc_analytics.stg_routes"
[0m15:55:57.167664 [debug] [Thread-1 (]: On model.ttc_analytics.stg_routes: /* {"app": "dbt", "dbt_version": "1.10.15", "profile_name": "ttc_analytics", "target_name": "dev", "node_id": "model.ttc_analytics.stg_routes"} */

  
    
    

    create  table
      "analytics"."main"."stg_routes__dbt_tmp"
  
    as (
      SELECT  route_id
       ,agency_id
       ,route_short_name
       ,route_long_name
       ,route_type
FROM "analytics"."main"."routes"
    );
  
  
[0m15:55:57.168432 [debug] [Thread-1 (]: DuckDB adapter: Error running SQL: /* {"app": "dbt", "dbt_version": "1.10.15", "profile_name": "ttc_analytics", "target_name": "dev", "node_id": "model.ttc_analytics.stg_routes"} */

  
    
    

    create  table
      "analytics"."main"."stg_routes__dbt_tmp"
  
    as (
      SELECT  route_id
       ,agency_id
       ,route_short_name
       ,route_long_name
       ,route_type
FROM "analytics"."main"."routes"
    );
  
  
[0m15:55:57.168710 [debug] [Thread-1 (]: DuckDB adapter: Rolling back transaction.
[0m15:55:57.169040 [debug] [Thread-1 (]: On model.ttc_analytics.stg_routes: ROLLBACK
[0m15:55:57.174245 [debug] [Thread-1 (]: Failed to rollback 'model.ttc_analytics.stg_routes'
[0m15:55:57.174525 [debug] [Thread-1 (]: On model.ttc_analytics.stg_routes: Close
[0m15:55:57.177506 [debug] [Thread-1 (]: Runtime Error in model stg_routes (models\staging\stg_routes.sql)
  Catalog Error: Table with name routes does not exist!
  Did you mean "information_schema.character_sets"?
  
  LINE 16: FROM "analytics"."main"."routes"
                ^
[0m15:55:57.179082 [debug] [Thread-1 (]: Sending event: {'category': 'dbt', 'action': 'run_model', 'label': '927dfbcd-6089-441a-b35b-b908bbcad1ff', 'context': [<snowplow_tracker.self_describing_json.SelfDescribingJson object at 0x000001EF7879BA10>]}
[0m15:55:57.179565 [error] [Thread-1 (]: 1 of 1 ERROR creating sql table model main.stg_routes .......................... [[31mERROR[0m in 0.05s]
[0m15:55:57.180117 [debug] [Thread-1 (]: Finished running node model.ttc_analytics.stg_routes
[0m15:55:57.180554 [debug] [Thread-7 (]: Marking all children of 'model.ttc_analytics.stg_routes' to be skipped because of status 'error'.  Reason: Runtime Error in model stg_routes (models\staging\stg_routes.sql)
  Catalog Error: Table with name routes does not exist!
  Did you mean "information_schema.character_sets"?
  
  LINE 16: FROM "analytics"."main"."routes"
                ^.
[0m15:55:57.181976 [debug] [MainThread]: Using duckdb connection "master"
[0m15:55:57.182263 [debug] [MainThread]: On master: BEGIN
[0m15:55:57.182471 [debug] [MainThread]: Opening a new connection, currently in state closed
[0m15:55:57.182899 [debug] [MainThread]: SQL status: OK in 0.000 seconds
[0m15:55:57.183123 [debug] [MainThread]: On master: COMMIT
[0m15:55:57.183331 [debug] [MainThread]: Using duckdb connection "master"
[0m15:55:57.183538 [debug] [MainThread]: On master: COMMIT
[0m15:55:57.183870 [debug] [MainThread]: SQL status: OK in 0.000 seconds
[0m15:55:57.184090 [debug] [MainThread]: On master: Close
[0m15:55:57.184350 [debug] [MainThread]: Connection 'master' was properly closed.
[0m15:55:57.184545 [debug] [MainThread]: Connection 'create_analytics_main' was properly closed.
[0m15:55:57.184725 [debug] [MainThread]: Connection 'list_analytics_main' was properly closed.
[0m15:55:57.184897 [debug] [MainThread]: Connection 'model.ttc_analytics.stg_routes' was properly closed.
[0m15:55:57.185102 [info ] [MainThread]: 
[0m15:55:57.185438 [info ] [MainThread]: Finished running 1 table model in 0 hours 0 minutes and 0.17 seconds (0.17s).
[0m15:55:57.186120 [debug] [MainThread]: Command end result
[0m15:55:57.201510 [debug] [MainThread]: Wrote artifact WritableManifest to C:\Users\Adam White\Desktop\ttc-analytics-hub\warehouse\target\manifest.json
[0m15:55:57.203571 [debug] [MainThread]: Wrote artifact SemanticManifest to C:\Users\Adam White\Desktop\ttc-analytics-hub\warehouse\target\semantic_manifest.json
[0m15:55:57.208079 [debug] [MainThread]: Wrote artifact RunExecutionResult to C:\Users\Adam White\Desktop\ttc-analytics-hub\warehouse\target\run_results.json
[0m15:55:57.208337 [info ] [MainThread]: 
[0m15:55:57.208718 [info ] [MainThread]: [31mCompleted with 1 error, 0 partial successes, and 0 warnings:[0m
[0m15:55:57.209039 [info ] [MainThread]: 
[0m15:55:57.209385 [error] [MainThread]: [31mFailure in model stg_routes (models\staging\stg_routes.sql)[0m
[0m15:55:57.209755 [error] [MainThread]:   Runtime Error in model stg_routes (models\staging\stg_routes.sql)
  Catalog Error: Table with name routes does not exist!
  Did you mean "information_schema.character_sets"?
  
  LINE 16: FROM "analytics"."main"."routes"
                ^
[0m15:55:57.210057 [info ] [MainThread]: 
[0m15:55:57.210359 [info ] [MainThread]:   compiled code at target\compiled\ttc_analytics\models\staging\stg_routes.sql
[0m15:55:57.210620 [info ] [MainThread]: 
[0m15:55:57.210901 [info ] [MainThread]: Done. PASS=0 WARN=0 ERROR=1 SKIP=0 NO-OP=0 TOTAL=1
[0m15:55:57.211596 [debug] [MainThread]: Command `dbt run` failed at 15:55:57.211512 after 1.24 seconds
[0m15:55:57.211881 [debug] [MainThread]: Sending event: {'category': 'dbt', 'action': 'invocation', 'label': 'end', 'context': [<snowplow_tracker.self_describing_json.SelfDescribingJson object at 0x000001EF78919F40>, <snowplow_tracker.self_describing_json.SelfDescribingJson object at 0x000001EF7703BCF0>, <snowplow_tracker.self_describing_json.SelfDescribingJson object at 0x000001EF7703B890>]}
[0m15:55:57.212148 [debug] [MainThread]: Flushing usage events
[0m15:55:57.620447 [debug] [MainThread]: An error was encountered while trying to flush usage events
[0m15:56:48.848767 [debug] [MainThread]: Sending event: {'category': 'dbt', 'action': 'invocation', 'label': 'start', 'context': [<snowplow_tracker.self_describing_json.SelfDescribingJson object at 0x000001B517B0C6E0>, <snowplow_tracker.self_describing_json.SelfDescribingJson object at 0x000001B5182E11D0>, <snowplow_tracker.self_describing_json.SelfDescribingJson object at 0x000001B518943ED0>]}


============================== 15:56:48.852637 | e9873ed7-b343-456a-8798-7945f00bb7fc ==============================
[0m15:56:48.852637 [info ] [MainThread]: Running with dbt=1.10.15
[0m15:56:48.853199 [debug] [MainThread]: running dbt with arguments {'static_parser': 'True', 'no_print': 'None', 'version_check': 'True', 'target_path': 'None', 'warn_error_options': 'WarnErrorOptionsV2(error=[], warn=[], silence=[])', 'printer_width': '80', 'write_json': 'True', 'introspect': 'True', 'log_cache_events': 'False', 'empty': 'None', 'cache_selected_only': 'False', 'fail_fast': 'False', 'debug': 'False', 'log_format': 'default', 'partial_parse': 'True', 'send_anonymous_usage_stats': 'True', 'quiet': 'False', 'warn_error': 'None', 'profiles_dir': 'C:\\Users\\Adam White\\.dbt', 'invocation_command': 'dbt debug', 'indirect_selection': 'eager', 'use_colors': 'True', 'use_experimental_parser': 'False', 'log_path': 'C:\\Users\\Adam White\\Desktop\\ttc-analytics-hub\\warehouse\\logs'}
[0m15:56:48.869222 [info ] [MainThread]: dbt version: 1.10.15
[0m15:56:48.869576 [info ] [MainThread]: python version: 3.13.9
[0m15:56:48.869848 [info ] [MainThread]: python path: C:\Users\Adam White\Desktop\ttc-analytics-hub\warehouse\venv2\Scripts\python.exe
[0m15:56:48.870109 [info ] [MainThread]: os info: Windows-11-10.0.26100-SP0
[0m15:56:48.956078 [info ] [MainThread]: Using profiles dir at C:\Users\Adam White\.dbt
[0m15:56:48.956576 [info ] [MainThread]: Using profiles.yml file at C:\Users\Adam White\.dbt\profiles.yml
[0m15:56:48.956945 [info ] [MainThread]: Using dbt_project.yml file at C:\Users\Adam White\Desktop\ttc-analytics-hub\warehouse\dbt_project.yml
[0m15:56:48.959007 [info ] [MainThread]: adapter type: duckdb
[0m15:56:48.959321 [info ] [MainThread]: adapter version: 1.10.0
[0m15:56:49.035073 [info ] [MainThread]: Configuration:
[0m15:56:49.035573 [info ] [MainThread]:   profiles.yml file [[32mOK found and valid[0m]
[0m15:56:49.036038 [info ] [MainThread]:   dbt_project.yml file [[32mOK found and valid[0m]
[0m15:56:49.036362 [info ] [MainThread]: Required dependencies:
[0m15:56:49.036673 [debug] [MainThread]: Executing "git --help"
[0m15:56:49.063401 [debug] [MainThread]: STDOUT: "b"usage: git [-v | --version] [-h | --help] [-C <path>] [-c <name>=<value>]\n           [--exec-path[=<path>]] [--html-path] [--man-path] [--info-path]\n           [-p | --paginate | -P | --no-pager] [--no-replace-objects] [--no-lazy-fetch]\n           [--no-optional-locks] [--no-advice] [--bare] [--git-dir=<path>]\n           [--work-tree=<path>] [--namespace=<name>] [--config-env=<name>=<envvar>]\n           <command> [<args>]\n\nThese are common Git commands used in various situations:\n\nstart a working area (see also: git help tutorial)\n   clone      Clone a repository into a new directory\n   init       Create an empty Git repository or reinitialize an existing one\n\nwork on the current change (see also: git help everyday)\n   add        Add file contents to the index\n   mv         Move or rename a file, a directory, or a symlink\n   restore    Restore working tree files\n   rm         Remove files from the working tree and from the index\n\nexamine the history and state (see also: git help revisions)\n   bisect     Use binary search to find the commit that introduced a bug\n   diff       Show changes between commits, commit and working tree, etc\n   grep       Print lines matching a pattern\n   log        Show commit logs\n   show       Show various types of objects\n   status     Show the working tree status\n\ngrow, mark and tweak your common history\n   backfill   Download missing objects in a partial clone\n   branch     List, create, or delete branches\n   commit     Record changes to the repository\n   merge      Join two or more development histories together\n   rebase     Reapply commits on top of another base tip\n   reset      Reset current HEAD to the specified state\n   switch     Switch branches\n   tag        Create, list, delete or verify tags\n\ncollaborate (see also: git help workflows)\n   fetch      Download objects and refs from another repository\n   pull       Fetch from and integrate with another repository or a local branch\n   push       Update remote refs along with associated objects\n\n'git help -a' and 'git help -g' list available subcommands and some\nconcept guides. See 'git help <command>' or 'git help <concept>'\nto read about a specific subcommand or concept.\nSee 'git help git' for an overview of the system.\n""
[0m15:56:49.063801 [debug] [MainThread]: STDERR: "b''"
[0m15:56:49.064105 [info ] [MainThread]:  - git [[32mOK found[0m]

[0m15:56:49.064462 [info ] [MainThread]: Connection:
[0m15:56:49.064855 [info ] [MainThread]:   database: analytics
[0m15:56:49.065214 [info ] [MainThread]:   schema: main
[0m15:56:49.065519 [info ] [MainThread]:   path: analytics.duckdb
[0m15:56:49.065806 [info ] [MainThread]:   config_options: None
[0m15:56:49.066077 [info ] [MainThread]:   extensions: None
[0m15:56:49.066337 [info ] [MainThread]:   settings: {}
[0m15:56:49.066590 [info ] [MainThread]:   external_root: .
[0m15:56:49.066837 [info ] [MainThread]:   use_credential_provider: None
[0m15:56:49.067086 [info ] [MainThread]:   attach: None
[0m15:56:49.067330 [info ] [MainThread]:   filesystems: None
[0m15:56:49.067577 [info ] [MainThread]:   remote: None
[0m15:56:49.067821 [info ] [MainThread]:   plugins: None
[0m15:56:49.068066 [info ] [MainThread]:   disable_transactions: False
[0m15:56:49.068605 [info ] [MainThread]: Registered adapter: duckdb=1.10.0
[0m15:56:49.297074 [debug] [MainThread]: Acquiring new duckdb connection 'debug'
[0m15:56:49.360490 [debug] [MainThread]: Using duckdb connection "debug"
[0m15:56:49.360833 [debug] [MainThread]: On debug: select 1 as id
[0m15:56:49.361067 [debug] [MainThread]: Opening a new connection, currently in state init
[0m15:56:49.373264 [debug] [MainThread]: SQL status: OK in 0.012 seconds
[0m15:56:49.374118 [debug] [MainThread]: On debug: Close
[0m15:56:49.374442 [info ] [MainThread]:   Connection test: [[32mOK connection ok[0m]

[0m15:56:49.374847 [info ] [MainThread]: [32mAll checks passed![0m
[0m15:56:49.375684 [debug] [MainThread]: Command `dbt debug` succeeded at 15:56:49.375592 after 0.62 seconds
[0m15:56:49.375930 [debug] [MainThread]: Connection 'debug' was properly closed.
[0m15:56:49.376180 [debug] [MainThread]: Sending event: {'category': 'dbt', 'action': 'invocation', 'label': 'end', 'context': [<snowplow_tracker.self_describing_json.SelfDescribingJson object at 0x000001B519F8C640>, <snowplow_tracker.self_describing_json.SelfDescribingJson object at 0x000001B519D15250>, <snowplow_tracker.self_describing_json.SelfDescribingJson object at 0x000001B519A4BAC0>]}
[0m15:56:49.376475 [debug] [MainThread]: Flushing usage events
[0m15:56:49.720956 [debug] [MainThread]: An error was encountered while trying to flush usage events
[0m15:56:58.326782 [debug] [MainThread]: Sending event: {'category': 'dbt', 'action': 'invocation', 'label': 'start', 'context': [<snowplow_tracker.self_describing_json.SelfDescribingJson object at 0x000001F76BD5C6E0>, <snowplow_tracker.self_describing_json.SelfDescribingJson object at 0x000001F76C5311D0>, <snowplow_tracker.self_describing_json.SelfDescribingJson object at 0x000001F76CB93ED0>]}


============================== 15:56:58.330622 | 5cd16d66-5b52-4ab7-a6b0-180228c0ab62 ==============================
[0m15:56:58.330622 [info ] [MainThread]: Running with dbt=1.10.15
[0m15:56:58.331170 [debug] [MainThread]: running dbt with arguments {'static_parser': 'True', 'no_print': 'None', 'version_check': 'True', 'warn_error_options': 'WarnErrorOptionsV2(error=[], warn=[], silence=[])', 'target_path': 'None', 'printer_width': '80', 'write_json': 'True', 'introspect': 'True', 'log_cache_events': 'False', 'empty': 'False', 'cache_selected_only': 'False', 'log_format': 'default', 'debug': 'False', 'fail_fast': 'False', 'profiles_dir': 'C:\\Users\\Adam White\\.dbt', 'send_anonymous_usage_stats': 'True', 'quiet': 'False', 'warn_error': 'None', 'partial_parse': 'True', 'indirect_selection': 'eager', 'invocation_command': 'dbt run --select stg_routes', 'use_colors': 'True', 'use_experimental_parser': 'False', 'log_path': 'C:\\Users\\Adam White\\Desktop\\ttc-analytics-hub\\warehouse\\logs'}
[0m15:56:58.504250 [debug] [MainThread]: Sending event: {'category': 'dbt', 'action': 'project_id', 'label': '5cd16d66-5b52-4ab7-a6b0-180228c0ab62', 'context': [<snowplow_tracker.self_describing_json.SelfDescribingJson object at 0x000001F76BF049D0>]}
[0m15:56:58.550037 [debug] [MainThread]: Sending event: {'category': 'dbt', 'action': 'adapter_info', 'label': '5cd16d66-5b52-4ab7-a6b0-180228c0ab62', 'context': [<snowplow_tracker.self_describing_json.SelfDescribingJson object at 0x000001F76DC897B0>]}
[0m15:56:58.552505 [info ] [MainThread]: Registered adapter: duckdb=1.10.0
[0m15:56:58.783250 [debug] [MainThread]: checksum: 14a228079bd6df63ba81633f9a3cf44ecfaa31056ac397c602753ec895dbf885, vars: {}, profile: , target: , version: 1.10.15
[0m15:56:58.891243 [debug] [MainThread]: Partial parsing enabled: 0 files deleted, 0 files added, 1 files changed.
[0m15:56:58.891836 [debug] [MainThread]: Partial parsing: updated file: ttc_analytics://models\sources.yml
[0m15:56:59.152261 [warn ] [MainThread]: [[33mWARNING[0m]: Configuration paths exist in your dbt_project.yml file which do not apply to any resources.
There are 2 unused configuration paths:
- models.ttc_analytics.intermediate
- models.ttc_analytics.marts
[0m15:56:59.160687 [debug] [MainThread]: Sending event: {'category': 'dbt', 'action': 'load_project', 'label': '5cd16d66-5b52-4ab7-a6b0-180228c0ab62', 'context': [<snowplow_tracker.self_describing_json.SelfDescribingJson object at 0x000001F76E096A50>]}
[0m15:56:59.248454 [debug] [MainThread]: Wrote artifact WritableManifest to C:\Users\Adam White\Desktop\ttc-analytics-hub\warehouse\target\manifest.json
[0m15:56:59.250445 [debug] [MainThread]: Wrote artifact SemanticManifest to C:\Users\Adam White\Desktop\ttc-analytics-hub\warehouse\target\semantic_manifest.json
[0m15:56:59.269948 [debug] [MainThread]: Sending event: {'category': 'dbt', 'action': 'resource_counts', 'label': '5cd16d66-5b52-4ab7-a6b0-180228c0ab62', 'context': [<snowplow_tracker.self_describing_json.SelfDescribingJson object at 0x000001F76CA1FC50>]}
[0m15:56:59.270298 [info ] [MainThread]: Found 1 model, 5 sources, 468 macros
[0m15:56:59.270665 [debug] [MainThread]: Sending event: {'category': 'dbt', 'action': 'runnable_timing', 'label': '5cd16d66-5b52-4ab7-a6b0-180228c0ab62', 'context': [<snowplow_tracker.self_describing_json.SelfDescribingJson object at 0x000001F76CB958D0>]}
[0m15:56:59.271844 [info ] [MainThread]: 
[0m15:56:59.272166 [info ] [MainThread]: Concurrency: 4 threads (target='dev')
[0m15:56:59.272482 [info ] [MainThread]: 
[0m15:56:59.272968 [debug] [MainThread]: Acquiring new duckdb connection 'master'
[0m15:56:59.273728 [debug] [ThreadPool]: Acquiring new duckdb connection 'list_analytics'
[0m15:56:59.344709 [debug] [ThreadPool]: Using duckdb connection "list_analytics"
[0m15:56:59.345051 [debug] [ThreadPool]: On list_analytics: /* {"app": "dbt", "dbt_version": "1.10.15", "profile_name": "ttc_analytics", "target_name": "dev", "connection_name": "list_analytics"} */

    
    select schema_name
    from system.information_schema.schemata
    
    where lower(catalog_name) = '"analytics"'
    
  
  
[0m15:56:59.345278 [debug] [ThreadPool]: Opening a new connection, currently in state init
[0m15:56:59.356830 [debug] [ThreadPool]: SQL status: OK in 0.012 seconds
[0m15:56:59.357747 [debug] [ThreadPool]: On list_analytics: Close
[0m15:56:59.358270 [debug] [ThreadPool]: Re-using an available connection from the pool (formerly list_analytics, now create_analytics_main)
[0m15:56:59.358609 [debug] [ThreadPool]: Creating schema "database: "analytics"
schema: "main"
"
[0m15:56:59.363226 [debug] [ThreadPool]: Using duckdb connection "create_analytics_main"
[0m15:56:59.363470 [debug] [ThreadPool]: On create_analytics_main: /* {"app": "dbt", "dbt_version": "1.10.15", "profile_name": "ttc_analytics", "target_name": "dev", "connection_name": "create_analytics_main"} */

    
        select type from duckdb_databases()
        where lower(database_name)='analytics'
        and type='sqlite'
    
  
[0m15:56:59.363685 [debug] [ThreadPool]: Opening a new connection, currently in state closed
[0m15:56:59.364340 [debug] [ThreadPool]: SQL status: OK in 0.001 seconds
[0m15:56:59.365142 [debug] [ThreadPool]: Using duckdb connection "create_analytics_main"
[0m15:56:59.365363 [debug] [ThreadPool]: On create_analytics_main: BEGIN
[0m15:56:59.365722 [debug] [ThreadPool]: SQL status: OK in 0.000 seconds
[0m15:56:59.365944 [debug] [ThreadPool]: Using duckdb connection "create_analytics_main"
[0m15:56:59.366150 [debug] [ThreadPool]: On create_analytics_main: /* {"app": "dbt", "dbt_version": "1.10.15", "profile_name": "ttc_analytics", "target_name": "dev", "connection_name": "create_analytics_main"} */

    
    
        create schema if not exists "analytics"."main"
    
[0m15:56:59.366537 [debug] [ThreadPool]: SQL status: OK in 0.000 seconds
[0m15:56:59.367086 [debug] [ThreadPool]: On create_analytics_main: COMMIT
[0m15:56:59.367310 [debug] [ThreadPool]: Using duckdb connection "create_analytics_main"
[0m15:56:59.367518 [debug] [ThreadPool]: On create_analytics_main: COMMIT
[0m15:56:59.367861 [debug] [ThreadPool]: SQL status: OK in 0.000 seconds
[0m15:56:59.368090 [debug] [ThreadPool]: On create_analytics_main: Close
[0m15:56:59.368927 [debug] [ThreadPool]: Acquiring new duckdb connection 'list_analytics_main'
[0m15:56:59.372736 [debug] [ThreadPool]: Using duckdb connection "list_analytics_main"
[0m15:56:59.373018 [debug] [ThreadPool]: On list_analytics_main: BEGIN
[0m15:56:59.373225 [debug] [ThreadPool]: Opening a new connection, currently in state init
[0m15:56:59.373698 [debug] [ThreadPool]: SQL status: OK in 0.000 seconds
[0m15:56:59.373973 [debug] [ThreadPool]: Using duckdb connection "list_analytics_main"
[0m15:56:59.374194 [debug] [ThreadPool]: On list_analytics_main: /* {"app": "dbt", "dbt_version": "1.10.15", "profile_name": "ttc_analytics", "target_name": "dev", "connection_name": "list_analytics_main"} */
select
      'analytics' as database,
      table_name as name,
      table_schema as schema,
      CASE table_type
        WHEN 'BASE TABLE' THEN 'table'
        WHEN 'VIEW' THEN 'view'
        WHEN 'LOCAL TEMPORARY' THEN 'table'
        END as type
    from system.information_schema.tables
    where lower(table_schema) = 'main'
    and lower(table_catalog) = 'analytics'
  
[0m15:56:59.384238 [debug] [ThreadPool]: SQL status: OK in 0.010 seconds
[0m15:56:59.385130 [debug] [ThreadPool]: On list_analytics_main: ROLLBACK
[0m15:56:59.386039 [debug] [ThreadPool]: Failed to rollback 'list_analytics_main'
[0m15:56:59.386276 [debug] [ThreadPool]: On list_analytics_main: Close
[0m15:56:59.386810 [debug] [MainThread]: Sending event: {'category': 'dbt', 'action': 'runnable_timing', 'label': '5cd16d66-5b52-4ab7-a6b0-180228c0ab62', 'context': [<snowplow_tracker.self_describing_json.SelfDescribingJson object at 0x000001F76E764FC0>]}
[0m15:56:59.387233 [debug] [MainThread]: Using duckdb connection "master"
[0m15:56:59.387485 [debug] [MainThread]: On master: BEGIN
[0m15:56:59.387690 [debug] [MainThread]: Opening a new connection, currently in state init
[0m15:56:59.388152 [debug] [MainThread]: SQL status: OK in 0.000 seconds
[0m15:56:59.388405 [debug] [MainThread]: On master: COMMIT
[0m15:56:59.388622 [debug] [MainThread]: Using duckdb connection "master"
[0m15:56:59.388822 [debug] [MainThread]: On master: COMMIT
[0m15:56:59.389158 [debug] [MainThread]: SQL status: OK in 0.000 seconds
[0m15:56:59.389379 [debug] [MainThread]: On master: Close
[0m15:56:59.392493 [debug] [Thread-1 (]: Began running node model.ttc_analytics.stg_routes
[0m15:56:59.392888 [info ] [Thread-1 (]: 1 of 1 START sql table model main.stg_routes ................................... [RUN]
[0m15:56:59.393404 [debug] [Thread-1 (]: Acquiring new duckdb connection 'model.ttc_analytics.stg_routes'
[0m15:56:59.393716 [debug] [Thread-1 (]: Began compiling node model.ttc_analytics.stg_routes
[0m15:56:59.399007 [debug] [Thread-1 (]: Writing injected SQL for node "model.ttc_analytics.stg_routes"
[0m15:56:59.399717 [debug] [Thread-1 (]: Began executing node model.ttc_analytics.stg_routes
[0m15:56:59.426958 [debug] [Thread-1 (]: Writing runtime sql for node "model.ttc_analytics.stg_routes"
[0m15:56:59.427968 [debug] [Thread-1 (]: Using duckdb connection "model.ttc_analytics.stg_routes"
[0m15:56:59.428279 [debug] [Thread-1 (]: On model.ttc_analytics.stg_routes: BEGIN
[0m15:56:59.428537 [debug] [Thread-1 (]: Opening a new connection, currently in state init
[0m15:56:59.429263 [debug] [Thread-1 (]: SQL status: OK in 0.001 seconds
[0m15:56:59.429530 [debug] [Thread-1 (]: Using duckdb connection "model.ttc_analytics.stg_routes"
[0m15:56:59.429783 [debug] [Thread-1 (]: On model.ttc_analytics.stg_routes: /* {"app": "dbt", "dbt_version": "1.10.15", "profile_name": "ttc_analytics", "target_name": "dev", "node_id": "model.ttc_analytics.stg_routes"} */

  
    
    

    create  table
      "analytics"."main"."stg_routes__dbt_tmp"
  
    as (
      SELECT  route_id
       ,agency_id
       ,route_short_name
       ,route_long_name
       ,route_type
FROM "analytics"."main"."routes"
    );
  
  
[0m15:56:59.430565 [debug] [Thread-1 (]: DuckDB adapter: Error running SQL: /* {"app": "dbt", "dbt_version": "1.10.15", "profile_name": "ttc_analytics", "target_name": "dev", "node_id": "model.ttc_analytics.stg_routes"} */

  
    
    

    create  table
      "analytics"."main"."stg_routes__dbt_tmp"
  
    as (
      SELECT  route_id
       ,agency_id
       ,route_short_name
       ,route_long_name
       ,route_type
FROM "analytics"."main"."routes"
    );
  
  
[0m15:56:59.430851 [debug] [Thread-1 (]: DuckDB adapter: Rolling back transaction.
[0m15:56:59.431190 [debug] [Thread-1 (]: On model.ttc_analytics.stg_routes: ROLLBACK
[0m15:56:59.436697 [debug] [Thread-1 (]: Failed to rollback 'model.ttc_analytics.stg_routes'
[0m15:56:59.436989 [debug] [Thread-1 (]: On model.ttc_analytics.stg_routes: Close
[0m15:56:59.439977 [debug] [Thread-1 (]: Runtime Error in model stg_routes (models\staging\stg_routes.sql)
  Catalog Error: Table with name routes does not exist!
  Did you mean "information_schema.character_sets"?
  
  LINE 16: FROM "analytics"."main"."routes"
                ^
[0m15:56:59.441638 [debug] [Thread-1 (]: Sending event: {'category': 'dbt', 'action': 'run_model', 'label': '5cd16d66-5b52-4ab7-a6b0-180228c0ab62', 'context': [<snowplow_tracker.self_describing_json.SelfDescribingJson object at 0x000001F76E247A10>]}
[0m15:56:59.442143 [error] [Thread-1 (]: 1 of 1 ERROR creating sql table model main.stg_routes .......................... [[31mERROR[0m in 0.05s]
[0m15:56:59.442797 [debug] [Thread-1 (]: Finished running node model.ttc_analytics.stg_routes
[0m15:56:59.443288 [debug] [Thread-7 (]: Marking all children of 'model.ttc_analytics.stg_routes' to be skipped because of status 'error'.  Reason: Runtime Error in model stg_routes (models\staging\stg_routes.sql)
  Catalog Error: Table with name routes does not exist!
  Did you mean "information_schema.character_sets"?
  
  LINE 16: FROM "analytics"."main"."routes"
                ^.
[0m15:56:59.444693 [debug] [MainThread]: Using duckdb connection "master"
[0m15:56:59.444984 [debug] [MainThread]: On master: BEGIN
[0m15:56:59.445244 [debug] [MainThread]: Opening a new connection, currently in state closed
[0m15:56:59.445755 [debug] [MainThread]: SQL status: OK in 0.000 seconds
[0m15:56:59.446008 [debug] [MainThread]: On master: COMMIT
[0m15:56:59.446241 [debug] [MainThread]: Using duckdb connection "master"
[0m15:56:59.446450 [debug] [MainThread]: On master: COMMIT
[0m15:56:59.446814 [debug] [MainThread]: SQL status: OK in 0.000 seconds
[0m15:56:59.447039 [debug] [MainThread]: On master: Close
[0m15:56:59.447336 [debug] [MainThread]: Connection 'master' was properly closed.
[0m15:56:59.447535 [debug] [MainThread]: Connection 'create_analytics_main' was properly closed.
[0m15:56:59.447721 [debug] [MainThread]: Connection 'list_analytics_main' was properly closed.
[0m15:56:59.447900 [debug] [MainThread]: Connection 'model.ttc_analytics.stg_routes' was properly closed.
[0m15:56:59.448109 [info ] [MainThread]: 
[0m15:56:59.448513 [info ] [MainThread]: Finished running 1 table model in 0 hours 0 minutes and 0.18 seconds (0.18s).
[0m15:56:59.449079 [debug] [MainThread]: Command end result
[0m15:56:59.464064 [debug] [MainThread]: Wrote artifact WritableManifest to C:\Users\Adam White\Desktop\ttc-analytics-hub\warehouse\target\manifest.json
[0m15:56:59.466045 [debug] [MainThread]: Wrote artifact SemanticManifest to C:\Users\Adam White\Desktop\ttc-analytics-hub\warehouse\target\semantic_manifest.json
[0m15:56:59.470641 [debug] [MainThread]: Wrote artifact RunExecutionResult to C:\Users\Adam White\Desktop\ttc-analytics-hub\warehouse\target\run_results.json
[0m15:56:59.470901 [info ] [MainThread]: 
[0m15:56:59.471260 [info ] [MainThread]: [31mCompleted with 1 error, 0 partial successes, and 0 warnings:[0m
[0m15:56:59.471596 [info ] [MainThread]: 
[0m15:56:59.471981 [error] [MainThread]: [31mFailure in model stg_routes (models\staging\stg_routes.sql)[0m
[0m15:56:59.472355 [error] [MainThread]:   Runtime Error in model stg_routes (models\staging\stg_routes.sql)
  Catalog Error: Table with name routes does not exist!
  Did you mean "information_schema.character_sets"?
  
  LINE 16: FROM "analytics"."main"."routes"
                ^
[0m15:56:59.472679 [info ] [MainThread]: 
[0m15:56:59.472994 [info ] [MainThread]:   compiled code at target\compiled\ttc_analytics\models\staging\stg_routes.sql
[0m15:56:59.473258 [info ] [MainThread]: 
[0m15:56:59.473548 [info ] [MainThread]: Done. PASS=0 WARN=0 ERROR=1 SKIP=0 NO-OP=0 TOTAL=1
[0m15:56:59.474278 [debug] [MainThread]: Command `dbt run` failed at 15:56:59.474195 after 1.23 seconds
[0m15:56:59.474574 [debug] [MainThread]: Sending event: {'category': 'dbt', 'action': 'invocation', 'label': 'end', 'context': [<snowplow_tracker.self_describing_json.SelfDescribingJson object at 0x000001F76E3C9F40>, <snowplow_tracker.self_describing_json.SelfDescribingJson object at 0x000001F76CB6BCF0>, <snowplow_tracker.self_describing_json.SelfDescribingJson object at 0x000001F76CB6B890>]}
[0m15:56:59.474857 [debug] [MainThread]: Flushing usage events
[0m15:56:59.895350 [debug] [MainThread]: An error was encountered while trying to flush usage events
[0m15:57:41.385623 [debug] [MainThread]: Sending event: {'category': 'dbt', 'action': 'invocation', 'label': 'start', 'context': [<snowplow_tracker.self_describing_json.SelfDescribingJson object at 0x0000022CD1E7C6E0>, <snowplow_tracker.self_describing_json.SelfDescribingJson object at 0x0000022CD26511D0>, <snowplow_tracker.self_describing_json.SelfDescribingJson object at 0x0000022CD2CB3ED0>]}


============================== 15:57:41.389274 | 37b4ab00-5b42-4dfc-97f3-96ea1b0ed8d6 ==============================
[0m15:57:41.389274 [info ] [MainThread]: Running with dbt=1.10.15
[0m15:57:41.389845 [debug] [MainThread]: running dbt with arguments {'static_parser': 'True', 'no_print': 'None', 'version_check': 'True', 'warn_error_options': 'WarnErrorOptionsV2(error=[], warn=[], silence=[])', 'target_path': 'None', 'printer_width': '80', 'write_json': 'True', 'empty': 'False', 'log_cache_events': 'False', 'introspect': 'True', 'cache_selected_only': 'False', 'log_format': 'default', 'debug': 'False', 'fail_fast': 'False', 'profiles_dir': 'C:\\Users\\Adam White\\.dbt', 'send_anonymous_usage_stats': 'True', 'quiet': 'False', 'warn_error': 'None', 'partial_parse': 'True', 'indirect_selection': 'eager', 'use_colors': 'True', 'invocation_command': 'dbt run --select stg_routes', 'use_experimental_parser': 'False', 'log_path': 'C:\\Users\\Adam White\\Desktop\\ttc-analytics-hub\\warehouse\\logs'}
[0m15:57:41.561145 [debug] [MainThread]: Sending event: {'category': 'dbt', 'action': 'project_id', 'label': '37b4ab00-5b42-4dfc-97f3-96ea1b0ed8d6', 'context': [<snowplow_tracker.self_describing_json.SelfDescribingJson object at 0x0000022CD20289D0>]}
[0m15:57:41.606842 [debug] [MainThread]: Sending event: {'category': 'dbt', 'action': 'adapter_info', 'label': '37b4ab00-5b42-4dfc-97f3-96ea1b0ed8d6', 'context': [<snowplow_tracker.self_describing_json.SelfDescribingJson object at 0x0000022CD3DA97B0>]}
[0m15:57:41.609064 [info ] [MainThread]: Registered adapter: duckdb=1.10.0
[0m15:57:41.833417 [debug] [MainThread]: checksum: 14a228079bd6df63ba81633f9a3cf44ecfaa31056ac397c602753ec895dbf885, vars: {}, profile: , target: , version: 1.10.15
[0m15:57:41.945312 [debug] [MainThread]: Partial parsing enabled: 0 files deleted, 0 files added, 1 files changed.
[0m15:57:41.945811 [debug] [MainThread]: Partial parsing: updated file: ttc_analytics://models\staging\stg_routes.sql
[0m15:57:42.120321 [warn ] [MainThread]: [[33mWARNING[0m]: Configuration paths exist in your dbt_project.yml file which do not apply to any resources.
There are 2 unused configuration paths:
- models.ttc_analytics.intermediate
- models.ttc_analytics.marts
[0m15:57:42.130825 [debug] [MainThread]: Sending event: {'category': 'dbt', 'action': 'load_project', 'label': '37b4ab00-5b42-4dfc-97f3-96ea1b0ed8d6', 'context': [<snowplow_tracker.self_describing_json.SelfDescribingJson object at 0x0000022CD41A2B50>]}
[0m15:57:42.180619 [debug] [MainThread]: Wrote artifact WritableManifest to C:\Users\Adam White\Desktop\ttc-analytics-hub\warehouse\target\manifest.json
[0m15:57:42.182637 [debug] [MainThread]: Wrote artifact SemanticManifest to C:\Users\Adam White\Desktop\ttc-analytics-hub\warehouse\target\semantic_manifest.json
[0m15:57:42.205600 [debug] [MainThread]: Sending event: {'category': 'dbt', 'action': 'resource_counts', 'label': '37b4ab00-5b42-4dfc-97f3-96ea1b0ed8d6', 'context': [<snowplow_tracker.self_describing_json.SelfDescribingJson object at 0x0000022CD2CEB980>]}
[0m15:57:42.206085 [info ] [MainThread]: Found 1 model, 5 sources, 468 macros
[0m15:57:42.206450 [debug] [MainThread]: Sending event: {'category': 'dbt', 'action': 'runnable_timing', 'label': '37b4ab00-5b42-4dfc-97f3-96ea1b0ed8d6', 'context': [<snowplow_tracker.self_describing_json.SelfDescribingJson object at 0x0000022CD4187930>]}
[0m15:57:42.207577 [info ] [MainThread]: 
[0m15:57:42.207901 [info ] [MainThread]: Concurrency: 4 threads (target='dev')
[0m15:57:42.208179 [info ] [MainThread]: 
[0m15:57:42.208582 [debug] [MainThread]: Acquiring new duckdb connection 'master'
[0m15:57:42.209277 [debug] [ThreadPool]: Acquiring new duckdb connection 'list_analytics'
[0m15:57:42.324667 [debug] [ThreadPool]: Using duckdb connection "list_analytics"
[0m15:57:42.325026 [debug] [ThreadPool]: On list_analytics: /* {"app": "dbt", "dbt_version": "1.10.15", "profile_name": "ttc_analytics", "target_name": "dev", "connection_name": "list_analytics"} */

    
    select schema_name
    from system.information_schema.schemata
    
    where lower(catalog_name) = '"analytics"'
    
  
  
[0m15:57:42.325255 [debug] [ThreadPool]: Opening a new connection, currently in state init
[0m15:57:42.336541 [debug] [ThreadPool]: SQL status: OK in 0.011 seconds
[0m15:57:42.337500 [debug] [ThreadPool]: On list_analytics: Close
[0m15:57:42.338036 [debug] [ThreadPool]: Re-using an available connection from the pool (formerly list_analytics, now create_analytics_main)
[0m15:57:42.338378 [debug] [ThreadPool]: Creating schema "database: "analytics"
schema: "main"
"
[0m15:57:42.343174 [debug] [ThreadPool]: Using duckdb connection "create_analytics_main"
[0m15:57:42.343423 [debug] [ThreadPool]: On create_analytics_main: /* {"app": "dbt", "dbt_version": "1.10.15", "profile_name": "ttc_analytics", "target_name": "dev", "connection_name": "create_analytics_main"} */

    
        select type from duckdb_databases()
        where lower(database_name)='analytics'
        and type='sqlite'
    
  
[0m15:57:42.343638 [debug] [ThreadPool]: Opening a new connection, currently in state closed
[0m15:57:42.344344 [debug] [ThreadPool]: SQL status: OK in 0.001 seconds
[0m15:57:42.345170 [debug] [ThreadPool]: Using duckdb connection "create_analytics_main"
[0m15:57:42.345391 [debug] [ThreadPool]: On create_analytics_main: BEGIN
[0m15:57:42.345760 [debug] [ThreadPool]: SQL status: OK in 0.000 seconds
[0m15:57:42.345977 [debug] [ThreadPool]: Using duckdb connection "create_analytics_main"
[0m15:57:42.346184 [debug] [ThreadPool]: On create_analytics_main: /* {"app": "dbt", "dbt_version": "1.10.15", "profile_name": "ttc_analytics", "target_name": "dev", "connection_name": "create_analytics_main"} */

    
    
        create schema if not exists "analytics"."main"
    
[0m15:57:42.346573 [debug] [ThreadPool]: SQL status: OK in 0.000 seconds
[0m15:57:42.347120 [debug] [ThreadPool]: On create_analytics_main: COMMIT
[0m15:57:42.347340 [debug] [ThreadPool]: Using duckdb connection "create_analytics_main"
[0m15:57:42.347542 [debug] [ThreadPool]: On create_analytics_main: COMMIT
[0m15:57:42.347884 [debug] [ThreadPool]: SQL status: OK in 0.000 seconds
[0m15:57:42.348104 [debug] [ThreadPool]: On create_analytics_main: Close
[0m15:57:42.348990 [debug] [ThreadPool]: Acquiring new duckdb connection 'list_analytics_main'
[0m15:57:42.352847 [debug] [ThreadPool]: Using duckdb connection "list_analytics_main"
[0m15:57:42.353087 [debug] [ThreadPool]: On list_analytics_main: BEGIN
[0m15:57:42.353290 [debug] [ThreadPool]: Opening a new connection, currently in state init
[0m15:57:42.353692 [debug] [ThreadPool]: SQL status: OK in 0.000 seconds
[0m15:57:42.353911 [debug] [ThreadPool]: Using duckdb connection "list_analytics_main"
[0m15:57:42.354123 [debug] [ThreadPool]: On list_analytics_main: /* {"app": "dbt", "dbt_version": "1.10.15", "profile_name": "ttc_analytics", "target_name": "dev", "connection_name": "list_analytics_main"} */
select
      'analytics' as database,
      table_name as name,
      table_schema as schema,
      CASE table_type
        WHEN 'BASE TABLE' THEN 'table'
        WHEN 'VIEW' THEN 'view'
        WHEN 'LOCAL TEMPORARY' THEN 'table'
        END as type
    from system.information_schema.tables
    where lower(table_schema) = 'main'
    and lower(table_catalog) = 'analytics'
  
[0m15:57:42.363979 [debug] [ThreadPool]: SQL status: OK in 0.010 seconds
[0m15:57:42.364775 [debug] [ThreadPool]: On list_analytics_main: ROLLBACK
[0m15:57:42.365652 [debug] [ThreadPool]: Failed to rollback 'list_analytics_main'
[0m15:57:42.365881 [debug] [ThreadPool]: On list_analytics_main: Close
[0m15:57:42.366345 [debug] [MainThread]: Sending event: {'category': 'dbt', 'action': 'runnable_timing', 'label': '37b4ab00-5b42-4dfc-97f3-96ea1b0ed8d6', 'context': [<snowplow_tracker.self_describing_json.SelfDescribingJson object at 0x0000022CD44FB5F0>]}
[0m15:57:42.366742 [debug] [MainThread]: Using duckdb connection "master"
[0m15:57:42.367003 [debug] [MainThread]: On master: BEGIN
[0m15:57:42.367237 [debug] [MainThread]: Opening a new connection, currently in state init
[0m15:57:42.367617 [debug] [MainThread]: SQL status: OK in 0.000 seconds
[0m15:57:42.367835 [debug] [MainThread]: On master: COMMIT
[0m15:57:42.368047 [debug] [MainThread]: Using duckdb connection "master"
[0m15:57:42.368242 [debug] [MainThread]: On master: COMMIT
[0m15:57:42.368567 [debug] [MainThread]: SQL status: OK in 0.000 seconds
[0m15:57:42.368783 [debug] [MainThread]: On master: Close
[0m15:57:42.371722 [debug] [Thread-1 (]: Began running node model.ttc_analytics.stg_routes
[0m15:57:42.372098 [info ] [Thread-1 (]: 1 of 1 START sql table model main.stg_routes ................................... [RUN]
[0m15:57:42.372619 [debug] [Thread-1 (]: Acquiring new duckdb connection 'model.ttc_analytics.stg_routes'
[0m15:57:42.372953 [debug] [Thread-1 (]: Began compiling node model.ttc_analytics.stg_routes
[0m15:57:42.382418 [debug] [Thread-1 (]: Compilation Error in model stg_routes (models\staging\stg_routes.sql)
  'sources' is undefined. This can happen when calling a macro that does not exist. Check for typos and/or install package dependencies with "dbt deps".
[0m15:57:42.383856 [debug] [Thread-1 (]: Sending event: {'category': 'dbt', 'action': 'run_model', 'label': '37b4ab00-5b42-4dfc-97f3-96ea1b0ed8d6', 'context': [<snowplow_tracker.self_describing_json.SelfDescribingJson object at 0x0000022CD4516F90>]}
[0m15:57:42.384292 [error] [Thread-1 (]: 1 of 1 ERROR creating sql table model main.stg_routes .......................... [[31mERROR[0m in 0.01s]
[0m15:57:42.384826 [debug] [Thread-1 (]: Finished running node model.ttc_analytics.stg_routes
[0m15:57:42.385283 [debug] [Thread-7 (]: Marking all children of 'model.ttc_analytics.stg_routes' to be skipped because of status 'error'.  Reason: Compilation Error in model stg_routes (models\staging\stg_routes.sql)
  'sources' is undefined. This can happen when calling a macro that does not exist. Check for typos and/or install package dependencies with "dbt deps"..
[0m15:57:42.386657 [debug] [MainThread]: Using duckdb connection "master"
[0m15:57:42.386897 [debug] [MainThread]: On master: BEGIN
[0m15:57:42.387099 [debug] [MainThread]: Opening a new connection, currently in state closed
[0m15:57:42.387705 [debug] [MainThread]: SQL status: OK in 0.001 seconds
[0m15:57:42.387928 [debug] [MainThread]: On master: COMMIT
[0m15:57:42.388135 [debug] [MainThread]: Using duckdb connection "master"
[0m15:57:42.388328 [debug] [MainThread]: On master: COMMIT
[0m15:57:42.388790 [debug] [MainThread]: SQL status: OK in 0.000 seconds
[0m15:57:42.389080 [debug] [MainThread]: On master: Close
[0m15:57:42.389387 [debug] [MainThread]: Connection 'master' was properly closed.
[0m15:57:42.389617 [debug] [MainThread]: Connection 'create_analytics_main' was properly closed.
[0m15:57:42.389862 [debug] [MainThread]: Connection 'list_analytics_main' was properly closed.
[0m15:57:42.390224 [debug] [MainThread]: Connection 'model.ttc_analytics.stg_routes' was properly closed.
[0m15:57:42.390558 [info ] [MainThread]: 
[0m15:57:42.391952 [info ] [MainThread]: Finished running 1 table model in 0 hours 0 minutes and 0.18 seconds (0.18s).
[0m15:57:42.392737 [debug] [MainThread]: Command end result
[0m15:57:42.412257 [debug] [MainThread]: Wrote artifact WritableManifest to C:\Users\Adam White\Desktop\ttc-analytics-hub\warehouse\target\manifest.json
[0m15:57:42.415342 [debug] [MainThread]: Wrote artifact SemanticManifest to C:\Users\Adam White\Desktop\ttc-analytics-hub\warehouse\target\semantic_manifest.json
[0m15:57:42.422634 [debug] [MainThread]: Wrote artifact RunExecutionResult to C:\Users\Adam White\Desktop\ttc-analytics-hub\warehouse\target\run_results.json
[0m15:57:42.423108 [info ] [MainThread]: 
[0m15:57:42.423709 [info ] [MainThread]: [31mCompleted with 1 error, 0 partial successes, and 0 warnings:[0m
[0m15:57:42.424174 [info ] [MainThread]: 
[0m15:57:42.424641 [error] [MainThread]: [31mFailure in model stg_routes (models\staging\stg_routes.sql)[0m
[0m15:57:42.425047 [error] [MainThread]:   Compilation Error in model stg_routes (models\staging\stg_routes.sql)
  'sources' is undefined. This can happen when calling a macro that does not exist. Check for typos and/or install package dependencies with "dbt deps".
[0m15:57:42.425423 [info ] [MainThread]: 
[0m15:57:42.425768 [info ] [MainThread]: Done. PASS=0 WARN=0 ERROR=1 SKIP=0 NO-OP=0 TOTAL=1
[0m15:57:42.426546 [debug] [MainThread]: Command `dbt run` failed at 15:57:42.426456 after 1.13 seconds
[0m15:57:42.426869 [debug] [MainThread]: Sending event: {'category': 'dbt', 'action': 'invocation', 'label': 'end', 'context': [<snowplow_tracker.self_describing_json.SelfDescribingJson object at 0x0000022CD44F5700>, <snowplow_tracker.self_describing_json.SelfDescribingJson object at 0x0000022CD265A530>, <snowplow_tracker.self_describing_json.SelfDescribingJson object at 0x0000022CD3FD72F0>]}
[0m15:57:42.427153 [debug] [MainThread]: Flushing usage events
[0m15:57:42.788321 [debug] [MainThread]: An error was encountered while trying to flush usage events
[0m15:59:45.404196 [debug] [MainThread]: Sending event: {'category': 'dbt', 'action': 'invocation', 'label': 'start', 'context': [<snowplow_tracker.self_describing_json.SelfDescribingJson object at 0x000002344069C6E0>, <snowplow_tracker.self_describing_json.SelfDescribingJson object at 0x0000023440E711D0>, <snowplow_tracker.self_describing_json.SelfDescribingJson object at 0x00000234414D3ED0>]}


============================== 15:59:45.407965 | 429338e2-8b14-478a-82a1-a2ebed4c4407 ==============================
[0m15:59:45.407965 [info ] [MainThread]: Running with dbt=1.10.15
[0m15:59:45.408552 [debug] [MainThread]: running dbt with arguments {'version_check': 'True', 'no_print': 'None', 'static_parser': 'True', 'warn_error_options': 'WarnErrorOptionsV2(error=[], warn=[], silence=[])', 'target_path': 'None', 'printer_width': '80', 'write_json': 'True', 'introspect': 'True', 'log_cache_events': 'False', 'empty': 'False', 'cache_selected_only': 'False', 'log_format': 'default', 'debug': 'False', 'fail_fast': 'False', 'profiles_dir': 'C:\\Users\\Adam White\\.dbt', 'send_anonymous_usage_stats': 'True', 'quiet': 'False', 'warn_error': 'None', 'partial_parse': 'True', 'use_colors': 'True', 'invocation_command': 'dbt run --select stg_routes', 'indirect_selection': 'eager', 'use_experimental_parser': 'False', 'log_path': 'C:\\Users\\Adam White\\Desktop\\ttc-analytics-hub\\warehouse\\logs'}
[0m15:59:45.580540 [debug] [MainThread]: Sending event: {'category': 'dbt', 'action': 'project_id', 'label': '429338e2-8b14-478a-82a1-a2ebed4c4407', 'context': [<snowplow_tracker.self_describing_json.SelfDescribingJson object at 0x00000234408449D0>]}
[0m15:59:45.626280 [debug] [MainThread]: Sending event: {'category': 'dbt', 'action': 'adapter_info', 'label': '429338e2-8b14-478a-82a1-a2ebed4c4407', 'context': [<snowplow_tracker.self_describing_json.SelfDescribingJson object at 0x00000234426497B0>]}
[0m15:59:45.628600 [info ] [MainThread]: Registered adapter: duckdb=1.10.0
[0m15:59:45.861382 [debug] [MainThread]: checksum: 14a228079bd6df63ba81633f9a3cf44ecfaa31056ac397c602753ec895dbf885, vars: {}, profile: , target: , version: 1.10.15
[0m15:59:45.969379 [debug] [MainThread]: Partial parsing enabled: 0 files deleted, 0 files added, 1 files changed.
[0m15:59:45.969843 [debug] [MainThread]: Partial parsing: updated file: ttc_analytics://models\staging\stg_routes.sql
[0m15:59:46.143127 [warn ] [MainThread]: [[33mWARNING[0m]: Configuration paths exist in your dbt_project.yml file which do not apply to any resources.
There are 2 unused configuration paths:
- models.ttc_analytics.intermediate
- models.ttc_analytics.marts
[0m15:59:46.153905 [debug] [MainThread]: Sending event: {'category': 'dbt', 'action': 'load_project', 'label': '429338e2-8b14-478a-82a1-a2ebed4c4407', 'context': [<snowplow_tracker.self_describing_json.SelfDescribingJson object at 0x0000023442996B50>]}
[0m15:59:46.206083 [debug] [MainThread]: Wrote artifact WritableManifest to C:\Users\Adam White\Desktop\ttc-analytics-hub\warehouse\target\manifest.json
[0m15:59:46.208163 [debug] [MainThread]: Wrote artifact SemanticManifest to C:\Users\Adam White\Desktop\ttc-analytics-hub\warehouse\target\semantic_manifest.json
[0m15:59:46.231124 [debug] [MainThread]: Sending event: {'category': 'dbt', 'action': 'resource_counts', 'label': '429338e2-8b14-478a-82a1-a2ebed4c4407', 'context': [<snowplow_tracker.self_describing_json.SelfDescribingJson object at 0x000002344150B980>]}
[0m15:59:46.231509 [info ] [MainThread]: Found 1 model, 5 sources, 468 macros
[0m15:59:46.231874 [debug] [MainThread]: Sending event: {'category': 'dbt', 'action': 'runnable_timing', 'label': '429338e2-8b14-478a-82a1-a2ebed4c4407', 'context': [<snowplow_tracker.self_describing_json.SelfDescribingJson object at 0x0000023442977E70>]}
[0m15:59:46.233009 [info ] [MainThread]: 
[0m15:59:46.233367 [info ] [MainThread]: Concurrency: 4 threads (target='dev')
[0m15:59:46.233729 [info ] [MainThread]: 
[0m15:59:46.234228 [debug] [MainThread]: Acquiring new duckdb connection 'master'
[0m15:59:46.234906 [debug] [ThreadPool]: Acquiring new duckdb connection 'list_analytics'
[0m15:59:46.358446 [debug] [ThreadPool]: Using duckdb connection "list_analytics"
[0m15:59:46.358820 [debug] [ThreadPool]: On list_analytics: /* {"app": "dbt", "dbt_version": "1.10.15", "profile_name": "ttc_analytics", "target_name": "dev", "connection_name": "list_analytics"} */

    
    select schema_name
    from system.information_schema.schemata
    
    where lower(catalog_name) = '"analytics"'
    
  
  
[0m15:59:46.359064 [debug] [ThreadPool]: Opening a new connection, currently in state init
[0m15:59:46.371285 [debug] [ThreadPool]: SQL status: OK in 0.012 seconds
[0m15:59:46.372245 [debug] [ThreadPool]: On list_analytics: Close
[0m15:59:46.372821 [debug] [ThreadPool]: Re-using an available connection from the pool (formerly list_analytics, now create_analytics_main)
[0m15:59:46.373170 [debug] [ThreadPool]: Creating schema "database: "analytics"
schema: "main"
"
[0m15:59:46.377858 [debug] [ThreadPool]: Using duckdb connection "create_analytics_main"
[0m15:59:46.378102 [debug] [ThreadPool]: On create_analytics_main: /* {"app": "dbt", "dbt_version": "1.10.15", "profile_name": "ttc_analytics", "target_name": "dev", "connection_name": "create_analytics_main"} */

    
        select type from duckdb_databases()
        where lower(database_name)='analytics'
        and type='sqlite'
    
  
[0m15:59:46.378315 [debug] [ThreadPool]: Opening a new connection, currently in state closed
[0m15:59:46.379016 [debug] [ThreadPool]: SQL status: OK in 0.001 seconds
[0m15:59:46.379849 [debug] [ThreadPool]: Using duckdb connection "create_analytics_main"
[0m15:59:46.380070 [debug] [ThreadPool]: On create_analytics_main: BEGIN
[0m15:59:46.380420 [debug] [ThreadPool]: SQL status: OK in 0.000 seconds
[0m15:59:46.380644 [debug] [ThreadPool]: Using duckdb connection "create_analytics_main"
[0m15:59:46.380891 [debug] [ThreadPool]: On create_analytics_main: /* {"app": "dbt", "dbt_version": "1.10.15", "profile_name": "ttc_analytics", "target_name": "dev", "connection_name": "create_analytics_main"} */

    
    
        create schema if not exists "analytics"."main"
    
[0m15:59:46.381282 [debug] [ThreadPool]: SQL status: OK in 0.000 seconds
[0m15:59:46.381834 [debug] [ThreadPool]: On create_analytics_main: COMMIT
[0m15:59:46.382058 [debug] [ThreadPool]: Using duckdb connection "create_analytics_main"
[0m15:59:46.382277 [debug] [ThreadPool]: On create_analytics_main: COMMIT
[0m15:59:46.382698 [debug] [ThreadPool]: SQL status: OK in 0.000 seconds
[0m15:59:46.382996 [debug] [ThreadPool]: On create_analytics_main: Close
[0m15:59:46.383901 [debug] [ThreadPool]: Acquiring new duckdb connection 'list_analytics_main'
[0m15:59:46.387820 [debug] [ThreadPool]: Using duckdb connection "list_analytics_main"
[0m15:59:46.388065 [debug] [ThreadPool]: On list_analytics_main: BEGIN
[0m15:59:46.388269 [debug] [ThreadPool]: Opening a new connection, currently in state init
[0m15:59:46.388662 [debug] [ThreadPool]: SQL status: OK in 0.000 seconds
[0m15:59:46.388883 [debug] [ThreadPool]: Using duckdb connection "list_analytics_main"
[0m15:59:46.389096 [debug] [ThreadPool]: On list_analytics_main: /* {"app": "dbt", "dbt_version": "1.10.15", "profile_name": "ttc_analytics", "target_name": "dev", "connection_name": "list_analytics_main"} */
select
      'analytics' as database,
      table_name as name,
      table_schema as schema,
      CASE table_type
        WHEN 'BASE TABLE' THEN 'table'
        WHEN 'VIEW' THEN 'view'
        WHEN 'LOCAL TEMPORARY' THEN 'table'
        END as type
    from system.information_schema.tables
    where lower(table_schema) = 'main'
    and lower(table_catalog) = 'analytics'
  
[0m15:59:46.398785 [debug] [ThreadPool]: SQL status: OK in 0.009 seconds
[0m15:59:46.399569 [debug] [ThreadPool]: On list_analytics_main: ROLLBACK
[0m15:59:46.400432 [debug] [ThreadPool]: Failed to rollback 'list_analytics_main'
[0m15:59:46.400673 [debug] [ThreadPool]: On list_analytics_main: Close
[0m15:59:46.401142 [debug] [MainThread]: Sending event: {'category': 'dbt', 'action': 'runnable_timing', 'label': '429338e2-8b14-478a-82a1-a2ebed4c4407', 'context': [<snowplow_tracker.self_describing_json.SelfDescribingJson object at 0x0000023442EAFA00>]}
[0m15:59:46.401476 [debug] [MainThread]: Using duckdb connection "master"
[0m15:59:46.401692 [debug] [MainThread]: On master: BEGIN
[0m15:59:46.401892 [debug] [MainThread]: Opening a new connection, currently in state init
[0m15:59:46.402283 [debug] [MainThread]: SQL status: OK in 0.000 seconds
[0m15:59:46.402504 [debug] [MainThread]: On master: COMMIT
[0m15:59:46.402713 [debug] [MainThread]: Using duckdb connection "master"
[0m15:59:46.402920 [debug] [MainThread]: On master: COMMIT
[0m15:59:46.403252 [debug] [MainThread]: SQL status: OK in 0.000 seconds
[0m15:59:46.403470 [debug] [MainThread]: On master: Close
[0m15:59:46.406320 [debug] [Thread-1 (]: Began running node model.ttc_analytics.stg_routes
[0m15:59:46.406699 [info ] [Thread-1 (]: 1 of 1 START sql table model main.stg_routes ................................... [RUN]
[0m15:59:46.407217 [debug] [Thread-1 (]: Acquiring new duckdb connection 'model.ttc_analytics.stg_routes'
[0m15:59:46.407544 [debug] [Thread-1 (]: Began compiling node model.ttc_analytics.stg_routes
[0m15:59:46.412809 [debug] [Thread-1 (]: Writing injected SQL for node "model.ttc_analytics.stg_routes"
[0m15:59:46.413507 [debug] [Thread-1 (]: Began executing node model.ttc_analytics.stg_routes
[0m15:59:46.440050 [debug] [Thread-1 (]: Writing runtime sql for node "model.ttc_analytics.stg_routes"
[0m15:59:46.440907 [debug] [Thread-1 (]: Using duckdb connection "model.ttc_analytics.stg_routes"
[0m15:59:46.441203 [debug] [Thread-1 (]: On model.ttc_analytics.stg_routes: BEGIN
[0m15:59:46.441450 [debug] [Thread-1 (]: Opening a new connection, currently in state init
[0m15:59:46.442190 [debug] [Thread-1 (]: SQL status: OK in 0.001 seconds
[0m15:59:46.442457 [debug] [Thread-1 (]: Using duckdb connection "model.ttc_analytics.stg_routes"
[0m15:59:46.442706 [debug] [Thread-1 (]: On model.ttc_analytics.stg_routes: /* {"app": "dbt", "dbt_version": "1.10.15", "profile_name": "ttc_analytics", "target_name": "dev", "node_id": "model.ttc_analytics.stg_routes"} */

  
    
    

    create  table
      "analytics"."main"."stg_routes__dbt_tmp"
  
    as (
      SELECT  route_id
       ,agency_id
       ,route_short_name
       ,route_long_name
       ,route_type
FROM "analytics"."main"."routes"
    );
  
  
[0m15:59:46.443467 [debug] [Thread-1 (]: DuckDB adapter: Error running SQL: /* {"app": "dbt", "dbt_version": "1.10.15", "profile_name": "ttc_analytics", "target_name": "dev", "node_id": "model.ttc_analytics.stg_routes"} */

  
    
    

    create  table
      "analytics"."main"."stg_routes__dbt_tmp"
  
    as (
      SELECT  route_id
       ,agency_id
       ,route_short_name
       ,route_long_name
       ,route_type
FROM "analytics"."main"."routes"
    );
  
  
[0m15:59:46.443757 [debug] [Thread-1 (]: DuckDB adapter: Rolling back transaction.
[0m15:59:46.444109 [debug] [Thread-1 (]: On model.ttc_analytics.stg_routes: ROLLBACK
[0m15:59:46.449390 [debug] [Thread-1 (]: Failed to rollback 'model.ttc_analytics.stg_routes'
[0m15:59:46.449672 [debug] [Thread-1 (]: On model.ttc_analytics.stg_routes: Close
[0m15:59:46.452654 [debug] [Thread-1 (]: Runtime Error in model stg_routes (models\staging\stg_routes.sql)
  Catalog Error: Table with name routes does not exist!
  Did you mean "information_schema.character_sets"?
  
  LINE 16: FROM "analytics"."main"."routes"
                ^
[0m15:59:46.454228 [debug] [Thread-1 (]: Sending event: {'category': 'dbt', 'action': 'run_model', 'label': '429338e2-8b14-478a-82a1-a2ebed4c4407', 'context': [<snowplow_tracker.self_describing_json.SelfDescribingJson object at 0x0000023442CFF650>]}
[0m15:59:46.454701 [error] [Thread-1 (]: 1 of 1 ERROR creating sql table model main.stg_routes .......................... [[31mERROR[0m in 0.05s]
[0m15:59:46.455334 [debug] [Thread-1 (]: Finished running node model.ttc_analytics.stg_routes
[0m15:59:46.455793 [debug] [Thread-7 (]: Marking all children of 'model.ttc_analytics.stg_routes' to be skipped because of status 'error'.  Reason: Runtime Error in model stg_routes (models\staging\stg_routes.sql)
  Catalog Error: Table with name routes does not exist!
  Did you mean "information_schema.character_sets"?
  
  LINE 16: FROM "analytics"."main"."routes"
                ^.
[0m15:59:46.457206 [debug] [MainThread]: Using duckdb connection "master"
[0m15:59:46.457442 [debug] [MainThread]: On master: BEGIN
[0m15:59:46.457647 [debug] [MainThread]: Opening a new connection, currently in state closed
[0m15:59:46.458119 [debug] [MainThread]: SQL status: OK in 0.000 seconds
[0m15:59:46.458401 [debug] [MainThread]: On master: COMMIT
[0m15:59:46.458660 [debug] [MainThread]: Using duckdb connection "master"
[0m15:59:46.458902 [debug] [MainThread]: On master: COMMIT
[0m15:59:46.459282 [debug] [MainThread]: SQL status: OK in 0.000 seconds
[0m15:59:46.459502 [debug] [MainThread]: On master: Close
[0m15:59:46.459797 [debug] [MainThread]: Connection 'master' was properly closed.
[0m15:59:46.460008 [debug] [MainThread]: Connection 'create_analytics_main' was properly closed.
[0m15:59:46.460215 [debug] [MainThread]: Connection 'list_analytics_main' was properly closed.
[0m15:59:46.460434 [debug] [MainThread]: Connection 'model.ttc_analytics.stg_routes' was properly closed.
[0m15:59:46.460685 [info ] [MainThread]: 
[0m15:59:46.461049 [info ] [MainThread]: Finished running 1 table model in 0 hours 0 minutes and 0.23 seconds (0.23s).
[0m15:59:46.461725 [debug] [MainThread]: Command end result
[0m15:59:46.476889 [debug] [MainThread]: Wrote artifact WritableManifest to C:\Users\Adam White\Desktop\ttc-analytics-hub\warehouse\target\manifest.json
[0m15:59:46.478997 [debug] [MainThread]: Wrote artifact SemanticManifest to C:\Users\Adam White\Desktop\ttc-analytics-hub\warehouse\target\semantic_manifest.json
[0m15:59:46.483556 [debug] [MainThread]: Wrote artifact RunExecutionResult to C:\Users\Adam White\Desktop\ttc-analytics-hub\warehouse\target\run_results.json
[0m15:59:46.483881 [info ] [MainThread]: 
[0m15:59:46.484306 [info ] [MainThread]: [31mCompleted with 1 error, 0 partial successes, and 0 warnings:[0m
[0m15:59:46.484655 [info ] [MainThread]: 
[0m15:59:46.485037 [error] [MainThread]: [31mFailure in model stg_routes (models\staging\stg_routes.sql)[0m
[0m15:59:46.485383 [error] [MainThread]:   Runtime Error in model stg_routes (models\staging\stg_routes.sql)
  Catalog Error: Table with name routes does not exist!
  Did you mean "information_schema.character_sets"?
  
  LINE 16: FROM "analytics"."main"."routes"
                ^
[0m15:59:46.485688 [info ] [MainThread]: 
[0m15:59:46.485993 [info ] [MainThread]:   compiled code at target\compiled\ttc_analytics\models\staging\stg_routes.sql
[0m15:59:46.486255 [info ] [MainThread]: 
[0m15:59:46.486541 [info ] [MainThread]: Done. PASS=0 WARN=0 ERROR=1 SKIP=0 NO-OP=0 TOTAL=1
[0m15:59:46.487261 [debug] [MainThread]: Command `dbt run` failed at 15:59:46.487177 after 1.17 seconds
[0m15:59:46.487547 [debug] [MainThread]: Sending event: {'category': 'dbt', 'action': 'invocation', 'label': 'end', 'context': [<snowplow_tracker.self_describing_json.SelfDescribingJson object at 0x0000023442D55700>, <snowplow_tracker.self_describing_json.SelfDescribingJson object at 0x00000234429C6C10>, <snowplow_tracker.self_describing_json.SelfDescribingJson object at 0x00000234429C7D90>]}
[0m15:59:46.487816 [debug] [MainThread]: Flushing usage events
[0m15:59:46.857313 [debug] [MainThread]: An error was encountered while trying to flush usage events
[0m16:00:20.954347 [debug] [MainThread]: Sending event: {'category': 'dbt', 'action': 'invocation', 'label': 'start', 'context': [<snowplow_tracker.self_describing_json.SelfDescribingJson object at 0x000001769C38C6E0>, <snowplow_tracker.self_describing_json.SelfDescribingJson object at 0x000001769CB611D0>, <snowplow_tracker.self_describing_json.SelfDescribingJson object at 0x000001769D1C3ED0>]}


============================== 16:00:20.958097 | c01f7612-b242-45fe-ba10-49dd7f9ba31c ==============================
[0m16:00:20.958097 [info ] [MainThread]: Running with dbt=1.10.15
[0m16:00:20.958661 [debug] [MainThread]: running dbt with arguments {'version_check': 'True', 'no_print': 'None', 'static_parser': 'True', 'warn_error_options': 'WarnErrorOptionsV2(error=[], warn=[], silence=[])', 'target_path': 'None', 'printer_width': '80', 'write_json': 'True', 'empty': 'False', 'log_cache_events': 'False', 'introspect': 'True', 'cache_selected_only': 'False', 'fail_fast': 'False', 'debug': 'False', 'log_format': 'default', 'profiles_dir': 'C:\\Users\\Adam White\\.dbt', 'send_anonymous_usage_stats': 'True', 'quiet': 'False', 'warn_error': 'None', 'partial_parse': 'True', 'invocation_command': 'dbt run --select stg_routes', 'use_colors': 'True', 'indirect_selection': 'eager', 'use_experimental_parser': 'False', 'log_path': 'C:\\Users\\Adam White\\Desktop\\ttc-analytics-hub\\warehouse\\logs'}
[0m16:00:21.130634 [debug] [MainThread]: Sending event: {'category': 'dbt', 'action': 'project_id', 'label': 'c01f7612-b242-45fe-ba10-49dd7f9ba31c', 'context': [<snowplow_tracker.self_describing_json.SelfDescribingJson object at 0x000001769C52C9D0>]}
[0m16:00:21.176453 [debug] [MainThread]: Sending event: {'category': 'dbt', 'action': 'adapter_info', 'label': 'c01f7612-b242-45fe-ba10-49dd7f9ba31c', 'context': [<snowplow_tracker.self_describing_json.SelfDescribingJson object at 0x000001769E2B97B0>]}
[0m16:00:21.178768 [info ] [MainThread]: Registered adapter: duckdb=1.10.0
[0m16:00:21.410850 [debug] [MainThread]: checksum: 14a228079bd6df63ba81633f9a3cf44ecfaa31056ac397c602753ec895dbf885, vars: {}, profile: , target: , version: 1.10.15
[0m16:00:21.516207 [debug] [MainThread]: Partial parsing enabled: 0 files deleted, 0 files added, 0 files changed.
[0m16:00:21.516534 [debug] [MainThread]: Partial parsing enabled, no changes found, skipping parsing
[0m16:00:21.521033 [warn ] [MainThread]: [[33mWARNING[0m]: Configuration paths exist in your dbt_project.yml file which do not apply to any resources.
There are 2 unused configuration paths:
- models.ttc_analytics.marts
- models.ttc_analytics.intermediate
[0m16:00:21.543421 [debug] [MainThread]: Sending event: {'category': 'dbt', 'action': 'load_project', 'label': 'c01f7612-b242-45fe-ba10-49dd7f9ba31c', 'context': [<snowplow_tracker.self_describing_json.SelfDescribingJson object at 0x000001769E6E5650>]}
[0m16:00:21.595575 [debug] [MainThread]: Wrote artifact WritableManifest to C:\Users\Adam White\Desktop\ttc-analytics-hub\warehouse\target\manifest.json
[0m16:00:21.597571 [debug] [MainThread]: Wrote artifact SemanticManifest to C:\Users\Adam White\Desktop\ttc-analytics-hub\warehouse\target\semantic_manifest.json
[0m16:00:21.617439 [debug] [MainThread]: Sending event: {'category': 'dbt', 'action': 'resource_counts', 'label': 'c01f7612-b242-45fe-ba10-49dd7f9ba31c', 'context': [<snowplow_tracker.self_describing_json.SelfDescribingJson object at 0x000001769D1FB980>]}
[0m16:00:21.617787 [info ] [MainThread]: Found 1 model, 5 sources, 468 macros
[0m16:00:21.618155 [debug] [MainThread]: Sending event: {'category': 'dbt', 'action': 'runnable_timing', 'label': 'c01f7612-b242-45fe-ba10-49dd7f9ba31c', 'context': [<snowplow_tracker.self_describing_json.SelfDescribingJson object at 0x000001769E2E09F0>]}
[0m16:00:21.619444 [info ] [MainThread]: 
[0m16:00:21.619802 [info ] [MainThread]: Concurrency: 4 threads (target='dev')
[0m16:00:21.620128 [info ] [MainThread]: 
[0m16:00:21.620545 [debug] [MainThread]: Acquiring new duckdb connection 'master'
[0m16:00:21.621229 [debug] [ThreadPool]: Acquiring new duckdb connection 'list_analytics'
[0m16:00:21.693317 [debug] [ThreadPool]: Using duckdb connection "list_analytics"
[0m16:00:21.693662 [debug] [ThreadPool]: On list_analytics: /* {"app": "dbt", "dbt_version": "1.10.15", "profile_name": "ttc_analytics", "target_name": "dev", "connection_name": "list_analytics"} */

    
    select schema_name
    from system.information_schema.schemata
    
    where lower(catalog_name) = '"analytics"'
    
  
  
[0m16:00:21.693896 [debug] [ThreadPool]: Opening a new connection, currently in state init
[0m16:00:21.705783 [debug] [ThreadPool]: SQL status: OK in 0.012 seconds
[0m16:00:21.706724 [debug] [ThreadPool]: On list_analytics: Close
[0m16:00:21.707252 [debug] [ThreadPool]: Re-using an available connection from the pool (formerly list_analytics, now create_analytics_main)
[0m16:00:21.707597 [debug] [ThreadPool]: Creating schema "database: "analytics"
schema: "main"
"
[0m16:00:21.712340 [debug] [ThreadPool]: Using duckdb connection "create_analytics_main"
[0m16:00:21.712586 [debug] [ThreadPool]: On create_analytics_main: /* {"app": "dbt", "dbt_version": "1.10.15", "profile_name": "ttc_analytics", "target_name": "dev", "connection_name": "create_analytics_main"} */

    
        select type from duckdb_databases()
        where lower(database_name)='analytics'
        and type='sqlite'
    
  
[0m16:00:21.712805 [debug] [ThreadPool]: Opening a new connection, currently in state closed
[0m16:00:21.713507 [debug] [ThreadPool]: SQL status: OK in 0.001 seconds
[0m16:00:21.714343 [debug] [ThreadPool]: Using duckdb connection "create_analytics_main"
[0m16:00:21.714566 [debug] [ThreadPool]: On create_analytics_main: BEGIN
[0m16:00:21.714925 [debug] [ThreadPool]: SQL status: OK in 0.000 seconds
[0m16:00:21.715145 [debug] [ThreadPool]: Using duckdb connection "create_analytics_main"
[0m16:00:21.715349 [debug] [ThreadPool]: On create_analytics_main: /* {"app": "dbt", "dbt_version": "1.10.15", "profile_name": "ttc_analytics", "target_name": "dev", "connection_name": "create_analytics_main"} */

    
    
        create schema if not exists "analytics"."main"
    
[0m16:00:21.715784 [debug] [ThreadPool]: SQL status: OK in 0.000 seconds
[0m16:00:21.716341 [debug] [ThreadPool]: On create_analytics_main: COMMIT
[0m16:00:21.716564 [debug] [ThreadPool]: Using duckdb connection "create_analytics_main"
[0m16:00:21.716767 [debug] [ThreadPool]: On create_analytics_main: COMMIT
[0m16:00:21.717109 [debug] [ThreadPool]: SQL status: OK in 0.000 seconds
[0m16:00:21.717333 [debug] [ThreadPool]: On create_analytics_main: Close
[0m16:00:21.718206 [debug] [ThreadPool]: Acquiring new duckdb connection 'list_analytics_main'
[0m16:00:21.721826 [debug] [ThreadPool]: Using duckdb connection "list_analytics_main"
[0m16:00:21.722058 [debug] [ThreadPool]: On list_analytics_main: BEGIN
[0m16:00:21.722271 [debug] [ThreadPool]: Opening a new connection, currently in state init
[0m16:00:21.723051 [debug] [ThreadPool]: SQL status: OK in 0.001 seconds
[0m16:00:21.723339 [debug] [ThreadPool]: Using duckdb connection "list_analytics_main"
[0m16:00:21.723628 [debug] [ThreadPool]: On list_analytics_main: /* {"app": "dbt", "dbt_version": "1.10.15", "profile_name": "ttc_analytics", "target_name": "dev", "connection_name": "list_analytics_main"} */
select
      'analytics' as database,
      table_name as name,
      table_schema as schema,
      CASE table_type
        WHEN 'BASE TABLE' THEN 'table'
        WHEN 'VIEW' THEN 'view'
        WHEN 'LOCAL TEMPORARY' THEN 'table'
        END as type
    from system.information_schema.tables
    where lower(table_schema) = 'main'
    and lower(table_catalog) = 'analytics'
  
[0m16:00:21.733524 [debug] [ThreadPool]: SQL status: OK in 0.010 seconds
[0m16:00:21.734282 [debug] [ThreadPool]: On list_analytics_main: ROLLBACK
[0m16:00:21.735109 [debug] [ThreadPool]: Failed to rollback 'list_analytics_main'
[0m16:00:21.735419 [debug] [ThreadPool]: On list_analytics_main: Close
[0m16:00:21.735953 [debug] [MainThread]: Sending event: {'category': 'dbt', 'action': 'runnable_timing', 'label': 'c01f7612-b242-45fe-ba10-49dd7f9ba31c', 'context': [<snowplow_tracker.self_describing_json.SelfDescribingJson object at 0x000001769EAA3AD0>]}
[0m16:00:21.736351 [debug] [MainThread]: Using duckdb connection "master"
[0m16:00:21.736613 [debug] [MainThread]: On master: BEGIN
[0m16:00:21.736855 [debug] [MainThread]: Opening a new connection, currently in state init
[0m16:00:21.737278 [debug] [MainThread]: SQL status: OK in 0.000 seconds
[0m16:00:21.737498 [debug] [MainThread]: On master: COMMIT
[0m16:00:21.737714 [debug] [MainThread]: Using duckdb connection "master"
[0m16:00:21.737910 [debug] [MainThread]: On master: COMMIT
[0m16:00:21.738237 [debug] [MainThread]: SQL status: OK in 0.000 seconds
[0m16:00:21.738452 [debug] [MainThread]: On master: Close
[0m16:00:21.741702 [debug] [Thread-1 (]: Began running node model.ttc_analytics.stg_routes
[0m16:00:21.742088 [info ] [Thread-1 (]: 1 of 1 START sql table model main.stg_routes ................................... [RUN]
[0m16:00:21.742555 [debug] [Thread-1 (]: Acquiring new duckdb connection 'model.ttc_analytics.stg_routes'
[0m16:00:21.742830 [debug] [Thread-1 (]: Began compiling node model.ttc_analytics.stg_routes
[0m16:00:21.748195 [debug] [Thread-1 (]: Writing injected SQL for node "model.ttc_analytics.stg_routes"
[0m16:00:21.748905 [debug] [Thread-1 (]: Began executing node model.ttc_analytics.stg_routes
[0m16:00:21.774839 [debug] [Thread-1 (]: Writing runtime sql for node "model.ttc_analytics.stg_routes"
[0m16:00:21.775861 [debug] [Thread-1 (]: Using duckdb connection "model.ttc_analytics.stg_routes"
[0m16:00:21.776178 [debug] [Thread-1 (]: On model.ttc_analytics.stg_routes: BEGIN
[0m16:00:21.776433 [debug] [Thread-1 (]: Opening a new connection, currently in state init
[0m16:00:21.777116 [debug] [Thread-1 (]: SQL status: OK in 0.001 seconds
[0m16:00:21.777381 [debug] [Thread-1 (]: Using duckdb connection "model.ttc_analytics.stg_routes"
[0m16:00:21.777644 [debug] [Thread-1 (]: On model.ttc_analytics.stg_routes: /* {"app": "dbt", "dbt_version": "1.10.15", "profile_name": "ttc_analytics", "target_name": "dev", "node_id": "model.ttc_analytics.stg_routes"} */

  
    
    

    create  table
      "analytics"."main"."stg_routes__dbt_tmp"
  
    as (
      SELECT  route_id
       ,agency_id
       ,route_short_name
       ,route_long_name
       ,route_type
FROM "analytics"."main"."routes"
    );
  
  
[0m16:00:21.778420 [debug] [Thread-1 (]: DuckDB adapter: Error running SQL: /* {"app": "dbt", "dbt_version": "1.10.15", "profile_name": "ttc_analytics", "target_name": "dev", "node_id": "model.ttc_analytics.stg_routes"} */

  
    
    

    create  table
      "analytics"."main"."stg_routes__dbt_tmp"
  
    as (
      SELECT  route_id
       ,agency_id
       ,route_short_name
       ,route_long_name
       ,route_type
FROM "analytics"."main"."routes"
    );
  
  
[0m16:00:21.778702 [debug] [Thread-1 (]: DuckDB adapter: Rolling back transaction.
[0m16:00:21.779032 [debug] [Thread-1 (]: On model.ttc_analytics.stg_routes: ROLLBACK
[0m16:00:21.784308 [debug] [Thread-1 (]: Failed to rollback 'model.ttc_analytics.stg_routes'
[0m16:00:21.784588 [debug] [Thread-1 (]: On model.ttc_analytics.stg_routes: Close
[0m16:00:21.787565 [debug] [Thread-1 (]: Runtime Error in model stg_routes (models\staging\stg_routes.sql)
  Catalog Error: Table with name routes does not exist!
  Did you mean "information_schema.character_sets"?
  
  LINE 16: FROM "analytics"."main"."routes"
                ^
[0m16:00:21.789140 [debug] [Thread-1 (]: Sending event: {'category': 'dbt', 'action': 'run_model', 'label': 'c01f7612-b242-45fe-ba10-49dd7f9ba31c', 'context': [<snowplow_tracker.self_describing_json.SelfDescribingJson object at 0x000001769E912BD0>]}
[0m16:00:21.789612 [error] [Thread-1 (]: 1 of 1 ERROR creating sql table model main.stg_routes .......................... [[31mERROR[0m in 0.05s]
[0m16:00:21.790241 [debug] [Thread-1 (]: Finished running node model.ttc_analytics.stg_routes
[0m16:00:21.790703 [debug] [Thread-7 (]: Marking all children of 'model.ttc_analytics.stg_routes' to be skipped because of status 'error'.  Reason: Runtime Error in model stg_routes (models\staging\stg_routes.sql)
  Catalog Error: Table with name routes does not exist!
  Did you mean "information_schema.character_sets"?
  
  LINE 16: FROM "analytics"."main"."routes"
                ^.
[0m16:00:21.792079 [debug] [MainThread]: Using duckdb connection "master"
[0m16:00:21.792308 [debug] [MainThread]: On master: BEGIN
[0m16:00:21.792512 [debug] [MainThread]: Opening a new connection, currently in state closed
[0m16:00:21.792920 [debug] [MainThread]: SQL status: OK in 0.000 seconds
[0m16:00:21.793146 [debug] [MainThread]: On master: COMMIT
[0m16:00:21.793356 [debug] [MainThread]: Using duckdb connection "master"
[0m16:00:21.793553 [debug] [MainThread]: On master: COMMIT
[0m16:00:21.793903 [debug] [MainThread]: SQL status: OK in 0.000 seconds
[0m16:00:21.794125 [debug] [MainThread]: On master: Close
[0m16:00:21.794383 [debug] [MainThread]: Connection 'master' was properly closed.
[0m16:00:21.794578 [debug] [MainThread]: Connection 'create_analytics_main' was properly closed.
[0m16:00:21.794758 [debug] [MainThread]: Connection 'list_analytics_main' was properly closed.
[0m16:00:21.794934 [debug] [MainThread]: Connection 'model.ttc_analytics.stg_routes' was properly closed.
[0m16:00:21.795143 [info ] [MainThread]: 
[0m16:00:21.795471 [info ] [MainThread]: Finished running 1 table model in 0 hours 0 minutes and 0.17 seconds (0.17s).
[0m16:00:21.796124 [debug] [MainThread]: Command end result
[0m16:00:21.813322 [debug] [MainThread]: Wrote artifact WritableManifest to C:\Users\Adam White\Desktop\ttc-analytics-hub\warehouse\target\manifest.json
[0m16:00:21.815292 [debug] [MainThread]: Wrote artifact SemanticManifest to C:\Users\Adam White\Desktop\ttc-analytics-hub\warehouse\target\semantic_manifest.json
[0m16:00:21.819953 [debug] [MainThread]: Wrote artifact RunExecutionResult to C:\Users\Adam White\Desktop\ttc-analytics-hub\warehouse\target\run_results.json
[0m16:00:21.820222 [info ] [MainThread]: 
[0m16:00:21.820606 [info ] [MainThread]: [31mCompleted with 1 error, 0 partial successes, and 0 warnings:[0m
[0m16:00:21.820929 [info ] [MainThread]: 
[0m16:00:21.821286 [error] [MainThread]: [31mFailure in model stg_routes (models\staging\stg_routes.sql)[0m
[0m16:00:21.821687 [error] [MainThread]:   Runtime Error in model stg_routes (models\staging\stg_routes.sql)
  Catalog Error: Table with name routes does not exist!
  Did you mean "information_schema.character_sets"?
  
  LINE 16: FROM "analytics"."main"."routes"
                ^
[0m16:00:21.822056 [info ] [MainThread]: 
[0m16:00:21.822372 [info ] [MainThread]:   compiled code at target\compiled\ttc_analytics\models\staging\stg_routes.sql
[0m16:00:21.822636 [info ] [MainThread]: 
[0m16:00:21.822966 [info ] [MainThread]: Done. PASS=0 WARN=0 ERROR=1 SKIP=0 NO-OP=0 TOTAL=1
[0m16:00:21.823862 [debug] [MainThread]: Command `dbt run` failed at 16:00:21.823774 after 0.95 seconds
[0m16:00:21.824159 [debug] [MainThread]: Sending event: {'category': 'dbt', 'action': 'invocation', 'label': 'end', 'context': [<snowplow_tracker.self_describing_json.SelfDescribingJson object at 0x000001769E8EABA0>, <snowplow_tracker.self_describing_json.SelfDescribingJson object at 0x000001769E942DF0>, <snowplow_tracker.self_describing_json.SelfDescribingJson object at 0x000001769E942990>]}
[0m16:00:21.824433 [debug] [MainThread]: Flushing usage events
[0m16:00:22.184223 [debug] [MainThread]: An error was encountered while trying to flush usage events
[0m16:06:45.883746 [debug] [MainThread]: Sending event: {'category': 'dbt', 'action': 'invocation', 'label': 'start', 'context': [<snowplow_tracker.self_describing_json.SelfDescribingJson object at 0x0000013116A3C6E0>, <snowplow_tracker.self_describing_json.SelfDescribingJson object at 0x00000131172111D0>, <snowplow_tracker.self_describing_json.SelfDescribingJson object at 0x0000013117873ED0>]}


============================== 16:06:45.887444 | dda81747-3577-41b6-91f8-877faa47aa01 ==============================
[0m16:06:45.887444 [info ] [MainThread]: Running with dbt=1.10.15
[0m16:06:45.887995 [debug] [MainThread]: running dbt with arguments {'static_parser': 'True', 'no_print': 'None', 'version_check': 'True', 'target_path': 'None', 'warn_error_options': 'WarnErrorOptionsV2(error=[], warn=[], silence=[])', 'printer_width': '80', 'write_json': 'True', 'introspect': 'True', 'log_cache_events': 'False', 'empty': 'None', 'cache_selected_only': 'False', 'log_format': 'default', 'debug': 'False', 'fail_fast': 'False', 'profiles_dir': 'C:\\Users\\Adam White\\.dbt', 'send_anonymous_usage_stats': 'True', 'quiet': 'False', 'warn_error': 'None', 'partial_parse': 'True', 'use_colors': 'True', 'indirect_selection': 'eager', 'invocation_command': 'dbt debug', 'use_experimental_parser': 'False', 'log_path': 'C:\\Users\\Adam White\\Desktop\\ttc-analytics-hub\\warehouse\\logs'}
[0m16:06:45.903412 [info ] [MainThread]: dbt version: 1.10.15
[0m16:06:45.903756 [info ] [MainThread]: python version: 3.13.9
[0m16:06:45.904086 [info ] [MainThread]: python path: C:\Users\Adam White\Desktop\ttc-analytics-hub\warehouse\venv2\Scripts\python.exe
[0m16:06:45.904438 [info ] [MainThread]: os info: Windows-11-10.0.26100-SP0
[0m16:06:45.988207 [info ] [MainThread]: Using profiles dir at C:\Users\Adam White\.dbt
[0m16:06:45.988703 [info ] [MainThread]: Using profiles.yml file at C:\Users\Adam White\.dbt\profiles.yml
[0m16:06:45.989081 [info ] [MainThread]: Using dbt_project.yml file at C:\Users\Adam White\Desktop\ttc-analytics-hub\warehouse\dbt_project.yml
[0m16:06:45.991037 [info ] [MainThread]: adapter type: duckdb
[0m16:06:45.991335 [info ] [MainThread]: adapter version: 1.10.0
[0m16:06:46.065738 [info ] [MainThread]: Configuration:
[0m16:06:46.066250 [info ] [MainThread]:   profiles.yml file [[32mOK found and valid[0m]
[0m16:06:46.066632 [info ] [MainThread]:   dbt_project.yml file [[32mOK found and valid[0m]
[0m16:06:46.066998 [info ] [MainThread]: Required dependencies:
[0m16:06:46.067290 [debug] [MainThread]: Executing "git --help"
[0m16:06:46.094362 [debug] [MainThread]: STDOUT: "b"usage: git [-v | --version] [-h | --help] [-C <path>] [-c <name>=<value>]\n           [--exec-path[=<path>]] [--html-path] [--man-path] [--info-path]\n           [-p | --paginate | -P | --no-pager] [--no-replace-objects] [--no-lazy-fetch]\n           [--no-optional-locks] [--no-advice] [--bare] [--git-dir=<path>]\n           [--work-tree=<path>] [--namespace=<name>] [--config-env=<name>=<envvar>]\n           <command> [<args>]\n\nThese are common Git commands used in various situations:\n\nstart a working area (see also: git help tutorial)\n   clone      Clone a repository into a new directory\n   init       Create an empty Git repository or reinitialize an existing one\n\nwork on the current change (see also: git help everyday)\n   add        Add file contents to the index\n   mv         Move or rename a file, a directory, or a symlink\n   restore    Restore working tree files\n   rm         Remove files from the working tree and from the index\n\nexamine the history and state (see also: git help revisions)\n   bisect     Use binary search to find the commit that introduced a bug\n   diff       Show changes between commits, commit and working tree, etc\n   grep       Print lines matching a pattern\n   log        Show commit logs\n   show       Show various types of objects\n   status     Show the working tree status\n\ngrow, mark and tweak your common history\n   backfill   Download missing objects in a partial clone\n   branch     List, create, or delete branches\n   commit     Record changes to the repository\n   merge      Join two or more development histories together\n   rebase     Reapply commits on top of another base tip\n   reset      Reset current HEAD to the specified state\n   switch     Switch branches\n   tag        Create, list, delete or verify tags\n\ncollaborate (see also: git help workflows)\n   fetch      Download objects and refs from another repository\n   pull       Fetch from and integrate with another repository or a local branch\n   push       Update remote refs along with associated objects\n\n'git help -a' and 'git help -g' list available subcommands and some\nconcept guides. See 'git help <command>' or 'git help <concept>'\nto read about a specific subcommand or concept.\nSee 'git help git' for an overview of the system.\n""
[0m16:06:46.094783 [debug] [MainThread]: STDERR: "b''"
[0m16:06:46.095104 [info ] [MainThread]:  - git [[32mOK found[0m]

[0m16:06:46.095474 [info ] [MainThread]: Connection:
[0m16:06:46.095822 [info ] [MainThread]:   database: analytics
[0m16:06:46.096111 [info ] [MainThread]:   schema: main
[0m16:06:46.096398 [info ] [MainThread]:   path: analytics.duckdb
[0m16:06:46.096684 [info ] [MainThread]:   config_options: None
[0m16:06:46.096953 [info ] [MainThread]:   extensions: None
[0m16:06:46.097213 [info ] [MainThread]:   settings: {}
[0m16:06:46.097466 [info ] [MainThread]:   external_root: .
[0m16:06:46.097717 [info ] [MainThread]:   use_credential_provider: None
[0m16:06:46.098004 [info ] [MainThread]:   attach: None
[0m16:06:46.098282 [info ] [MainThread]:   filesystems: None
[0m16:06:46.098543 [info ] [MainThread]:   remote: None
[0m16:06:46.098798 [info ] [MainThread]:   plugins: None
[0m16:06:46.099102 [info ] [MainThread]:   disable_transactions: False
[0m16:06:46.099657 [info ] [MainThread]: Registered adapter: duckdb=1.10.0
[0m16:06:46.325918 [debug] [MainThread]: Acquiring new duckdb connection 'debug'
[0m16:06:46.388618 [debug] [MainThread]: Using duckdb connection "debug"
[0m16:06:46.388962 [debug] [MainThread]: On debug: select 1 as id
[0m16:06:46.389197 [debug] [MainThread]: Opening a new connection, currently in state init
[0m16:06:46.401439 [debug] [MainThread]: SQL status: OK in 0.012 seconds
[0m16:06:46.402172 [debug] [MainThread]: On debug: Close
[0m16:06:46.402439 [info ] [MainThread]:   Connection test: [[32mOK connection ok[0m]

[0m16:06:46.402867 [info ] [MainThread]: [32mAll checks passed![0m
[0m16:06:46.403761 [debug] [MainThread]: Command `dbt debug` succeeded at 16:06:46.403651 after 0.61 seconds
[0m16:06:46.404009 [debug] [MainThread]: Connection 'debug' was properly closed.
[0m16:06:46.404258 [debug] [MainThread]: Sending event: {'category': 'dbt', 'action': 'invocation', 'label': 'end', 'context': [<snowplow_tracker.self_describing_json.SelfDescribingJson object at 0x0000013118EBC640>, <snowplow_tracker.self_describing_json.SelfDescribingJson object at 0x0000013118C45250>, <snowplow_tracker.self_describing_json.SelfDescribingJson object at 0x0000013117997AC0>]}
[0m16:06:46.404551 [debug] [MainThread]: Flushing usage events
[0m16:06:46.784719 [debug] [MainThread]: An error was encountered while trying to flush usage events
[0m16:06:53.682924 [debug] [MainThread]: Sending event: {'category': 'dbt', 'action': 'invocation', 'label': 'start', 'context': [<snowplow_tracker.self_describing_json.SelfDescribingJson object at 0x000001BF38ADC6E0>, <snowplow_tracker.self_describing_json.SelfDescribingJson object at 0x000001BF392B11D0>, <snowplow_tracker.self_describing_json.SelfDescribingJson object at 0x000001BF39913ED0>]}


============================== 16:06:53.686599 | 709cdc46-a0b9-4915-b0aa-fc1a9e6c598c ==============================
[0m16:06:53.686599 [info ] [MainThread]: Running with dbt=1.10.15
[0m16:06:53.687143 [debug] [MainThread]: running dbt with arguments {'static_parser': 'True', 'no_print': 'None', 'version_check': 'True', 'target_path': 'None', 'warn_error_options': 'WarnErrorOptionsV2(error=[], warn=[], silence=[])', 'printer_width': '80', 'write_json': 'True', 'empty': 'False', 'log_cache_events': 'False', 'introspect': 'True', 'cache_selected_only': 'False', 'log_format': 'default', 'debug': 'False', 'fail_fast': 'False', 'profiles_dir': 'C:\\Users\\Adam White\\.dbt', 'send_anonymous_usage_stats': 'True', 'quiet': 'False', 'warn_error': 'None', 'partial_parse': 'True', 'indirect_selection': 'eager', 'use_colors': 'True', 'invocation_command': 'dbt run --select stg_routes', 'use_experimental_parser': 'False', 'log_path': 'C:\\Users\\Adam White\\Desktop\\ttc-analytics-hub\\warehouse\\logs'}
[0m16:06:53.859165 [debug] [MainThread]: Sending event: {'category': 'dbt', 'action': 'project_id', 'label': '709cdc46-a0b9-4915-b0aa-fc1a9e6c598c', 'context': [<snowplow_tracker.self_describing_json.SelfDescribingJson object at 0x000001BF38C889D0>]}
[0m16:06:53.904917 [debug] [MainThread]: Sending event: {'category': 'dbt', 'action': 'adapter_info', 'label': '709cdc46-a0b9-4915-b0aa-fc1a9e6c598c', 'context': [<snowplow_tracker.self_describing_json.SelfDescribingJson object at 0x000001BF3AA097B0>]}
[0m16:06:53.907130 [info ] [MainThread]: Registered adapter: duckdb=1.10.0
[0m16:06:54.142811 [debug] [MainThread]: checksum: 14a228079bd6df63ba81633f9a3cf44ecfaa31056ac397c602753ec895dbf885, vars: {}, profile: , target: , version: 1.10.15
[0m16:06:54.240207 [debug] [MainThread]: Partial parsing enabled: 0 files deleted, 0 files added, 0 files changed.
[0m16:06:54.240533 [debug] [MainThread]: Partial parsing enabled, no changes found, skipping parsing
[0m16:06:54.245085 [warn ] [MainThread]: [[33mWARNING[0m]: Configuration paths exist in your dbt_project.yml file which do not apply to any resources.
There are 2 unused configuration paths:
- models.ttc_analytics.marts
- models.ttc_analytics.intermediate
[0m16:06:54.267313 [debug] [MainThread]: Sending event: {'category': 'dbt', 'action': 'load_project', 'label': '709cdc46-a0b9-4915-b0aa-fc1a9e6c598c', 'context': [<snowplow_tracker.self_describing_json.SelfDescribingJson object at 0x000001BF3AE45650>]}
[0m16:06:54.319445 [debug] [MainThread]: Wrote artifact WritableManifest to C:\Users\Adam White\Desktop\ttc-analytics-hub\warehouse\target\manifest.json
[0m16:06:54.321592 [debug] [MainThread]: Wrote artifact SemanticManifest to C:\Users\Adam White\Desktop\ttc-analytics-hub\warehouse\target\semantic_manifest.json
[0m16:06:54.342076 [debug] [MainThread]: Sending event: {'category': 'dbt', 'action': 'resource_counts', 'label': '709cdc46-a0b9-4915-b0aa-fc1a9e6c598c', 'context': [<snowplow_tracker.self_describing_json.SelfDescribingJson object at 0x000001BF3994B980>]}
[0m16:06:54.342454 [info ] [MainThread]: Found 1 model, 5 sources, 468 macros
[0m16:06:54.342807 [debug] [MainThread]: Sending event: {'category': 'dbt', 'action': 'runnable_timing', 'label': '709cdc46-a0b9-4915-b0aa-fc1a9e6c598c', 'context': [<snowplow_tracker.self_describing_json.SelfDescribingJson object at 0x000001BF3AA309F0>]}
[0m16:06:54.343928 [info ] [MainThread]: 
[0m16:06:54.344255 [info ] [MainThread]: Concurrency: 4 threads (target='dev')
[0m16:06:54.344535 [info ] [MainThread]: 
[0m16:06:54.344950 [debug] [MainThread]: Acquiring new duckdb connection 'master'
[0m16:06:54.345654 [debug] [ThreadPool]: Acquiring new duckdb connection 'list_analytics'
[0m16:06:54.416900 [debug] [ThreadPool]: Using duckdb connection "list_analytics"
[0m16:06:54.417247 [debug] [ThreadPool]: On list_analytics: /* {"app": "dbt", "dbt_version": "1.10.15", "profile_name": "ttc_analytics", "target_name": "dev", "connection_name": "list_analytics"} */

    
    select schema_name
    from system.information_schema.schemata
    
    where lower(catalog_name) = '"analytics"'
    
  
  
[0m16:06:54.417474 [debug] [ThreadPool]: Opening a new connection, currently in state init
[0m16:06:54.437496 [debug] [ThreadPool]: SQL status: OK in 0.020 seconds
[0m16:06:54.438530 [debug] [ThreadPool]: On list_analytics: Close
[0m16:06:54.439068 [debug] [ThreadPool]: Re-using an available connection from the pool (formerly list_analytics, now create_analytics_main)
[0m16:06:54.439411 [debug] [ThreadPool]: Creating schema "database: "analytics"
schema: "main"
"
[0m16:06:54.444074 [debug] [ThreadPool]: Using duckdb connection "create_analytics_main"
[0m16:06:54.444319 [debug] [ThreadPool]: On create_analytics_main: /* {"app": "dbt", "dbt_version": "1.10.15", "profile_name": "ttc_analytics", "target_name": "dev", "connection_name": "create_analytics_main"} */

    
        select type from duckdb_databases()
        where lower(database_name)='analytics'
        and type='sqlite'
    
  
[0m16:06:54.444537 [debug] [ThreadPool]: Opening a new connection, currently in state closed
[0m16:06:54.445241 [debug] [ThreadPool]: SQL status: OK in 0.001 seconds
[0m16:06:54.446049 [debug] [ThreadPool]: Using duckdb connection "create_analytics_main"
[0m16:06:54.446272 [debug] [ThreadPool]: On create_analytics_main: BEGIN
[0m16:06:54.446626 [debug] [ThreadPool]: SQL status: OK in 0.000 seconds
[0m16:06:54.446864 [debug] [ThreadPool]: Using duckdb connection "create_analytics_main"
[0m16:06:54.447073 [debug] [ThreadPool]: On create_analytics_main: /* {"app": "dbt", "dbt_version": "1.10.15", "profile_name": "ttc_analytics", "target_name": "dev", "connection_name": "create_analytics_main"} */

    
    
        create schema if not exists "analytics"."main"
    
[0m16:06:54.447523 [debug] [ThreadPool]: SQL status: OK in 0.000 seconds
[0m16:06:54.448138 [debug] [ThreadPool]: On create_analytics_main: COMMIT
[0m16:06:54.448366 [debug] [ThreadPool]: Using duckdb connection "create_analytics_main"
[0m16:06:54.448573 [debug] [ThreadPool]: On create_analytics_main: COMMIT
[0m16:06:54.448911 [debug] [ThreadPool]: SQL status: OK in 0.000 seconds
[0m16:06:54.449138 [debug] [ThreadPool]: On create_analytics_main: Close
[0m16:06:54.450177 [debug] [ThreadPool]: Acquiring new duckdb connection 'list_analytics_main'
[0m16:06:54.453743 [debug] [ThreadPool]: Using duckdb connection "list_analytics_main"
[0m16:06:54.453973 [debug] [ThreadPool]: On list_analytics_main: BEGIN
[0m16:06:54.454183 [debug] [ThreadPool]: Opening a new connection, currently in state init
[0m16:06:54.454881 [debug] [ThreadPool]: SQL status: OK in 0.001 seconds
[0m16:06:54.455108 [debug] [ThreadPool]: Using duckdb connection "list_analytics_main"
[0m16:06:54.455374 [debug] [ThreadPool]: On list_analytics_main: /* {"app": "dbt", "dbt_version": "1.10.15", "profile_name": "ttc_analytics", "target_name": "dev", "connection_name": "list_analytics_main"} */
select
      'analytics' as database,
      table_name as name,
      table_schema as schema,
      CASE table_type
        WHEN 'BASE TABLE' THEN 'table'
        WHEN 'VIEW' THEN 'view'
        WHEN 'LOCAL TEMPORARY' THEN 'table'
        END as type
    from system.information_schema.tables
    where lower(table_schema) = 'main'
    and lower(table_catalog) = 'analytics'
  
[0m16:06:54.465241 [debug] [ThreadPool]: SQL status: OK in 0.010 seconds
[0m16:06:54.466032 [debug] [ThreadPool]: On list_analytics_main: ROLLBACK
[0m16:06:54.466914 [debug] [ThreadPool]: Failed to rollback 'list_analytics_main'
[0m16:06:54.467144 [debug] [ThreadPool]: On list_analytics_main: Close
[0m16:06:54.467598 [debug] [MainThread]: Sending event: {'category': 'dbt', 'action': 'runnable_timing', 'label': '709cdc46-a0b9-4915-b0aa-fc1a9e6c598c', 'context': [<snowplow_tracker.self_describing_json.SelfDescribingJson object at 0x000001BF3B203AD0>]}
[0m16:06:54.467961 [debug] [MainThread]: Using duckdb connection "master"
[0m16:06:54.468177 [debug] [MainThread]: On master: BEGIN
[0m16:06:54.468377 [debug] [MainThread]: Opening a new connection, currently in state init
[0m16:06:54.468757 [debug] [MainThread]: SQL status: OK in 0.000 seconds
[0m16:06:54.468977 [debug] [MainThread]: On master: COMMIT
[0m16:06:54.469183 [debug] [MainThread]: Using duckdb connection "master"
[0m16:06:54.469388 [debug] [MainThread]: On master: COMMIT
[0m16:06:54.469714 [debug] [MainThread]: SQL status: OK in 0.000 seconds
[0m16:06:54.469926 [debug] [MainThread]: On master: Close
[0m16:06:54.472904 [debug] [Thread-1 (]: Began running node model.ttc_analytics.stg_routes
[0m16:06:54.473283 [info ] [Thread-1 (]: 1 of 1 START sql table model main.stg_routes ................................... [RUN]
[0m16:06:54.473748 [debug] [Thread-1 (]: Acquiring new duckdb connection 'model.ttc_analytics.stg_routes'
[0m16:06:54.474076 [debug] [Thread-1 (]: Began compiling node model.ttc_analytics.stg_routes
[0m16:06:54.479369 [debug] [Thread-1 (]: Writing injected SQL for node "model.ttc_analytics.stg_routes"
[0m16:06:54.480100 [debug] [Thread-1 (]: Began executing node model.ttc_analytics.stg_routes
[0m16:06:54.505249 [debug] [Thread-1 (]: Writing runtime sql for node "model.ttc_analytics.stg_routes"
[0m16:06:54.506205 [debug] [Thread-1 (]: Using duckdb connection "model.ttc_analytics.stg_routes"
[0m16:06:54.506494 [debug] [Thread-1 (]: On model.ttc_analytics.stg_routes: BEGIN
[0m16:06:54.506741 [debug] [Thread-1 (]: Opening a new connection, currently in state init
[0m16:06:54.507433 [debug] [Thread-1 (]: SQL status: OK in 0.001 seconds
[0m16:06:54.507694 [debug] [Thread-1 (]: Using duckdb connection "model.ttc_analytics.stg_routes"
[0m16:06:54.507945 [debug] [Thread-1 (]: On model.ttc_analytics.stg_routes: /* {"app": "dbt", "dbt_version": "1.10.15", "profile_name": "ttc_analytics", "target_name": "dev", "node_id": "model.ttc_analytics.stg_routes"} */

  
    
    

    create  table
      "analytics"."main"."stg_routes__dbt_tmp"
  
    as (
      SELECT  route_id
       ,agency_id
       ,route_short_name
       ,route_long_name
       ,route_type
FROM "analytics"."main"."routes"
    );
  
  
[0m16:06:54.508707 [debug] [Thread-1 (]: DuckDB adapter: Error running SQL: /* {"app": "dbt", "dbt_version": "1.10.15", "profile_name": "ttc_analytics", "target_name": "dev", "node_id": "model.ttc_analytics.stg_routes"} */

  
    
    

    create  table
      "analytics"."main"."stg_routes__dbt_tmp"
  
    as (
      SELECT  route_id
       ,agency_id
       ,route_short_name
       ,route_long_name
       ,route_type
FROM "analytics"."main"."routes"
    );
  
  
[0m16:06:54.508982 [debug] [Thread-1 (]: DuckDB adapter: Rolling back transaction.
[0m16:06:54.509316 [debug] [Thread-1 (]: On model.ttc_analytics.stg_routes: ROLLBACK
[0m16:06:54.514637 [debug] [Thread-1 (]: Failed to rollback 'model.ttc_analytics.stg_routes'
[0m16:06:54.514920 [debug] [Thread-1 (]: On model.ttc_analytics.stg_routes: Close
[0m16:06:54.517884 [debug] [Thread-1 (]: Runtime Error in model stg_routes (models\staging\stg_routes.sql)
  Catalog Error: Table with name routes does not exist!
  Did you mean "information_schema.character_sets"?
  
  LINE 16: FROM "analytics"."main"."routes"
                ^
[0m16:06:54.519512 [debug] [Thread-1 (]: Sending event: {'category': 'dbt', 'action': 'run_model', 'label': '709cdc46-a0b9-4915-b0aa-fc1a9e6c598c', 'context': [<snowplow_tracker.self_describing_json.SelfDescribingJson object at 0x000001BF3B062BD0>]}
[0m16:06:54.520036 [error] [Thread-1 (]: 1 of 1 ERROR creating sql table model main.stg_routes .......................... [[31mERROR[0m in 0.04s]
[0m16:06:54.520585 [debug] [Thread-1 (]: Finished running node model.ttc_analytics.stg_routes
[0m16:06:54.521061 [debug] [Thread-7 (]: Marking all children of 'model.ttc_analytics.stg_routes' to be skipped because of status 'error'.  Reason: Runtime Error in model stg_routes (models\staging\stg_routes.sql)
  Catalog Error: Table with name routes does not exist!
  Did you mean "information_schema.character_sets"?
  
  LINE 16: FROM "analytics"."main"."routes"
                ^.
[0m16:06:54.522579 [debug] [MainThread]: Using duckdb connection "master"
[0m16:06:54.522847 [debug] [MainThread]: On master: BEGIN
[0m16:06:54.523051 [debug] [MainThread]: Opening a new connection, currently in state closed
[0m16:06:54.523463 [debug] [MainThread]: SQL status: OK in 0.000 seconds
[0m16:06:54.523685 [debug] [MainThread]: On master: COMMIT
[0m16:06:54.523890 [debug] [MainThread]: Using duckdb connection "master"
[0m16:06:54.524094 [debug] [MainThread]: On master: COMMIT
[0m16:06:54.524426 [debug] [MainThread]: SQL status: OK in 0.000 seconds
[0m16:06:54.524644 [debug] [MainThread]: On master: Close
[0m16:06:54.524897 [debug] [MainThread]: Connection 'master' was properly closed.
[0m16:06:54.525088 [debug] [MainThread]: Connection 'create_analytics_main' was properly closed.
[0m16:06:54.525268 [debug] [MainThread]: Connection 'list_analytics_main' was properly closed.
[0m16:06:54.525445 [debug] [MainThread]: Connection 'model.ttc_analytics.stg_routes' was properly closed.
[0m16:06:54.525649 [info ] [MainThread]: 
[0m16:06:54.525989 [info ] [MainThread]: Finished running 1 table model in 0 hours 0 minutes and 0.18 seconds (0.18s).
[0m16:06:54.526747 [debug] [MainThread]: Command end result
[0m16:06:54.543773 [debug] [MainThread]: Wrote artifact WritableManifest to C:\Users\Adam White\Desktop\ttc-analytics-hub\warehouse\target\manifest.json
[0m16:06:54.545832 [debug] [MainThread]: Wrote artifact SemanticManifest to C:\Users\Adam White\Desktop\ttc-analytics-hub\warehouse\target\semantic_manifest.json
[0m16:06:54.550496 [debug] [MainThread]: Wrote artifact RunExecutionResult to C:\Users\Adam White\Desktop\ttc-analytics-hub\warehouse\target\run_results.json
[0m16:06:54.550760 [info ] [MainThread]: 
[0m16:06:54.551133 [info ] [MainThread]: [31mCompleted with 1 error, 0 partial successes, and 0 warnings:[0m
[0m16:06:54.551471 [info ] [MainThread]: 
[0m16:06:54.551871 [error] [MainThread]: [31mFailure in model stg_routes (models\staging\stg_routes.sql)[0m
[0m16:06:54.552228 [error] [MainThread]:   Runtime Error in model stg_routes (models\staging\stg_routes.sql)
  Catalog Error: Table with name routes does not exist!
  Did you mean "information_schema.character_sets"?
  
  LINE 16: FROM "analytics"."main"."routes"
                ^
[0m16:06:54.552546 [info ] [MainThread]: 
[0m16:06:54.552856 [info ] [MainThread]:   compiled code at target\compiled\ttc_analytics\models\staging\stg_routes.sql
[0m16:06:54.553116 [info ] [MainThread]: 
[0m16:06:54.553401 [info ] [MainThread]: Done. PASS=0 WARN=0 ERROR=1 SKIP=0 NO-OP=0 TOTAL=1
[0m16:06:54.554106 [debug] [MainThread]: Command `dbt run` failed at 16:06:54.554020 after 0.96 seconds
[0m16:06:54.554405 [debug] [MainThread]: Sending event: {'category': 'dbt', 'action': 'invocation', 'label': 'end', 'context': [<snowplow_tracker.self_describing_json.SelfDescribingJson object at 0x000001BF3B04ABA0>, <snowplow_tracker.self_describing_json.SelfDescribingJson object at 0x000001BF3B0A2DF0>, <snowplow_tracker.self_describing_json.SelfDescribingJson object at 0x000001BF3B0A2990>]}
[0m16:06:54.554681 [debug] [MainThread]: Flushing usage events
[0m16:06:54.908235 [debug] [MainThread]: An error was encountered while trying to flush usage events
[0m16:15:11.165012 [debug] [MainThread]: Sending event: {'category': 'dbt', 'action': 'invocation', 'label': 'start', 'context': [<snowplow_tracker.self_describing_json.SelfDescribingJson object at 0x000001DAB19FC6E0>, <snowplow_tracker.self_describing_json.SelfDescribingJson object at 0x000001DAB21D11D0>, <snowplow_tracker.self_describing_json.SelfDescribingJson object at 0x000001DAB2833ED0>]}


============================== 16:15:11.168702 | 8e6e9c80-015e-450f-ad2e-fc0345ef6f55 ==============================
[0m16:15:11.168702 [info ] [MainThread]: Running with dbt=1.10.15
[0m16:15:11.169260 [debug] [MainThread]: running dbt with arguments {'static_parser': 'True', 'no_print': 'None', 'version_check': 'True', 'warn_error_options': 'WarnErrorOptionsV2(error=[], warn=[], silence=[])', 'target_path': 'None', 'printer_width': '80', 'write_json': 'True', 'introspect': 'True', 'log_cache_events': 'False', 'empty': 'False', 'cache_selected_only': 'False', 'fail_fast': 'False', 'debug': 'False', 'log_format': 'default', 'partial_parse': 'True', 'send_anonymous_usage_stats': 'True', 'quiet': 'False', 'warn_error': 'None', 'profiles_dir': 'C:\\Users\\Adam White\\.dbt', 'use_colors': 'True', 'indirect_selection': 'eager', 'invocation_command': 'dbt run --select stg_routes', 'use_experimental_parser': 'False', 'log_path': 'C:\\Users\\Adam White\\Desktop\\ttc-analytics-hub\\warehouse\\logs'}
[0m16:15:11.341442 [debug] [MainThread]: Sending event: {'category': 'dbt', 'action': 'project_id', 'label': '8e6e9c80-015e-450f-ad2e-fc0345ef6f55', 'context': [<snowplow_tracker.self_describing_json.SelfDescribingJson object at 0x000001DAB1BA89D0>]}
[0m16:15:11.386922 [debug] [MainThread]: Sending event: {'category': 'dbt', 'action': 'adapter_info', 'label': '8e6e9c80-015e-450f-ad2e-fc0345ef6f55', 'context': [<snowplow_tracker.self_describing_json.SelfDescribingJson object at 0x000001DAB392D7B0>]}
[0m16:15:11.389104 [info ] [MainThread]: Registered adapter: duckdb=1.10.0
[0m16:15:11.618853 [debug] [MainThread]: checksum: 14a228079bd6df63ba81633f9a3cf44ecfaa31056ac397c602753ec895dbf885, vars: {}, profile: , target: , version: 1.10.15
[0m16:15:11.725249 [debug] [MainThread]: Partial parsing enabled: 0 files deleted, 0 files added, 1 files changed.
[0m16:15:11.725800 [debug] [MainThread]: Partial parsing: updated file: ttc_analytics://models\sources.yml
[0m16:15:11.922986 [error] [MainThread]: Encountered an error:
Compilation Error
  dbt found two sources with the name "gtfs_raw_routes".
  
  Since these resources have the same name, dbt will be unable to find the correct resource
  when looking for source("gtfs_raw", "routes").
  
  To fix this, change the name of one of these resources:
  - source.ttc_analytics.gtfs_raw.routes (models\sources.yml)
  - source.ttc_analytics.gtfs_raw.routes (models\sources.yml)
[0m16:15:11.924482 [debug] [MainThread]: Command `dbt run` failed at 16:15:11.924374 after 0.85 seconds
[0m16:15:11.924779 [debug] [MainThread]: Sending event: {'category': 'dbt', 'action': 'invocation', 'label': 'end', 'context': [<snowplow_tracker.self_describing_json.SelfDescribingJson object at 0x000001DAB3D12F50>, <snowplow_tracker.self_describing_json.SelfDescribingJson object at 0x000001DAB3D13050>, <snowplow_tracker.self_describing_json.SelfDescribingJson object at 0x000001DAB3F6D310>]}
[0m16:15:11.925060 [debug] [MainThread]: Flushing usage events
[0m16:15:12.296987 [debug] [MainThread]: An error was encountered while trying to flush usage events
[0m16:15:49.888718 [debug] [MainThread]: Sending event: {'category': 'dbt', 'action': 'invocation', 'label': 'start', 'context': [<snowplow_tracker.self_describing_json.SelfDescribingJson object at 0x00000242A4EEC6E0>, <snowplow_tracker.self_describing_json.SelfDescribingJson object at 0x00000242A56C11D0>, <snowplow_tracker.self_describing_json.SelfDescribingJson object at 0x00000242A5D23ED0>]}


============================== 16:15:49.892762 | 84fa575f-c341-46cf-bea5-3fa2b7c76ae3 ==============================
[0m16:15:49.892762 [info ] [MainThread]: Running with dbt=1.10.15
[0m16:15:49.893327 [debug] [MainThread]: running dbt with arguments {'version_check': 'True', 'no_print': 'None', 'static_parser': 'True', 'target_path': 'None', 'warn_error_options': 'WarnErrorOptionsV2(error=[], warn=[], silence=[])', 'printer_width': '80', 'write_json': 'True', 'empty': 'False', 'log_cache_events': 'False', 'introspect': 'True', 'cache_selected_only': 'False', 'log_format': 'default', 'debug': 'False', 'fail_fast': 'False', 'profiles_dir': 'C:\\Users\\Adam White\\.dbt', 'send_anonymous_usage_stats': 'True', 'quiet': 'False', 'warn_error': 'None', 'partial_parse': 'True', 'indirect_selection': 'eager', 'use_colors': 'True', 'invocation_command': 'dbt run --select stg_routes', 'use_experimental_parser': 'False', 'log_path': 'C:\\Users\\Adam White\\Desktop\\ttc-analytics-hub\\warehouse\\logs'}
[0m16:15:50.063877 [debug] [MainThread]: Sending event: {'category': 'dbt', 'action': 'project_id', 'label': '84fa575f-c341-46cf-bea5-3fa2b7c76ae3', 'context': [<snowplow_tracker.self_describing_json.SelfDescribingJson object at 0x00000242A50949D0>]}
[0m16:15:50.109488 [debug] [MainThread]: Sending event: {'category': 'dbt', 'action': 'adapter_info', 'label': '84fa575f-c341-46cf-bea5-3fa2b7c76ae3', 'context': [<snowplow_tracker.self_describing_json.SelfDescribingJson object at 0x00000242A6E157B0>]}
[0m16:15:50.111711 [info ] [MainThread]: Registered adapter: duckdb=1.10.0
[0m16:15:50.336493 [debug] [MainThread]: checksum: 14a228079bd6df63ba81633f9a3cf44ecfaa31056ac397c602753ec895dbf885, vars: {}, profile: , target: , version: 1.10.15
[0m16:15:50.439239 [debug] [MainThread]: Partial parsing enabled: 0 files deleted, 0 files added, 1 files changed.
[0m16:15:50.439819 [debug] [MainThread]: Partial parsing: updated file: ttc_analytics://models\sources.yml
[0m16:15:50.693670 [warn ] [MainThread]: [[33mWARNING[0m]: Configuration paths exist in your dbt_project.yml file which do not apply to any resources.
There are 2 unused configuration paths:
- models.ttc_analytics.marts
- models.ttc_analytics.intermediate
[0m16:15:50.701746 [debug] [MainThread]: Sending event: {'category': 'dbt', 'action': 'load_project', 'label': '84fa575f-c341-46cf-bea5-3fa2b7c76ae3', 'context': [<snowplow_tracker.self_describing_json.SelfDescribingJson object at 0x00000242A71E6850>]}
[0m16:15:50.790867 [debug] [MainThread]: Wrote artifact WritableManifest to C:\Users\Adam White\Desktop\ttc-analytics-hub\warehouse\target\manifest.json
[0m16:15:50.792870 [debug] [MainThread]: Wrote artifact SemanticManifest to C:\Users\Adam White\Desktop\ttc-analytics-hub\warehouse\target\semantic_manifest.json
[0m16:15:50.813122 [debug] [MainThread]: Sending event: {'category': 'dbt', 'action': 'resource_counts', 'label': '84fa575f-c341-46cf-bea5-3fa2b7c76ae3', 'context': [<snowplow_tracker.self_describing_json.SelfDescribingJson object at 0x00000242A5BAFC50>]}
[0m16:15:50.813439 [info ] [MainThread]: Found 1 model, 4 sources, 468 macros
[0m16:15:50.813787 [debug] [MainThread]: Sending event: {'category': 'dbt', 'action': 'runnable_timing', 'label': '84fa575f-c341-46cf-bea5-3fa2b7c76ae3', 'context': [<snowplow_tracker.self_describing_json.SelfDescribingJson object at 0x00000242A5D266D0>]}
[0m16:15:50.814929 [info ] [MainThread]: 
[0m16:15:50.815287 [info ] [MainThread]: Concurrency: 4 threads (target='dev')
[0m16:15:50.815628 [info ] [MainThread]: 
[0m16:15:50.816104 [debug] [MainThread]: Acquiring new duckdb connection 'master'
[0m16:15:50.816852 [debug] [ThreadPool]: Acquiring new duckdb connection 'list_analytics'
[0m16:15:50.896361 [debug] [ThreadPool]: Using duckdb connection "list_analytics"
[0m16:15:50.896710 [debug] [ThreadPool]: On list_analytics: /* {"app": "dbt", "dbt_version": "1.10.15", "profile_name": "ttc_analytics", "target_name": "dev", "connection_name": "list_analytics"} */

    
    select schema_name
    from system.information_schema.schemata
    
    where lower(catalog_name) = '"analytics"'
    
  
  
[0m16:15:50.896950 [debug] [ThreadPool]: Opening a new connection, currently in state init
[0m16:15:50.908487 [debug] [ThreadPool]: SQL status: OK in 0.012 seconds
[0m16:15:50.909391 [debug] [ThreadPool]: On list_analytics: Close
[0m16:15:50.909939 [debug] [ThreadPool]: Re-using an available connection from the pool (formerly list_analytics, now create_analytics_main)
[0m16:15:50.910284 [debug] [ThreadPool]: Creating schema "database: "analytics"
schema: "main"
"
[0m16:15:50.914859 [debug] [ThreadPool]: Using duckdb connection "create_analytics_main"
[0m16:15:50.915101 [debug] [ThreadPool]: On create_analytics_main: /* {"app": "dbt", "dbt_version": "1.10.15", "profile_name": "ttc_analytics", "target_name": "dev", "connection_name": "create_analytics_main"} */

    
        select type from duckdb_databases()
        where lower(database_name)='analytics'
        and type='sqlite'
    
  
[0m16:15:50.915317 [debug] [ThreadPool]: Opening a new connection, currently in state closed
[0m16:15:50.915928 [debug] [ThreadPool]: SQL status: OK in 0.001 seconds
[0m16:15:50.916750 [debug] [ThreadPool]: Using duckdb connection "create_analytics_main"
[0m16:15:50.916971 [debug] [ThreadPool]: On create_analytics_main: BEGIN
[0m16:15:50.917320 [debug] [ThreadPool]: SQL status: OK in 0.000 seconds
[0m16:15:50.917534 [debug] [ThreadPool]: Using duckdb connection "create_analytics_main"
[0m16:15:50.917747 [debug] [ThreadPool]: On create_analytics_main: /* {"app": "dbt", "dbt_version": "1.10.15", "profile_name": "ttc_analytics", "target_name": "dev", "connection_name": "create_analytics_main"} */

    
    
        create schema if not exists "analytics"."main"
    
[0m16:15:50.918127 [debug] [ThreadPool]: SQL status: OK in 0.000 seconds
[0m16:15:50.918677 [debug] [ThreadPool]: On create_analytics_main: COMMIT
[0m16:15:50.918899 [debug] [ThreadPool]: Using duckdb connection "create_analytics_main"
[0m16:15:50.919101 [debug] [ThreadPool]: On create_analytics_main: COMMIT
[0m16:15:50.919434 [debug] [ThreadPool]: SQL status: OK in 0.000 seconds
[0m16:15:50.919664 [debug] [ThreadPool]: On create_analytics_main: Close
[0m16:15:50.920510 [debug] [ThreadPool]: Acquiring new duckdb connection 'list_analytics_main'
[0m16:15:50.924461 [debug] [ThreadPool]: Using duckdb connection "list_analytics_main"
[0m16:15:50.924708 [debug] [ThreadPool]: On list_analytics_main: BEGIN
[0m16:15:50.924912 [debug] [ThreadPool]: Opening a new connection, currently in state init
[0m16:15:50.925303 [debug] [ThreadPool]: SQL status: OK in 0.000 seconds
[0m16:15:50.925523 [debug] [ThreadPool]: Using duckdb connection "list_analytics_main"
[0m16:15:50.925736 [debug] [ThreadPool]: On list_analytics_main: /* {"app": "dbt", "dbt_version": "1.10.15", "profile_name": "ttc_analytics", "target_name": "dev", "connection_name": "list_analytics_main"} */
select
      'analytics' as database,
      table_name as name,
      table_schema as schema,
      CASE table_type
        WHEN 'BASE TABLE' THEN 'table'
        WHEN 'VIEW' THEN 'view'
        WHEN 'LOCAL TEMPORARY' THEN 'table'
        END as type
    from system.information_schema.tables
    where lower(table_schema) = 'main'
    and lower(table_catalog) = 'analytics'
  
[0m16:15:50.935635 [debug] [ThreadPool]: SQL status: OK in 0.010 seconds
[0m16:15:50.936404 [debug] [ThreadPool]: On list_analytics_main: ROLLBACK
[0m16:15:50.937258 [debug] [ThreadPool]: Failed to rollback 'list_analytics_main'
[0m16:15:50.937537 [debug] [ThreadPool]: On list_analytics_main: Close
[0m16:15:50.938009 [debug] [MainThread]: Sending event: {'category': 'dbt', 'action': 'runnable_timing', 'label': '84fa575f-c341-46cf-bea5-3fa2b7c76ae3', 'context': [<snowplow_tracker.self_describing_json.SelfDescribingJson object at 0x00000242A78906D0>]}
[0m16:15:50.938403 [debug] [MainThread]: Using duckdb connection "master"
[0m16:15:50.938619 [debug] [MainThread]: On master: BEGIN
[0m16:15:50.938818 [debug] [MainThread]: Opening a new connection, currently in state init
[0m16:15:50.939193 [debug] [MainThread]: SQL status: OK in 0.000 seconds
[0m16:15:50.939412 [debug] [MainThread]: On master: COMMIT
[0m16:15:50.939618 [debug] [MainThread]: Using duckdb connection "master"
[0m16:15:50.939826 [debug] [MainThread]: On master: COMMIT
[0m16:15:50.940147 [debug] [MainThread]: SQL status: OK in 0.000 seconds
[0m16:15:50.940362 [debug] [MainThread]: On master: Close
[0m16:15:50.943329 [debug] [Thread-1 (]: Began running node model.ttc_analytics.stg_routes
[0m16:15:50.943711 [info ] [Thread-1 (]: 1 of 1 START sql table model main.stg_routes ................................... [RUN]
[0m16:15:50.944242 [debug] [Thread-1 (]: Acquiring new duckdb connection 'model.ttc_analytics.stg_routes'
[0m16:15:50.944554 [debug] [Thread-1 (]: Began compiling node model.ttc_analytics.stg_routes
[0m16:15:50.949454 [debug] [Thread-1 (]: Writing injected SQL for node "model.ttc_analytics.stg_routes"
[0m16:15:50.950210 [debug] [Thread-1 (]: Began executing node model.ttc_analytics.stg_routes
[0m16:15:50.975758 [debug] [Thread-1 (]: Writing runtime sql for node "model.ttc_analytics.stg_routes"
[0m16:15:50.976692 [debug] [Thread-1 (]: Using duckdb connection "model.ttc_analytics.stg_routes"
[0m16:15:50.976994 [debug] [Thread-1 (]: On model.ttc_analytics.stg_routes: BEGIN
[0m16:15:50.977250 [debug] [Thread-1 (]: Opening a new connection, currently in state init
[0m16:15:50.977957 [debug] [Thread-1 (]: SQL status: OK in 0.001 seconds
[0m16:15:50.978231 [debug] [Thread-1 (]: Using duckdb connection "model.ttc_analytics.stg_routes"
[0m16:15:50.978498 [debug] [Thread-1 (]: On model.ttc_analytics.stg_routes: /* {"app": "dbt", "dbt_version": "1.10.15", "profile_name": "ttc_analytics", "target_name": "dev", "node_id": "model.ttc_analytics.stg_routes"} */

  
    
    

    create  table
      "analytics"."main"."stg_routes__dbt_tmp"
  
    as (
      SELECT  route_id
       ,agency_id
       ,route_short_name
       ,route_long_name
       ,route_type
FROM '../backend/data/gtfs_raw/static_routes.csv'
    );
  
  
[0m16:15:50.986777 [debug] [Thread-1 (]: SQL status: OK in 0.008 seconds
[0m16:15:50.991050 [debug] [Thread-1 (]: Using duckdb connection "model.ttc_analytics.stg_routes"
[0m16:15:50.991326 [debug] [Thread-1 (]: On model.ttc_analytics.stg_routes: /* {"app": "dbt", "dbt_version": "1.10.15", "profile_name": "ttc_analytics", "target_name": "dev", "node_id": "model.ttc_analytics.stg_routes"} */
alter table "analytics"."main"."stg_routes__dbt_tmp" rename to "stg_routes"
[0m16:15:50.991868 [debug] [Thread-1 (]: SQL status: OK in 0.000 seconds
[0m16:15:51.001016 [debug] [Thread-1 (]: On model.ttc_analytics.stg_routes: COMMIT
[0m16:15:51.001293 [debug] [Thread-1 (]: Using duckdb connection "model.ttc_analytics.stg_routes"
[0m16:15:51.001540 [debug] [Thread-1 (]: On model.ttc_analytics.stg_routes: COMMIT
[0m16:15:51.003233 [debug] [Thread-1 (]: SQL status: OK in 0.001 seconds
[0m16:15:51.007086 [debug] [Thread-1 (]: Using duckdb connection "model.ttc_analytics.stg_routes"
[0m16:15:51.007359 [debug] [Thread-1 (]: On model.ttc_analytics.stg_routes: /* {"app": "dbt", "dbt_version": "1.10.15", "profile_name": "ttc_analytics", "target_name": "dev", "node_id": "model.ttc_analytics.stg_routes"} */

      drop table if exists "analytics"."main"."stg_routes__dbt_backup" cascade
    
[0m16:15:51.007817 [debug] [Thread-1 (]: SQL status: OK in 0.000 seconds
[0m16:15:51.009407 [debug] [Thread-1 (]: On model.ttc_analytics.stg_routes: Close
[0m16:15:51.010999 [debug] [Thread-1 (]: Sending event: {'category': 'dbt', 'action': 'run_model', 'label': '84fa575f-c341-46cf-bea5-3fa2b7c76ae3', 'context': [<snowplow_tracker.self_describing_json.SelfDescribingJson object at 0x00000242A7397950>]}
[0m16:15:51.011461 [info ] [Thread-1 (]: 1 of 1 OK created sql table model main.stg_routes .............................. [[32mOK[0m in 0.07s]
[0m16:15:51.012073 [debug] [Thread-1 (]: Finished running node model.ttc_analytics.stg_routes
[0m16:15:51.013172 [debug] [MainThread]: Using duckdb connection "master"
[0m16:15:51.013436 [debug] [MainThread]: On master: BEGIN
[0m16:15:51.013641 [debug] [MainThread]: Opening a new connection, currently in state closed
[0m16:15:51.014023 [debug] [MainThread]: SQL status: OK in 0.000 seconds
[0m16:15:51.014243 [debug] [MainThread]: On master: COMMIT
[0m16:15:51.014446 [debug] [MainThread]: Using duckdb connection "master"
[0m16:15:51.014649 [debug] [MainThread]: On master: COMMIT
[0m16:15:51.014977 [debug] [MainThread]: SQL status: OK in 0.000 seconds
[0m16:15:51.015193 [debug] [MainThread]: On master: Close
[0m16:15:51.015450 [debug] [MainThread]: Connection 'master' was properly closed.
[0m16:15:51.015644 [debug] [MainThread]: Connection 'create_analytics_main' was properly closed.
[0m16:15:51.015825 [debug] [MainThread]: Connection 'list_analytics_main' was properly closed.
[0m16:15:51.016002 [debug] [MainThread]: Connection 'model.ttc_analytics.stg_routes' was properly closed.
[0m16:15:51.016213 [info ] [MainThread]: 
[0m16:15:51.016548 [info ] [MainThread]: Finished running 1 table model in 0 hours 0 minutes and 0.20 seconds (0.20s).
[0m16:15:51.017265 [debug] [MainThread]: Command end result
[0m16:15:51.032091 [debug] [MainThread]: Wrote artifact WritableManifest to C:\Users\Adam White\Desktop\ttc-analytics-hub\warehouse\target\manifest.json
[0m16:15:51.034137 [debug] [MainThread]: Wrote artifact SemanticManifest to C:\Users\Adam White\Desktop\ttc-analytics-hub\warehouse\target\semantic_manifest.json
[0m16:15:51.038518 [debug] [MainThread]: Wrote artifact RunExecutionResult to C:\Users\Adam White\Desktop\ttc-analytics-hub\warehouse\target\run_results.json
[0m16:15:51.038768 [info ] [MainThread]: 
[0m16:15:51.039187 [info ] [MainThread]: [32mCompleted successfully[0m
[0m16:15:51.039525 [info ] [MainThread]: 
[0m16:15:51.039828 [info ] [MainThread]: Done. PASS=1 WARN=0 ERROR=0 SKIP=0 NO-OP=0 TOTAL=1
[0m16:15:51.040527 [debug] [MainThread]: Command `dbt run` succeeded at 16:15:51.040444 after 1.24 seconds
[0m16:15:51.040801 [debug] [MainThread]: Sending event: {'category': 'dbt', 'action': 'invocation', 'label': 'end', 'context': [<snowplow_tracker.self_describing_json.SelfDescribingJson object at 0x00000242A7605DE0>, <snowplow_tracker.self_describing_json.SelfDescribingJson object at 0x00000242A6E600F0>, <snowplow_tracker.self_describing_json.SelfDescribingJson object at 0x00000242A6E618B0>]}
[0m16:15:51.041066 [debug] [MainThread]: Flushing usage events
[0m16:15:51.404799 [debug] [MainThread]: An error was encountered while trying to flush usage events
[0m17:46:03.881971 [debug] [MainThread]: Sending event: {'category': 'dbt', 'action': 'invocation', 'label': 'start', 'context': [<snowplow_tracker.self_describing_json.SelfDescribingJson object at 0x000001FE4D1DC6E0>, <snowplow_tracker.self_describing_json.SelfDescribingJson object at 0x000001FE4D9B11D0>, <snowplow_tracker.self_describing_json.SelfDescribingJson object at 0x000001FE4E013ED0>]}


============================== 17:46:03.886172 | fd231831-f422-4d37-ad14-0dac8cf7dc49 ==============================
[0m17:46:03.886172 [info ] [MainThread]: Running with dbt=1.10.15
[0m17:46:03.886740 [debug] [MainThread]: running dbt with arguments {'static_parser': 'True', 'no_print': 'None', 'version_check': 'True', 'target_path': 'None', 'warn_error_options': 'WarnErrorOptionsV2(error=[], warn=[], silence=[])', 'printer_width': '80', 'write_json': 'True', 'introspect': 'True', 'log_cache_events': 'False', 'empty': 'False', 'cache_selected_only': 'False', 'log_format': 'default', 'debug': 'False', 'fail_fast': 'False', 'partial_parse': 'True', 'send_anonymous_usage_stats': 'True', 'quiet': 'False', 'warn_error': 'None', 'profiles_dir': 'C:\\Users\\Adam White\\.dbt', 'indirect_selection': 'eager', 'invocation_command': 'dbt run', 'use_colors': 'True', 'use_experimental_parser': 'False', 'log_path': 'C:\\Users\\Adam White\\Desktop\\ttc-analytics-hub\\warehouse\\logs'}
[0m17:46:04.116963 [debug] [MainThread]: Sending event: {'category': 'dbt', 'action': 'project_id', 'label': 'fd231831-f422-4d37-ad14-0dac8cf7dc49', 'context': [<snowplow_tracker.self_describing_json.SelfDescribingJson object at 0x000001FE4D3889D0>]}
[0m17:46:04.162507 [debug] [MainThread]: Sending event: {'category': 'dbt', 'action': 'adapter_info', 'label': 'fd231831-f422-4d37-ad14-0dac8cf7dc49', 'context': [<snowplow_tracker.self_describing_json.SelfDescribingJson object at 0x000001FE4E1397B0>]}
[0m17:46:04.176673 [info ] [MainThread]: Registered adapter: duckdb=1.10.0
[0m17:46:04.460453 [debug] [MainThread]: checksum: 14a228079bd6df63ba81633f9a3cf44ecfaa31056ac397c602753ec895dbf885, vars: {}, profile: , target: , version: 1.10.15
[0m17:46:04.757288 [debug] [MainThread]: Partial parsing enabled: 0 files deleted, 4 files added, 2 files changed.
[0m17:46:04.757749 [debug] [MainThread]: Partial parsing: added file: ttc_analytics://models\staging\stg_trips.sql
[0m17:46:04.758031 [debug] [MainThread]: Partial parsing: added file: ttc_analytics://models\staging\stg_stop_times.sql
[0m17:46:04.758277 [debug] [MainThread]: Partial parsing: added file: ttc_analytics://models\staging\stg_shapes.sql
[0m17:46:04.758515 [debug] [MainThread]: Partial parsing: added file: ttc_analytics://models\staging\stg_stops.sql
[0m17:46:04.758915 [debug] [MainThread]: Partial parsing: updated file: ttc_analytics://models\sources.yml
[0m17:46:04.759162 [debug] [MainThread]: Partial parsing: updated file: ttc_analytics://models\staging\stg_routes.sql
[0m17:46:05.061793 [warn ] [MainThread]: [[33mWARNING[0m]: Configuration paths exist in your dbt_project.yml file which do not apply to any resources.
There are 2 unused configuration paths:
- models.ttc_analytics.marts
- models.ttc_analytics.intermediate
[0m17:46:05.068713 [debug] [MainThread]: Sending event: {'category': 'dbt', 'action': 'load_project', 'label': 'fd231831-f422-4d37-ad14-0dac8cf7dc49', 'context': [<snowplow_tracker.self_describing_json.SelfDescribingJson object at 0x000001FE4F4F1550>]}
[0m17:46:05.115594 [debug] [MainThread]: Wrote artifact WritableManifest to C:\Users\Adam White\Desktop\ttc-analytics-hub\warehouse\target\manifest.json
[0m17:46:05.129190 [debug] [MainThread]: Wrote artifact SemanticManifest to C:\Users\Adam White\Desktop\ttc-analytics-hub\warehouse\target\semantic_manifest.json
[0m17:46:05.150747 [debug] [MainThread]: Sending event: {'category': 'dbt', 'action': 'resource_counts', 'label': 'fd231831-f422-4d37-ad14-0dac8cf7dc49', 'context': [<snowplow_tracker.self_describing_json.SelfDescribingJson object at 0x000001FE49FAB5C0>]}
[0m17:46:05.151114 [info ] [MainThread]: Found 5 models, 5 sources, 468 macros
[0m17:46:05.151464 [debug] [MainThread]: Sending event: {'category': 'dbt', 'action': 'runnable_timing', 'label': 'fd231831-f422-4d37-ad14-0dac8cf7dc49', 'context': [<snowplow_tracker.self_describing_json.SelfDescribingJson object at 0x000001FE4E0150F0>]}
[0m17:46:05.152966 [info ] [MainThread]: 
[0m17:46:05.153330 [info ] [MainThread]: Concurrency: 4 threads (target='dev')
[0m17:46:05.153670 [info ] [MainThread]: 
[0m17:46:05.154149 [debug] [MainThread]: Acquiring new duckdb connection 'master'
[0m17:46:05.157729 [debug] [ThreadPool]: Acquiring new duckdb connection 'list_analytics'
[0m17:46:05.795142 [debug] [ThreadPool]: Using duckdb connection "list_analytics"
[0m17:46:05.795476 [debug] [ThreadPool]: On list_analytics: /* {"app": "dbt", "dbt_version": "1.10.15", "profile_name": "ttc_analytics", "target_name": "dev", "connection_name": "list_analytics"} */

    
    select schema_name
    from system.information_schema.schemata
    
    where lower(catalog_name) = '"analytics"'
    
  
  
[0m17:46:05.795746 [debug] [ThreadPool]: Opening a new connection, currently in state init
[0m17:46:05.811614 [debug] [ThreadPool]: SQL status: OK in 0.016 seconds
[0m17:46:05.812524 [debug] [ThreadPool]: On list_analytics: Close
[0m17:46:05.813073 [debug] [ThreadPool]: Re-using an available connection from the pool (formerly list_analytics, now create_analytics_main)
[0m17:46:05.813410 [debug] [ThreadPool]: Creating schema "database: "analytics"
schema: "main"
"
[0m17:46:05.818040 [debug] [ThreadPool]: Using duckdb connection "create_analytics_main"
[0m17:46:05.818281 [debug] [ThreadPool]: On create_analytics_main: /* {"app": "dbt", "dbt_version": "1.10.15", "profile_name": "ttc_analytics", "target_name": "dev", "connection_name": "create_analytics_main"} */

    
        select type from duckdb_databases()
        where lower(database_name)='analytics'
        and type='sqlite'
    
  
[0m17:46:05.818494 [debug] [ThreadPool]: Opening a new connection, currently in state closed
[0m17:46:05.819149 [debug] [ThreadPool]: SQL status: OK in 0.001 seconds
[0m17:46:05.819948 [debug] [ThreadPool]: Using duckdb connection "create_analytics_main"
[0m17:46:05.820169 [debug] [ThreadPool]: On create_analytics_main: BEGIN
[0m17:46:05.820539 [debug] [ThreadPool]: SQL status: OK in 0.000 seconds
[0m17:46:05.820763 [debug] [ThreadPool]: Using duckdb connection "create_analytics_main"
[0m17:46:05.820969 [debug] [ThreadPool]: On create_analytics_main: /* {"app": "dbt", "dbt_version": "1.10.15", "profile_name": "ttc_analytics", "target_name": "dev", "connection_name": "create_analytics_main"} */

    
    
        create schema if not exists "analytics"."main"
    
[0m17:46:05.821361 [debug] [ThreadPool]: SQL status: OK in 0.000 seconds
[0m17:46:05.821905 [debug] [ThreadPool]: On create_analytics_main: COMMIT
[0m17:46:05.822126 [debug] [ThreadPool]: Using duckdb connection "create_analytics_main"
[0m17:46:05.822330 [debug] [ThreadPool]: On create_analytics_main: COMMIT
[0m17:46:05.822676 [debug] [ThreadPool]: SQL status: OK in 0.000 seconds
[0m17:46:05.822906 [debug] [ThreadPool]: On create_analytics_main: Close
[0m17:46:05.823986 [debug] [ThreadPool]: Acquiring new duckdb connection 'list_analytics_main'
[0m17:46:05.827728 [debug] [ThreadPool]: Using duckdb connection "list_analytics_main"
[0m17:46:05.827963 [debug] [ThreadPool]: On list_analytics_main: BEGIN
[0m17:46:05.828167 [debug] [ThreadPool]: Opening a new connection, currently in state init
[0m17:46:05.828796 [debug] [ThreadPool]: SQL status: OK in 0.001 seconds
[0m17:46:05.829076 [debug] [ThreadPool]: Using duckdb connection "list_analytics_main"
[0m17:46:05.829347 [debug] [ThreadPool]: On list_analytics_main: /* {"app": "dbt", "dbt_version": "1.10.15", "profile_name": "ttc_analytics", "target_name": "dev", "connection_name": "list_analytics_main"} */
select
      'analytics' as database,
      table_name as name,
      table_schema as schema,
      CASE table_type
        WHEN 'BASE TABLE' THEN 'table'
        WHEN 'VIEW' THEN 'view'
        WHEN 'LOCAL TEMPORARY' THEN 'table'
        END as type
    from system.information_schema.tables
    where lower(table_schema) = 'main'
    and lower(table_catalog) = 'analytics'
  
[0m17:46:05.839110 [debug] [ThreadPool]: SQL status: OK in 0.010 seconds
[0m17:46:05.839910 [debug] [ThreadPool]: On list_analytics_main: ROLLBACK
[0m17:46:05.850462 [debug] [ThreadPool]: Failed to rollback 'list_analytics_main'
[0m17:46:05.850750 [debug] [ThreadPool]: On list_analytics_main: Close
[0m17:46:05.851459 [debug] [MainThread]: Sending event: {'category': 'dbt', 'action': 'runnable_timing', 'label': 'fd231831-f422-4d37-ad14-0dac8cf7dc49', 'context': [<snowplow_tracker.self_describing_json.SelfDescribingJson object at 0x000001FE4FBA4460>]}
[0m17:46:05.851849 [debug] [MainThread]: Using duckdb connection "master"
[0m17:46:05.852131 [debug] [MainThread]: On master: BEGIN
[0m17:46:05.852330 [debug] [MainThread]: Opening a new connection, currently in state init
[0m17:46:05.852730 [debug] [MainThread]: SQL status: OK in 0.000 seconds
[0m17:46:05.852947 [debug] [MainThread]: On master: COMMIT
[0m17:46:05.853149 [debug] [MainThread]: Using duckdb connection "master"
[0m17:46:05.853341 [debug] [MainThread]: On master: COMMIT
[0m17:46:05.853684 [debug] [MainThread]: SQL status: OK in 0.000 seconds
[0m17:46:05.853905 [debug] [MainThread]: On master: Close
[0m17:46:05.856862 [debug] [Thread-4 (]: Began running node model.ttc_analytics.stg_stops
[0m17:46:05.857212 [debug] [Thread-3 (]: Began running node model.ttc_analytics.stg_stop_times
[0m17:46:05.857491 [debug] [Thread-1 (]: Began running node model.ttc_analytics.stg_routes
[0m17:46:05.857757 [debug] [Thread-2 (]: Began running node model.ttc_analytics.stg_shapes
[0m17:46:05.858119 [info ] [Thread-4 (]: 4 of 5 START sql table model main.stg_stops .................................... [RUN]
[0m17:46:05.858437 [info ] [Thread-3 (]: 3 of 5 START sql table model main.stg_stop_times ............................... [RUN]
[0m17:46:05.859523 [debug] [Thread-4 (]: Acquiring new duckdb connection 'model.ttc_analytics.stg_stops'
[0m17:46:05.859919 [debug] [Thread-3 (]: Acquiring new duckdb connection 'model.ttc_analytics.stg_stop_times'
[0m17:46:05.858818 [info ] [Thread-1 (]: 1 of 5 START sql table model main.stg_routes ................................... [RUN]
[0m17:46:05.860318 [debug] [Thread-4 (]: Began compiling node model.ttc_analytics.stg_stops
[0m17:46:05.860597 [debug] [Thread-3 (]: Began compiling node model.ttc_analytics.stg_stop_times
[0m17:46:05.859127 [info ] [Thread-2 (]: 2 of 5 START sql table model main.stg_shapes ................................... [RUN]
[0m17:46:05.860985 [debug] [Thread-1 (]: Acquiring new duckdb connection 'model.ttc_analytics.stg_routes'
[0m17:46:05.866039 [debug] [Thread-4 (]: Writing injected SQL for node "model.ttc_analytics.stg_stops"
[0m17:46:05.867943 [debug] [Thread-3 (]: Writing injected SQL for node "model.ttc_analytics.stg_stop_times"
[0m17:46:05.868341 [debug] [Thread-2 (]: Acquiring new duckdb connection 'model.ttc_analytics.stg_shapes'
[0m17:46:05.868662 [debug] [Thread-1 (]: Began compiling node model.ttc_analytics.stg_routes
[0m17:46:05.869108 [debug] [Thread-2 (]: Began compiling node model.ttc_analytics.stg_shapes
[0m17:46:05.870787 [debug] [Thread-1 (]: Writing injected SQL for node "model.ttc_analytics.stg_routes"
[0m17:46:05.872511 [debug] [Thread-2 (]: Writing injected SQL for node "model.ttc_analytics.stg_shapes"
[0m17:46:05.872936 [debug] [Thread-4 (]: Began executing node model.ttc_analytics.stg_stops
[0m17:46:05.878735 [debug] [Thread-3 (]: Began executing node model.ttc_analytics.stg_stop_times
[0m17:46:05.908597 [debug] [Thread-4 (]: Writing runtime sql for node "model.ttc_analytics.stg_stops"
[0m17:46:05.911478 [debug] [Thread-3 (]: Writing runtime sql for node "model.ttc_analytics.stg_stop_times"
[0m17:46:05.911974 [debug] [Thread-1 (]: Began executing node model.ttc_analytics.stg_routes
[0m17:46:05.914102 [debug] [Thread-1 (]: Writing runtime sql for node "model.ttc_analytics.stg_routes"
[0m17:46:05.914569 [debug] [Thread-2 (]: Began executing node model.ttc_analytics.stg_shapes
[0m17:46:05.914898 [debug] [Thread-4 (]: Using duckdb connection "model.ttc_analytics.stg_stops"
[0m17:46:05.915187 [debug] [Thread-3 (]: Using duckdb connection "model.ttc_analytics.stg_stop_times"
[0m17:46:05.919421 [debug] [Thread-2 (]: Writing runtime sql for node "model.ttc_analytics.stg_shapes"
[0m17:46:05.919724 [debug] [Thread-4 (]: On model.ttc_analytics.stg_stops: BEGIN
[0m17:46:05.920012 [debug] [Thread-3 (]: On model.ttc_analytics.stg_stop_times: BEGIN
[0m17:46:05.920380 [debug] [Thread-1 (]: Using duckdb connection "model.ttc_analytics.stg_routes"
[0m17:46:05.920645 [debug] [Thread-4 (]: Opening a new connection, currently in state init
[0m17:46:05.920933 [debug] [Thread-3 (]: Opening a new connection, currently in state init
[0m17:46:05.921235 [debug] [Thread-1 (]: On model.ttc_analytics.stg_routes: BEGIN
[0m17:46:05.921989 [debug] [Thread-1 (]: Opening a new connection, currently in state init
[0m17:46:05.922387 [debug] [Thread-2 (]: Using duckdb connection "model.ttc_analytics.stg_shapes"
[0m17:46:05.922685 [debug] [Thread-3 (]: SQL status: OK in 0.002 seconds
[0m17:46:05.922952 [debug] [Thread-2 (]: On model.ttc_analytics.stg_shapes: BEGIN
[0m17:46:05.923203 [debug] [Thread-4 (]: SQL status: OK in 0.003 seconds
[0m17:46:05.923451 [debug] [Thread-1 (]: SQL status: OK in 0.001 seconds
[0m17:46:05.923717 [debug] [Thread-3 (]: Using duckdb connection "model.ttc_analytics.stg_stop_times"
[0m17:46:05.923976 [debug] [Thread-2 (]: Opening a new connection, currently in state init
[0m17:46:05.924234 [debug] [Thread-4 (]: Using duckdb connection "model.ttc_analytics.stg_stops"
[0m17:46:05.924492 [debug] [Thread-1 (]: Using duckdb connection "model.ttc_analytics.stg_routes"
[0m17:46:05.924762 [debug] [Thread-3 (]: On model.ttc_analytics.stg_stop_times: /* {"app": "dbt", "dbt_version": "1.10.15", "profile_name": "ttc_analytics", "target_name": "dev", "node_id": "model.ttc_analytics.stg_stop_times"} */

  
    
    

    create  table
      "analytics"."main"."stg_stop_times__dbt_tmp"
  
    as (
      -- stg_stop_times.sql

SELECT  cast(trip_id AS integer)       AS trip_id,
        cast(stop_id AS integer)       AS stop_id,
        cast(stop_sequence AS integer) AS stop_sequence
        cast(shape_dist_traveled as float) as shape_dist_traveled

FROM '../backend/data/gtfs_raw/static_stop_times.csv'
    );
  
  
[0m17:46:05.925150 [debug] [Thread-4 (]: On model.ttc_analytics.stg_stops: /* {"app": "dbt", "dbt_version": "1.10.15", "profile_name": "ttc_analytics", "target_name": "dev", "node_id": "model.ttc_analytics.stg_stops"} */

  
    
    

    create  table
      "analytics"."main"."stg_stops__dbt_tmp"
  
    as (
      -- stg_stops.sql

SELECT  cast(stop_id AS integer)             AS stop_id,
        cast(stop_name AS varchar)           AS stop_name,
        cast(stop_lat AS float)              AS stop_lat,
        cast(stop_lon AS float)              AS stop_lon,
        cast(wheelchair_boarding AS integer) AS wheelchair_boarding

        CASE WHEN wheelchair_boarding = 1 true else false end AS has_wheelchair_boarding


FROM '../backend/data/gtfs_raw/static_stops.csv'
    );
  
  
[0m17:46:05.925449 [debug] [Thread-1 (]: On model.ttc_analytics.stg_routes: /* {"app": "dbt", "dbt_version": "1.10.15", "profile_name": "ttc_analytics", "target_name": "dev", "node_id": "model.ttc_analytics.stg_routes"} */

  
    
    

    create  table
      "analytics"."main"."stg_routes__dbt_tmp"
  
    as (
      -- stg_routes.sql

SELECT  cast(route_id AS integer)         AS route_id,
        cast(route_long_name AS varchar)  AS route_long_name,
        cast(route_type AS integer)       AS route_type,
        cast(route_color AS varchar)      AS route_color

FROM '../backend/data/gtfs_raw/static_routes.csv'
    );
  
  
[0m17:46:05.925708 [debug] [Thread-2 (]: SQL status: OK in 0.002 seconds
[0m17:46:05.926317 [debug] [Thread-3 (]: DuckDB adapter: Error running SQL: /* {"app": "dbt", "dbt_version": "1.10.15", "profile_name": "ttc_analytics", "target_name": "dev", "node_id": "model.ttc_analytics.stg_stop_times"} */

  
    
    

    create  table
      "analytics"."main"."stg_stop_times__dbt_tmp"
  
    as (
      -- stg_stop_times.sql

SELECT  cast(trip_id AS integer)       AS trip_id,
        cast(stop_id AS integer)       AS stop_id,
        cast(stop_sequence AS integer) AS stop_sequence
        cast(shape_dist_traveled as float) as shape_dist_traveled

FROM '../backend/data/gtfs_raw/static_stop_times.csv'
    );
  
  
[0m17:46:05.926797 [debug] [Thread-4 (]: DuckDB adapter: Error running SQL: /* {"app": "dbt", "dbt_version": "1.10.15", "profile_name": "ttc_analytics", "target_name": "dev", "node_id": "model.ttc_analytics.stg_stops"} */

  
    
    

    create  table
      "analytics"."main"."stg_stops__dbt_tmp"
  
    as (
      -- stg_stops.sql

SELECT  cast(stop_id AS integer)             AS stop_id,
        cast(stop_name AS varchar)           AS stop_name,
        cast(stop_lat AS float)              AS stop_lat,
        cast(stop_lon AS float)              AS stop_lon,
        cast(wheelchair_boarding AS integer) AS wheelchair_boarding

        CASE WHEN wheelchair_boarding = 1 true else false end AS has_wheelchair_boarding


FROM '../backend/data/gtfs_raw/static_stops.csv'
    );
  
  
[0m17:46:05.927191 [debug] [Thread-2 (]: Using duckdb connection "model.ttc_analytics.stg_shapes"
[0m17:46:05.927486 [debug] [Thread-3 (]: DuckDB adapter: Rolling back transaction.
[0m17:46:05.927837 [debug] [Thread-4 (]: DuckDB adapter: Rolling back transaction.
[0m17:46:05.928169 [debug] [Thread-2 (]: On model.ttc_analytics.stg_shapes: /* {"app": "dbt", "dbt_version": "1.10.15", "profile_name": "ttc_analytics", "target_name": "dev", "node_id": "model.ttc_analytics.stg_shapes"} */

  
    
    

    create  table
      "analytics"."main"."stg_shapes__dbt_tmp"
  
    as (
      -- stg_shapes.sql

SELECT  cast(shape_id AS integer)          AS shape_id,
        cast(shape_pt_lat AS float)        AS shape_pt_lat,
        cast(shape_pt_lon AS float)        AS shape_pt_lon,
        cast(shape_pt_sequence AS integer) AS shape_pt_sequence,
        cast(shape_dist_traveled AS float) AS shape_dist_traveled

FROM '../backend/data/gtfs_raw/static_shapes.csv'
    );
  
  
[0m17:46:05.928524 [debug] [Thread-3 (]: On model.ttc_analytics.stg_stop_times: ROLLBACK
[0m17:46:05.928845 [debug] [Thread-4 (]: On model.ttc_analytics.stg_stops: ROLLBACK
[0m17:46:05.935682 [debug] [Thread-1 (]: SQL status: OK in 0.008 seconds
[0m17:46:05.940253 [debug] [Thread-1 (]: Using duckdb connection "model.ttc_analytics.stg_routes"
[0m17:46:05.940561 [debug] [Thread-1 (]: On model.ttc_analytics.stg_routes: /* {"app": "dbt", "dbt_version": "1.10.15", "profile_name": "ttc_analytics", "target_name": "dev", "node_id": "model.ttc_analytics.stg_routes"} */

    SELECT index_name
    FROM duckdb_indexes()
    WHERE schema_name = 'main'
      AND table_name = 'stg_routes'
  
[0m17:46:05.941304 [debug] [Thread-1 (]: SQL status: OK in 0.000 seconds
[0m17:46:05.942261 [debug] [Thread-1 (]: Using duckdb connection "model.ttc_analytics.stg_routes"
[0m17:46:05.942545 [debug] [Thread-1 (]: On model.ttc_analytics.stg_routes: /* {"app": "dbt", "dbt_version": "1.10.15", "profile_name": "ttc_analytics", "target_name": "dev", "node_id": "model.ttc_analytics.stg_routes"} */

    SELECT COUNT(*) as remaining_indexes
    FROM duckdb_indexes()
    WHERE schema_name = 'main'
      AND table_name = 'stg_routes'
  
[0m17:46:05.943417 [debug] [Thread-1 (]: SQL status: OK in 0.001 seconds
[0m17:46:05.947948 [debug] [Thread-1 (]: Using duckdb connection "model.ttc_analytics.stg_routes"
[0m17:46:05.948221 [debug] [Thread-1 (]: On model.ttc_analytics.stg_routes: /* {"app": "dbt", "dbt_version": "1.10.15", "profile_name": "ttc_analytics", "target_name": "dev", "node_id": "model.ttc_analytics.stg_routes"} */
alter table "analytics"."main"."stg_routes" rename to "stg_routes__dbt_backup"
[0m17:46:05.948760 [debug] [Thread-1 (]: SQL status: OK in 0.000 seconds
[0m17:46:05.950639 [debug] [Thread-1 (]: Using duckdb connection "model.ttc_analytics.stg_routes"
[0m17:46:05.950908 [debug] [Thread-1 (]: On model.ttc_analytics.stg_routes: /* {"app": "dbt", "dbt_version": "1.10.15", "profile_name": "ttc_analytics", "target_name": "dev", "node_id": "model.ttc_analytics.stg_routes"} */
alter table "analytics"."main"."stg_routes__dbt_tmp" rename to "stg_routes"
[0m17:46:05.951394 [debug] [Thread-1 (]: SQL status: OK in 0.000 seconds
[0m17:46:05.962687 [debug] [Thread-1 (]: On model.ttc_analytics.stg_routes: COMMIT
[0m17:46:05.962987 [debug] [Thread-1 (]: Using duckdb connection "model.ttc_analytics.stg_routes"
[0m17:46:05.963259 [debug] [Thread-1 (]: On model.ttc_analytics.stg_routes: COMMIT
[0m17:46:05.965350 [debug] [Thread-1 (]: SQL status: OK in 0.002 seconds
[0m17:46:05.969299 [debug] [Thread-1 (]: Using duckdb connection "model.ttc_analytics.stg_routes"
[0m17:46:05.969588 [debug] [Thread-1 (]: On model.ttc_analytics.stg_routes: /* {"app": "dbt", "dbt_version": "1.10.15", "profile_name": "ttc_analytics", "target_name": "dev", "node_id": "model.ttc_analytics.stg_routes"} */

      drop table if exists "analytics"."main"."stg_routes__dbt_backup" cascade
    
[0m17:46:05.971006 [debug] [Thread-1 (]: SQL status: OK in 0.001 seconds
[0m17:46:05.972735 [debug] [Thread-1 (]: On model.ttc_analytics.stg_routes: Close
[0m17:46:05.974511 [debug] [Thread-1 (]: Sending event: {'category': 'dbt', 'action': 'run_model', 'label': 'fd231831-f422-4d37-ad14-0dac8cf7dc49', 'context': [<snowplow_tracker.self_describing_json.SelfDescribingJson object at 0x000001FE50C5C350>]}
[0m17:46:05.974986 [info ] [Thread-1 (]: 1 of 5 OK created sql table model main.stg_routes .............................. [[32mOK[0m in 0.11s]
[0m17:46:05.975635 [debug] [Thread-1 (]: Finished running node model.ttc_analytics.stg_routes
[0m17:46:05.976022 [debug] [Thread-1 (]: Began running node model.ttc_analytics.stg_trips
[0m17:46:05.976444 [info ] [Thread-1 (]: 5 of 5 START sql table model main.stg_trips .................................... [RUN]
[0m17:46:05.976863 [debug] [Thread-1 (]: Re-using an available connection from the pool (formerly model.ttc_analytics.stg_routes, now model.ttc_analytics.stg_trips)
[0m17:46:05.977141 [debug] [Thread-1 (]: Began compiling node model.ttc_analytics.stg_trips
[0m17:46:05.979140 [debug] [Thread-1 (]: Writing injected SQL for node "model.ttc_analytics.stg_trips"
[0m17:46:05.980013 [debug] [Thread-1 (]: Began executing node model.ttc_analytics.stg_trips
[0m17:46:05.982414 [debug] [Thread-1 (]: Writing runtime sql for node "model.ttc_analytics.stg_trips"
[0m17:46:05.983533 [debug] [Thread-1 (]: Using duckdb connection "model.ttc_analytics.stg_trips"
[0m17:46:05.983846 [debug] [Thread-1 (]: On model.ttc_analytics.stg_trips: BEGIN
[0m17:46:05.984102 [debug] [Thread-1 (]: Opening a new connection, currently in state closed
[0m17:46:05.984656 [debug] [Thread-1 (]: SQL status: OK in 0.001 seconds
[0m17:46:05.984919 [debug] [Thread-1 (]: Using duckdb connection "model.ttc_analytics.stg_trips"
[0m17:46:05.985195 [debug] [Thread-1 (]: On model.ttc_analytics.stg_trips: /* {"app": "dbt", "dbt_version": "1.10.15", "profile_name": "ttc_analytics", "target_name": "dev", "node_id": "model.ttc_analytics.stg_trips"} */

  
    
    

    create  table
      "analytics"."main"."stg_trips__dbt_tmp"
  
    as (
      -- stg_trips.sql

SELECT  cast(trip_id AS integer)               AS trip_id,
        cast(route_id AS integer)              AS route_id,
        cast(trip_headsign AS varchar)         AS trip_headsign,
        cast(trip_short_name AS varchar)       AS trip_short_name,
        cast(direction_id AS integer)          AS direction_id,
        cast(block_id AS integer)              AS block_id,
        cast(shape_id AS integer)              AS shape_id,
        cast(wheelchair_accessible AS integer) AS wheelchair_accessible,
        cast(bikes_allowed AS integer)         AS bikes_allowed,
         
        --Create clean booleans (original fields are tristate)
        CASE WHEN wheelchair_accessible = 1 THEN true else false end AS is_accessible, 
        CASE WHEN bikes_allowed = 1 THEN true else false end AS is_bike_allowed

FROM '../backend/data/gtfs_raw/static_trips.csv'
    );
  
  
[0m17:46:06.031840 [debug] [Thread-2 (]: SQL status: OK in 0.103 seconds
[0m17:46:06.034111 [debug] [Thread-2 (]: Using duckdb connection "model.ttc_analytics.stg_shapes"
[0m17:46:06.034393 [debug] [Thread-2 (]: On model.ttc_analytics.stg_shapes: /* {"app": "dbt", "dbt_version": "1.10.15", "profile_name": "ttc_analytics", "target_name": "dev", "node_id": "model.ttc_analytics.stg_shapes"} */
alter table "analytics"."main"."stg_shapes__dbt_tmp" rename to "stg_shapes"
[0m17:46:06.035067 [debug] [Thread-2 (]: SQL status: OK in 0.000 seconds
[0m17:46:06.036144 [debug] [Thread-2 (]: On model.ttc_analytics.stg_shapes: COMMIT
[0m17:46:06.036595 [debug] [Thread-2 (]: Using duckdb connection "model.ttc_analytics.stg_shapes"
[0m17:46:06.036976 [debug] [Thread-2 (]: On model.ttc_analytics.stg_shapes: COMMIT
[0m17:46:06.042254 [debug] [Thread-4 (]: Failed to rollback 'model.ttc_analytics.stg_stops'
[0m17:46:06.042544 [debug] [Thread-4 (]: On model.ttc_analytics.stg_stops: Close
[0m17:46:06.043098 [debug] [Thread-3 (]: Failed to rollback 'model.ttc_analytics.stg_stop_times'
[0m17:46:06.043481 [debug] [Thread-3 (]: On model.ttc_analytics.stg_stop_times: Close
[0m17:46:06.047746 [debug] [Thread-2 (]: SQL status: OK in 0.010 seconds
[0m17:46:06.048378 [debug] [Thread-3 (]: Runtime Error in model stg_stop_times (models\staging\stg_stop_times.sql)
  Parser Error: syntax error at or near "cast"
  
  LINE 16:         cast(shape_dist_traveled as float) as shape_dist_traveled
                   ^
[0m17:46:06.050448 [debug] [Thread-2 (]: Using duckdb connection "model.ttc_analytics.stg_shapes"
[0m17:46:06.052441 [debug] [Thread-3 (]: Sending event: {'category': 'dbt', 'action': 'run_model', 'label': 'fd231831-f422-4d37-ad14-0dac8cf7dc49', 'context': [<snowplow_tracker.self_describing_json.SelfDescribingJson object at 0x000001FE4F8373E0>]}
[0m17:46:06.053058 [debug] [Thread-4 (]: Runtime Error in model stg_stops (models\staging\stg_stops.sql)
  Parser Error: syntax error at or near "CASE"
  
  LINE 19:         CASE WHEN wheelchair_boarding = 1 true else false end AS...
                   ^
[0m17:46:06.053371 [debug] [Thread-2 (]: On model.ttc_analytics.stg_shapes: /* {"app": "dbt", "dbt_version": "1.10.15", "profile_name": "ttc_analytics", "target_name": "dev", "node_id": "model.ttc_analytics.stg_shapes"} */

      drop table if exists "analytics"."main"."stg_shapes__dbt_backup" cascade
    
[0m17:46:06.054145 [debug] [Thread-4 (]: Sending event: {'category': 'dbt', 'action': 'run_model', 'label': 'fd231831-f422-4d37-ad14-0dac8cf7dc49', 'context': [<snowplow_tracker.self_describing_json.SelfDescribingJson object at 0x000001FE4F2F4370>]}
[0m17:46:06.053851 [error] [Thread-3 (]: 3 of 5 ERROR creating sql table model main.stg_stop_times ...................... [[31mERROR[0m in 0.19s]
[0m17:46:06.055168 [debug] [Thread-3 (]: Finished running node model.ttc_analytics.stg_stop_times
[0m17:46:06.054763 [error] [Thread-4 (]: 4 of 5 ERROR creating sql table model main.stg_stops ........................... [[31mERROR[0m in 0.19s]
[0m17:46:06.055513 [debug] [Thread-2 (]: SQL status: OK in 0.001 seconds
[0m17:46:06.055915 [debug] [Thread-7 (]: Marking all children of 'model.ttc_analytics.stg_stop_times' to be skipped because of status 'error'.  Reason: Runtime Error in model stg_stop_times (models\staging\stg_stop_times.sql)
  Parser Error: syntax error at or near "cast"
  
  LINE 16:         cast(shape_dist_traveled as float) as shape_dist_traveled
                   ^.
[0m17:46:06.056318 [debug] [Thread-4 (]: Finished running node model.ttc_analytics.stg_stops
[0m17:46:06.057237 [debug] [Thread-2 (]: On model.ttc_analytics.stg_shapes: Close
[0m17:46:06.058136 [debug] [Thread-7 (]: Marking all children of 'model.ttc_analytics.stg_stops' to be skipped because of status 'error'.  Reason: Runtime Error in model stg_stops (models\staging\stg_stops.sql)
  Parser Error: syntax error at or near "CASE"
  
  LINE 19:         CASE WHEN wheelchair_boarding = 1 true else false end AS...
                   ^.
[0m17:46:06.058579 [debug] [Thread-2 (]: Sending event: {'category': 'dbt', 'action': 'run_model', 'label': 'fd231831-f422-4d37-ad14-0dac8cf7dc49', 'context': [<snowplow_tracker.self_describing_json.SelfDescribingJson object at 0x000001FE4FBC4750>]}
[0m17:46:06.059105 [info ] [Thread-2 (]: 2 of 5 OK created sql table model main.stg_shapes .............................. [[32mOK[0m in 0.19s]
[0m17:46:06.059688 [debug] [Thread-2 (]: Finished running node model.ttc_analytics.stg_shapes
[0m17:46:06.090889 [debug] [Thread-1 (]: SQL status: OK in 0.105 seconds
[0m17:46:06.093169 [debug] [Thread-1 (]: Using duckdb connection "model.ttc_analytics.stg_trips"
[0m17:46:06.093446 [debug] [Thread-1 (]: On model.ttc_analytics.stg_trips: /* {"app": "dbt", "dbt_version": "1.10.15", "profile_name": "ttc_analytics", "target_name": "dev", "node_id": "model.ttc_analytics.stg_trips"} */
alter table "analytics"."main"."stg_trips__dbt_tmp" rename to "stg_trips"
[0m17:46:06.094027 [debug] [Thread-1 (]: SQL status: OK in 0.000 seconds
[0m17:46:06.095310 [debug] [Thread-1 (]: On model.ttc_analytics.stg_trips: COMMIT
[0m17:46:06.095645 [debug] [Thread-1 (]: Using duckdb connection "model.ttc_analytics.stg_trips"
[0m17:46:06.095943 [debug] [Thread-1 (]: On model.ttc_analytics.stg_trips: COMMIT
[0m17:46:06.124717 [debug] [Thread-1 (]: SQL status: OK in 0.028 seconds
[0m17:46:06.126576 [debug] [Thread-1 (]: Using duckdb connection "model.ttc_analytics.stg_trips"
[0m17:46:06.126962 [debug] [Thread-1 (]: On model.ttc_analytics.stg_trips: /* {"app": "dbt", "dbt_version": "1.10.15", "profile_name": "ttc_analytics", "target_name": "dev", "node_id": "model.ttc_analytics.stg_trips"} */

      drop table if exists "analytics"."main"."stg_trips__dbt_backup" cascade
    
[0m17:46:06.127557 [debug] [Thread-1 (]: SQL status: OK in 0.000 seconds
[0m17:46:06.128601 [debug] [Thread-1 (]: On model.ttc_analytics.stg_trips: Close
[0m17:46:06.129004 [debug] [Thread-1 (]: Sending event: {'category': 'dbt', 'action': 'run_model', 'label': 'fd231831-f422-4d37-ad14-0dac8cf7dc49', 'context': [<snowplow_tracker.self_describing_json.SelfDescribingJson object at 0x000001FE4E11F8C0>]}
[0m17:46:06.129447 [info ] [Thread-1 (]: 5 of 5 OK created sql table model main.stg_trips ............................... [[32mOK[0m in 0.15s]
[0m17:46:06.130050 [debug] [Thread-1 (]: Finished running node model.ttc_analytics.stg_trips
[0m17:46:06.131076 [debug] [MainThread]: Using duckdb connection "master"
[0m17:46:06.131301 [debug] [MainThread]: On master: BEGIN
[0m17:46:06.131502 [debug] [MainThread]: Opening a new connection, currently in state closed
[0m17:46:06.131906 [debug] [MainThread]: SQL status: OK in 0.000 seconds
[0m17:46:06.132125 [debug] [MainThread]: On master: COMMIT
[0m17:46:06.132332 [debug] [MainThread]: Using duckdb connection "master"
[0m17:46:06.132529 [debug] [MainThread]: On master: COMMIT
[0m17:46:06.132877 [debug] [MainThread]: SQL status: OK in 0.000 seconds
[0m17:46:06.133093 [debug] [MainThread]: On master: Close
[0m17:46:06.133352 [debug] [MainThread]: Connection 'master' was properly closed.
[0m17:46:06.133545 [debug] [MainThread]: Connection 'create_analytics_main' was properly closed.
[0m17:46:06.133724 [debug] [MainThread]: Connection 'list_analytics_main' was properly closed.
[0m17:46:06.133901 [debug] [MainThread]: Connection 'model.ttc_analytics.stg_stops' was properly closed.
[0m17:46:06.134077 [debug] [MainThread]: Connection 'model.ttc_analytics.stg_stop_times' was properly closed.
[0m17:46:06.134251 [debug] [MainThread]: Connection 'model.ttc_analytics.stg_trips' was properly closed.
[0m17:46:06.134421 [debug] [MainThread]: Connection 'model.ttc_analytics.stg_shapes' was properly closed.
[0m17:46:06.134673 [info ] [MainThread]: 
[0m17:46:06.135011 [info ] [MainThread]: Finished running 5 table models in 0 hours 0 minutes and 0.98 seconds (0.98s).
[0m17:46:06.136170 [debug] [MainThread]: Command end result
[0m17:46:06.152052 [debug] [MainThread]: Wrote artifact WritableManifest to C:\Users\Adam White\Desktop\ttc-analytics-hub\warehouse\target\manifest.json
[0m17:46:06.153996 [debug] [MainThread]: Wrote artifact SemanticManifest to C:\Users\Adam White\Desktop\ttc-analytics-hub\warehouse\target\semantic_manifest.json
[0m17:46:06.158721 [debug] [MainThread]: Wrote artifact RunExecutionResult to C:\Users\Adam White\Desktop\ttc-analytics-hub\warehouse\target\run_results.json
[0m17:46:06.159036 [info ] [MainThread]: 
[0m17:46:06.159447 [info ] [MainThread]: [31mCompleted with 2 errors, 0 partial successes, and 0 warnings:[0m
[0m17:46:06.159804 [info ] [MainThread]: 
[0m17:46:06.160167 [error] [MainThread]: [31mFailure in model stg_stop_times (models\staging\stg_stop_times.sql)[0m
[0m17:46:06.160523 [error] [MainThread]:   Runtime Error in model stg_stop_times (models\staging\stg_stop_times.sql)
  Parser Error: syntax error at or near "cast"
  
  LINE 16:         cast(shape_dist_traveled as float) as shape_dist_traveled
                   ^
[0m17:46:06.160888 [info ] [MainThread]: 
[0m17:46:06.161372 [info ] [MainThread]:   compiled code at target\compiled\ttc_analytics\models\staging\stg_stop_times.sql
[0m17:46:06.161831 [info ] [MainThread]: 
[0m17:46:06.162184 [error] [MainThread]: [31mFailure in model stg_stops (models\staging\stg_stops.sql)[0m
[0m17:46:06.162542 [error] [MainThread]:   Runtime Error in model stg_stops (models\staging\stg_stops.sql)
  Parser Error: syntax error at or near "CASE"
  
  LINE 19:         CASE WHEN wheelchair_boarding = 1 true else false end AS...
                   ^
[0m17:46:06.162863 [info ] [MainThread]: 
[0m17:46:06.163175 [info ] [MainThread]:   compiled code at target\compiled\ttc_analytics\models\staging\stg_stops.sql
[0m17:46:06.163465 [info ] [MainThread]: 
[0m17:46:06.163775 [info ] [MainThread]: Done. PASS=3 WARN=0 ERROR=2 SKIP=0 NO-OP=0 TOTAL=5
[0m17:46:06.164500 [debug] [MainThread]: Command `dbt run` failed at 17:46:06.164412 after 2.38 seconds
[0m17:46:06.164797 [debug] [MainThread]: Sending event: {'category': 'dbt', 'action': 'invocation', 'label': 'end', 'context': [<snowplow_tracker.self_describing_json.SelfDescribingJson object at 0x000001FE4E09EFF0>, <snowplow_tracker.self_describing_json.SelfDescribingJson object at 0x000001FE4DEDB9B0>, <snowplow_tracker.self_describing_json.SelfDescribingJson object at 0x000001FE4F743A10>]}
[0m17:46:06.165079 [debug] [MainThread]: Flushing usage events
[0m17:46:06.712327 [debug] [MainThread]: An error was encountered while trying to flush usage events
[0m17:46:30.386629 [debug] [MainThread]: Sending event: {'category': 'dbt', 'action': 'invocation', 'label': 'start', 'context': [<snowplow_tracker.self_describing_json.SelfDescribingJson object at 0x000001A088F5C6E0>, <snowplow_tracker.self_describing_json.SelfDescribingJson object at 0x000001A0897311D0>, <snowplow_tracker.self_describing_json.SelfDescribingJson object at 0x000001A089D93ED0>]}


============================== 17:46:30.390182 | 7ce8fc7b-0c05-40ec-b33b-b89c23d3b9cc ==============================
[0m17:46:30.390182 [info ] [MainThread]: Running with dbt=1.10.15
[0m17:46:30.390721 [debug] [MainThread]: running dbt with arguments {'static_parser': 'True', 'no_print': 'None', 'version_check': 'True', 'warn_error_options': 'WarnErrorOptionsV2(error=[], warn=[], silence=[])', 'target_path': 'None', 'printer_width': '80', 'write_json': 'True', 'empty': 'False', 'log_cache_events': 'False', 'introspect': 'True', 'cache_selected_only': 'False', 'log_format': 'default', 'debug': 'False', 'fail_fast': 'False', 'partial_parse': 'True', 'send_anonymous_usage_stats': 'True', 'quiet': 'False', 'warn_error': 'None', 'profiles_dir': 'C:\\Users\\Adam White\\.dbt', 'use_colors': 'True', 'invocation_command': 'dbt run', 'indirect_selection': 'eager', 'use_experimental_parser': 'False', 'log_path': 'C:\\Users\\Adam White\\Desktop\\ttc-analytics-hub\\warehouse\\logs'}
[0m17:46:30.560850 [debug] [MainThread]: Sending event: {'category': 'dbt', 'action': 'project_id', 'label': '7ce8fc7b-0c05-40ec-b33b-b89c23d3b9cc', 'context': [<snowplow_tracker.self_describing_json.SelfDescribingJson object at 0x000001A0891049D0>]}
[0m17:46:30.606489 [debug] [MainThread]: Sending event: {'category': 'dbt', 'action': 'adapter_info', 'label': '7ce8fc7b-0c05-40ec-b33b-b89c23d3b9cc', 'context': [<snowplow_tracker.self_describing_json.SelfDescribingJson object at 0x000001A08AF097B0>]}
[0m17:46:30.608639 [info ] [MainThread]: Registered adapter: duckdb=1.10.0
[0m17:46:30.831904 [debug] [MainThread]: checksum: 14a228079bd6df63ba81633f9a3cf44ecfaa31056ac397c602753ec895dbf885, vars: {}, profile: , target: , version: 1.10.15
[0m17:46:30.943114 [debug] [MainThread]: Partial parsing enabled: 0 files deleted, 0 files added, 1 files changed.
[0m17:46:30.943582 [debug] [MainThread]: Partial parsing: updated file: ttc_analytics://models\staging\stg_stops.sql
[0m17:46:31.116857 [warn ] [MainThread]: [[33mWARNING[0m]: Configuration paths exist in your dbt_project.yml file which do not apply to any resources.
There are 2 unused configuration paths:
- models.ttc_analytics.intermediate
- models.ttc_analytics.marts
[0m17:46:31.126184 [debug] [MainThread]: Sending event: {'category': 'dbt', 'action': 'load_project', 'label': '7ce8fc7b-0c05-40ec-b33b-b89c23d3b9cc', 'context': [<snowplow_tracker.self_describing_json.SelfDescribingJson object at 0x000001A08B252B50>]}
[0m17:46:31.175068 [debug] [MainThread]: Wrote artifact WritableManifest to C:\Users\Adam White\Desktop\ttc-analytics-hub\warehouse\target\manifest.json
[0m17:46:31.177046 [debug] [MainThread]: Wrote artifact SemanticManifest to C:\Users\Adam White\Desktop\ttc-analytics-hub\warehouse\target\semantic_manifest.json
[0m17:46:31.198880 [debug] [MainThread]: Sending event: {'category': 'dbt', 'action': 'resource_counts', 'label': '7ce8fc7b-0c05-40ec-b33b-b89c23d3b9cc', 'context': [<snowplow_tracker.self_describing_json.SelfDescribingJson object at 0x000001A08B22F3E0>]}
[0m17:46:31.199269 [info ] [MainThread]: Found 5 models, 5 sources, 468 macros
[0m17:46:31.199601 [debug] [MainThread]: Sending event: {'category': 'dbt', 'action': 'runnable_timing', 'label': '7ce8fc7b-0c05-40ec-b33b-b89c23d3b9cc', 'context': [<snowplow_tracker.self_describing_json.SelfDescribingJson object at 0x000001A08B236A50>]}
[0m17:46:31.201050 [info ] [MainThread]: 
[0m17:46:31.201403 [info ] [MainThread]: Concurrency: 4 threads (target='dev')
[0m17:46:31.201742 [info ] [MainThread]: 
[0m17:46:31.202206 [debug] [MainThread]: Acquiring new duckdb connection 'master'
[0m17:46:31.205937 [debug] [ThreadPool]: Acquiring new duckdb connection 'list_analytics'
[0m17:46:31.320495 [debug] [ThreadPool]: Using duckdb connection "list_analytics"
[0m17:46:31.320849 [debug] [ThreadPool]: On list_analytics: /* {"app": "dbt", "dbt_version": "1.10.15", "profile_name": "ttc_analytics", "target_name": "dev", "connection_name": "list_analytics"} */

    
    select schema_name
    from system.information_schema.schemata
    
    where lower(catalog_name) = '"analytics"'
    
  
  
[0m17:46:31.321113 [debug] [ThreadPool]: Opening a new connection, currently in state init
[0m17:46:31.340928 [debug] [ThreadPool]: SQL status: OK in 0.020 seconds
[0m17:46:31.342147 [debug] [ThreadPool]: On list_analytics: Close
[0m17:46:31.342754 [debug] [ThreadPool]: Re-using an available connection from the pool (formerly list_analytics, now create_analytics_main)
[0m17:46:31.343124 [debug] [ThreadPool]: Creating schema "database: "analytics"
schema: "main"
"
[0m17:46:31.347755 [debug] [ThreadPool]: Using duckdb connection "create_analytics_main"
[0m17:46:31.348009 [debug] [ThreadPool]: On create_analytics_main: /* {"app": "dbt", "dbt_version": "1.10.15", "profile_name": "ttc_analytics", "target_name": "dev", "connection_name": "create_analytics_main"} */

    
        select type from duckdb_databases()
        where lower(database_name)='analytics'
        and type='sqlite'
    
  
[0m17:46:31.348228 [debug] [ThreadPool]: Opening a new connection, currently in state closed
[0m17:46:31.348920 [debug] [ThreadPool]: SQL status: OK in 0.001 seconds
[0m17:46:31.349759 [debug] [ThreadPool]: Using duckdb connection "create_analytics_main"
[0m17:46:31.349981 [debug] [ThreadPool]: On create_analytics_main: BEGIN
[0m17:46:31.350342 [debug] [ThreadPool]: SQL status: OK in 0.000 seconds
[0m17:46:31.350565 [debug] [ThreadPool]: Using duckdb connection "create_analytics_main"
[0m17:46:31.350828 [debug] [ThreadPool]: On create_analytics_main: /* {"app": "dbt", "dbt_version": "1.10.15", "profile_name": "ttc_analytics", "target_name": "dev", "connection_name": "create_analytics_main"} */

    
    
        create schema if not exists "analytics"."main"
    
[0m17:46:31.351227 [debug] [ThreadPool]: SQL status: OK in 0.000 seconds
[0m17:46:31.351786 [debug] [ThreadPool]: On create_analytics_main: COMMIT
[0m17:46:31.352008 [debug] [ThreadPool]: Using duckdb connection "create_analytics_main"
[0m17:46:31.352214 [debug] [ThreadPool]: On create_analytics_main: COMMIT
[0m17:46:31.352576 [debug] [ThreadPool]: SQL status: OK in 0.000 seconds
[0m17:46:31.352807 [debug] [ThreadPool]: On create_analytics_main: Close
[0m17:46:31.354020 [debug] [ThreadPool]: Acquiring new duckdb connection 'list_analytics_main'
[0m17:46:31.357843 [debug] [ThreadPool]: Using duckdb connection "list_analytics_main"
[0m17:46:31.358083 [debug] [ThreadPool]: On list_analytics_main: BEGIN
[0m17:46:31.358287 [debug] [ThreadPool]: Opening a new connection, currently in state init
[0m17:46:31.358656 [debug] [ThreadPool]: SQL status: OK in 0.000 seconds
[0m17:46:31.358877 [debug] [ThreadPool]: Using duckdb connection "list_analytics_main"
[0m17:46:31.359092 [debug] [ThreadPool]: On list_analytics_main: /* {"app": "dbt", "dbt_version": "1.10.15", "profile_name": "ttc_analytics", "target_name": "dev", "connection_name": "list_analytics_main"} */
select
      'analytics' as database,
      table_name as name,
      table_schema as schema,
      CASE table_type
        WHEN 'BASE TABLE' THEN 'table'
        WHEN 'VIEW' THEN 'view'
        WHEN 'LOCAL TEMPORARY' THEN 'table'
        END as type
    from system.information_schema.tables
    where lower(table_schema) = 'main'
    and lower(table_catalog) = 'analytics'
  
[0m17:46:31.368769 [debug] [ThreadPool]: SQL status: OK in 0.009 seconds
[0m17:46:31.369608 [debug] [ThreadPool]: On list_analytics_main: ROLLBACK
[0m17:46:31.370480 [debug] [ThreadPool]: Failed to rollback 'list_analytics_main'
[0m17:46:31.370714 [debug] [ThreadPool]: On list_analytics_main: Close
[0m17:46:31.371658 [debug] [MainThread]: Sending event: {'category': 'dbt', 'action': 'runnable_timing', 'label': '7ce8fc7b-0c05-40ec-b33b-b89c23d3b9cc', 'context': [<snowplow_tracker.self_describing_json.SelfDescribingJson object at 0x000001A08B652DD0>]}
[0m17:46:31.372054 [debug] [MainThread]: Using duckdb connection "master"
[0m17:46:31.372278 [debug] [MainThread]: On master: BEGIN
[0m17:46:31.372473 [debug] [MainThread]: Opening a new connection, currently in state init
[0m17:46:31.372847 [debug] [MainThread]: SQL status: OK in 0.000 seconds
[0m17:46:31.373067 [debug] [MainThread]: On master: COMMIT
[0m17:46:31.373273 [debug] [MainThread]: Using duckdb connection "master"
[0m17:46:31.373477 [debug] [MainThread]: On master: COMMIT
[0m17:46:31.373805 [debug] [MainThread]: SQL status: OK in 0.000 seconds
[0m17:46:31.374022 [debug] [MainThread]: On master: Close
[0m17:46:31.376900 [debug] [Thread-3 (]: Began running node model.ttc_analytics.stg_stop_times
[0m17:46:31.377238 [debug] [Thread-4 (]: Began running node model.ttc_analytics.stg_stops
[0m17:46:31.377517 [debug] [Thread-1 (]: Began running node model.ttc_analytics.stg_routes
[0m17:46:31.377794 [debug] [Thread-2 (]: Began running node model.ttc_analytics.stg_shapes
[0m17:46:31.378138 [info ] [Thread-3 (]: 3 of 5 START sql table model main.stg_stop_times ............................... [RUN]
[0m17:46:31.378460 [info ] [Thread-4 (]: 4 of 5 START sql table model main.stg_stops .................................... [RUN]
[0m17:46:31.379601 [debug] [Thread-3 (]: Acquiring new duckdb connection 'model.ttc_analytics.stg_stop_times'
[0m17:46:31.379962 [debug] [Thread-4 (]: Acquiring new duckdb connection 'model.ttc_analytics.stg_stops'
[0m17:46:31.378868 [info ] [Thread-1 (]: 1 of 5 START sql table model main.stg_routes ................................... [RUN]
[0m17:46:31.380321 [debug] [Thread-3 (]: Began compiling node model.ttc_analytics.stg_stop_times
[0m17:46:31.379213 [info ] [Thread-2 (]: 2 of 5 START sql table model main.stg_shapes ................................... [RUN]
[0m17:46:31.380644 [debug] [Thread-4 (]: Began compiling node model.ttc_analytics.stg_stops
[0m17:46:31.380972 [debug] [Thread-1 (]: Acquiring new duckdb connection 'model.ttc_analytics.stg_routes'
[0m17:46:31.386209 [debug] [Thread-3 (]: Writing injected SQL for node "model.ttc_analytics.stg_stop_times"
[0m17:46:31.386600 [debug] [Thread-2 (]: Acquiring new duckdb connection 'model.ttc_analytics.stg_shapes'
[0m17:46:31.388469 [debug] [Thread-4 (]: Writing injected SQL for node "model.ttc_analytics.stg_stops"
[0m17:46:31.388784 [debug] [Thread-1 (]: Began compiling node model.ttc_analytics.stg_routes
[0m17:46:31.389135 [debug] [Thread-2 (]: Began compiling node model.ttc_analytics.stg_shapes
[0m17:46:31.390788 [debug] [Thread-1 (]: Writing injected SQL for node "model.ttc_analytics.stg_routes"
[0m17:46:31.392301 [debug] [Thread-2 (]: Writing injected SQL for node "model.ttc_analytics.stg_shapes"
[0m17:46:31.392899 [debug] [Thread-3 (]: Began executing node model.ttc_analytics.stg_stop_times
[0m17:46:31.415610 [debug] [Thread-3 (]: Writing runtime sql for node "model.ttc_analytics.stg_stop_times"
[0m17:46:31.415990 [debug] [Thread-4 (]: Began executing node model.ttc_analytics.stg_stops
[0m17:46:31.418328 [debug] [Thread-4 (]: Writing runtime sql for node "model.ttc_analytics.stg_stops"
[0m17:46:31.418651 [debug] [Thread-2 (]: Began executing node model.ttc_analytics.stg_shapes
[0m17:46:31.420920 [debug] [Thread-2 (]: Writing runtime sql for node "model.ttc_analytics.stg_shapes"
[0m17:46:31.421402 [debug] [Thread-1 (]: Began executing node model.ttc_analytics.stg_routes
[0m17:46:31.421765 [debug] [Thread-4 (]: Using duckdb connection "model.ttc_analytics.stg_stops"
[0m17:46:31.422057 [debug] [Thread-3 (]: Using duckdb connection "model.ttc_analytics.stg_stop_times"
[0m17:46:31.423998 [debug] [Thread-1 (]: Writing runtime sql for node "model.ttc_analytics.stg_routes"
[0m17:46:31.424313 [debug] [Thread-4 (]: On model.ttc_analytics.stg_stops: BEGIN
[0m17:46:31.424620 [debug] [Thread-3 (]: On model.ttc_analytics.stg_stop_times: BEGIN
[0m17:46:31.424949 [debug] [Thread-2 (]: Using duckdb connection "model.ttc_analytics.stg_shapes"
[0m17:46:31.425281 [debug] [Thread-4 (]: Opening a new connection, currently in state init
[0m17:46:31.425544 [debug] [Thread-3 (]: Opening a new connection, currently in state init
[0m17:46:31.425826 [debug] [Thread-2 (]: On model.ttc_analytics.stg_shapes: BEGIN
[0m17:46:31.426539 [debug] [Thread-2 (]: Opening a new connection, currently in state init
[0m17:46:31.426967 [debug] [Thread-1 (]: Using duckdb connection "model.ttc_analytics.stg_routes"
[0m17:46:31.427294 [debug] [Thread-1 (]: On model.ttc_analytics.stg_routes: BEGIN
[0m17:46:31.427568 [debug] [Thread-4 (]: SQL status: OK in 0.002 seconds
[0m17:46:31.427833 [debug] [Thread-3 (]: SQL status: OK in 0.002 seconds
[0m17:46:31.428086 [debug] [Thread-1 (]: Opening a new connection, currently in state init
[0m17:46:31.428346 [debug] [Thread-2 (]: SQL status: OK in 0.002 seconds
[0m17:46:31.428629 [debug] [Thread-4 (]: Using duckdb connection "model.ttc_analytics.stg_stops"
[0m17:46:31.428903 [debug] [Thread-3 (]: Using duckdb connection "model.ttc_analytics.stg_stop_times"
[0m17:46:31.429286 [debug] [Thread-2 (]: Using duckdb connection "model.ttc_analytics.stg_shapes"
[0m17:46:31.429583 [debug] [Thread-4 (]: On model.ttc_analytics.stg_stops: /* {"app": "dbt", "dbt_version": "1.10.15", "profile_name": "ttc_analytics", "target_name": "dev", "node_id": "model.ttc_analytics.stg_stops"} */

  
    
    

    create  table
      "analytics"."main"."stg_stops__dbt_tmp"
  
    as (
      -- stg_stops.sql

SELECT  cast(stop_id AS integer)             AS stop_id,
        cast(stop_name AS varchar)           AS stop_name,
        cast(stop_lat AS float)              AS stop_lat,
        cast(stop_lon AS float)              AS stop_lon,
        cast(wheelchair_boarding AS integer) AS wheelchair_boarding,

        CASE WHEN wheelchair_boarding = 1 true else false end AS has_wheelchair_boarding


FROM '../backend/data/gtfs_raw/static_stops.csv'
    );
  
  
[0m17:46:31.429868 [debug] [Thread-1 (]: SQL status: OK in 0.002 seconds
[0m17:46:31.430126 [debug] [Thread-3 (]: On model.ttc_analytics.stg_stop_times: /* {"app": "dbt", "dbt_version": "1.10.15", "profile_name": "ttc_analytics", "target_name": "dev", "node_id": "model.ttc_analytics.stg_stop_times"} */

  
    
    

    create  table
      "analytics"."main"."stg_stop_times__dbt_tmp"
  
    as (
      -- stg_stop_times.sql

SELECT  cast(trip_id AS integer)       AS trip_id,
        cast(stop_id AS integer)       AS stop_id,
        cast(stop_sequence AS integer) AS stop_sequence
        cast(shape_dist_traveled as float) as shape_dist_traveled

FROM '../backend/data/gtfs_raw/static_stop_times.csv'
    );
  
  
[0m17:46:31.430421 [debug] [Thread-2 (]: On model.ttc_analytics.stg_shapes: /* {"app": "dbt", "dbt_version": "1.10.15", "profile_name": "ttc_analytics", "target_name": "dev", "node_id": "model.ttc_analytics.stg_shapes"} */

  
    
    

    create  table
      "analytics"."main"."stg_shapes__dbt_tmp"
  
    as (
      -- stg_shapes.sql

SELECT  cast(shape_id AS integer)          AS shape_id,
        cast(shape_pt_lat AS float)        AS shape_pt_lat,
        cast(shape_pt_lon AS float)        AS shape_pt_lon,
        cast(shape_pt_sequence AS integer) AS shape_pt_sequence,
        cast(shape_dist_traveled AS float) AS shape_dist_traveled

FROM '../backend/data/gtfs_raw/static_shapes.csv'
    );
  
  
[0m17:46:31.431202 [debug] [Thread-4 (]: DuckDB adapter: Error running SQL: /* {"app": "dbt", "dbt_version": "1.10.15", "profile_name": "ttc_analytics", "target_name": "dev", "node_id": "model.ttc_analytics.stg_stops"} */

  
    
    

    create  table
      "analytics"."main"."stg_stops__dbt_tmp"
  
    as (
      -- stg_stops.sql

SELECT  cast(stop_id AS integer)             AS stop_id,
        cast(stop_name AS varchar)           AS stop_name,
        cast(stop_lat AS float)              AS stop_lat,
        cast(stop_lon AS float)              AS stop_lon,
        cast(wheelchair_boarding AS integer) AS wheelchair_boarding,

        CASE WHEN wheelchair_boarding = 1 true else false end AS has_wheelchair_boarding


FROM '../backend/data/gtfs_raw/static_stops.csv'
    );
  
  
[0m17:46:31.431501 [debug] [Thread-1 (]: Using duckdb connection "model.ttc_analytics.stg_routes"
[0m17:46:31.431949 [debug] [Thread-3 (]: DuckDB adapter: Error running SQL: /* {"app": "dbt", "dbt_version": "1.10.15", "profile_name": "ttc_analytics", "target_name": "dev", "node_id": "model.ttc_analytics.stg_stop_times"} */

  
    
    

    create  table
      "analytics"."main"."stg_stop_times__dbt_tmp"
  
    as (
      -- stg_stop_times.sql

SELECT  cast(trip_id AS integer)       AS trip_id,
        cast(stop_id AS integer)       AS stop_id,
        cast(stop_sequence AS integer) AS stop_sequence
        cast(shape_dist_traveled as float) as shape_dist_traveled

FROM '../backend/data/gtfs_raw/static_stop_times.csv'
    );
  
  
[0m17:46:31.432351 [debug] [Thread-4 (]: DuckDB adapter: Rolling back transaction.
[0m17:46:31.432643 [debug] [Thread-1 (]: On model.ttc_analytics.stg_routes: /* {"app": "dbt", "dbt_version": "1.10.15", "profile_name": "ttc_analytics", "target_name": "dev", "node_id": "model.ttc_analytics.stg_routes"} */

  
    
    

    create  table
      "analytics"."main"."stg_routes__dbt_tmp"
  
    as (
      -- stg_routes.sql

SELECT  cast(route_id AS integer)         AS route_id,
        cast(route_long_name AS varchar)  AS route_long_name,
        cast(route_type AS integer)       AS route_type,
        cast(route_color AS varchar)      AS route_color

FROM '../backend/data/gtfs_raw/static_routes.csv'
    );
  
  
[0m17:46:31.432966 [debug] [Thread-3 (]: DuckDB adapter: Rolling back transaction.
[0m17:46:31.433348 [debug] [Thread-4 (]: On model.ttc_analytics.stg_stops: ROLLBACK
[0m17:46:31.433794 [debug] [Thread-3 (]: On model.ttc_analytics.stg_stop_times: ROLLBACK
[0m17:46:31.441082 [debug] [Thread-4 (]: Failed to rollback 'model.ttc_analytics.stg_stops'
[0m17:46:31.441460 [debug] [Thread-4 (]: On model.ttc_analytics.stg_stops: Close
[0m17:46:31.441759 [debug] [Thread-1 (]: SQL status: OK in 0.008 seconds
[0m17:46:31.447865 [debug] [Thread-1 (]: Using duckdb connection "model.ttc_analytics.stg_routes"
[0m17:46:31.448151 [debug] [Thread-1 (]: On model.ttc_analytics.stg_routes: /* {"app": "dbt", "dbt_version": "1.10.15", "profile_name": "ttc_analytics", "target_name": "dev", "node_id": "model.ttc_analytics.stg_routes"} */

    SELECT index_name
    FROM duckdb_indexes()
    WHERE schema_name = 'main'
      AND table_name = 'stg_routes'
  
[0m17:46:31.449080 [debug] [Thread-3 (]: Failed to rollback 'model.ttc_analytics.stg_stop_times'
[0m17:46:31.449378 [debug] [Thread-3 (]: On model.ttc_analytics.stg_stop_times: Close
[0m17:46:31.449659 [debug] [Thread-1 (]: SQL status: OK in 0.001 seconds
[0m17:46:31.451044 [debug] [Thread-1 (]: Using duckdb connection "model.ttc_analytics.stg_routes"
[0m17:46:31.451316 [debug] [Thread-1 (]: On model.ttc_analytics.stg_routes: /* {"app": "dbt", "dbt_version": "1.10.15", "profile_name": "ttc_analytics", "target_name": "dev", "node_id": "model.ttc_analytics.stg_routes"} */

    SELECT COUNT(*) as remaining_indexes
    FROM duckdb_indexes()
    WHERE schema_name = 'main'
      AND table_name = 'stg_routes'
  
[0m17:46:31.453414 [debug] [Thread-1 (]: SQL status: OK in 0.002 seconds
[0m17:46:31.454209 [debug] [Thread-4 (]: Runtime Error in model stg_stops (models\staging\stg_stops.sql)
  Parser Error: syntax error at or near "true"
  
  LINE 19:         CASE WHEN wheelchair_boarding = 1 true else false end AS has_wheelchair_boarding
                                                     ^
[0m17:46:31.459385 [debug] [Thread-1 (]: Using duckdb connection "model.ttc_analytics.stg_routes"
[0m17:46:31.459687 [debug] [Thread-1 (]: On model.ttc_analytics.stg_routes: /* {"app": "dbt", "dbt_version": "1.10.15", "profile_name": "ttc_analytics", "target_name": "dev", "node_id": "model.ttc_analytics.stg_routes"} */
alter table "analytics"."main"."stg_routes" rename to "stg_routes__dbt_backup"
[0m17:46:31.460296 [debug] [Thread-1 (]: SQL status: OK in 0.000 seconds
[0m17:46:31.462215 [debug] [Thread-1 (]: Using duckdb connection "model.ttc_analytics.stg_routes"
[0m17:46:31.464098 [debug] [Thread-1 (]: On model.ttc_analytics.stg_routes: /* {"app": "dbt", "dbt_version": "1.10.15", "profile_name": "ttc_analytics", "target_name": "dev", "node_id": "model.ttc_analytics.stg_routes"} */
alter table "analytics"."main"."stg_routes__dbt_tmp" rename to "stg_routes"
[0m17:46:31.464643 [debug] [Thread-3 (]: Runtime Error in model stg_stop_times (models\staging\stg_stop_times.sql)
  Parser Error: syntax error at or near "cast"
  
  LINE 16:         cast(shape_dist_traveled as float) as shape_dist_traveled
                   ^
[0m17:46:31.465216 [debug] [Thread-1 (]: SQL status: OK in 0.000 seconds
[0m17:46:31.476102 [debug] [Thread-1 (]: On model.ttc_analytics.stg_routes: COMMIT
[0m17:46:31.476389 [debug] [Thread-1 (]: Using duckdb connection "model.ttc_analytics.stg_routes"
[0m17:46:31.476660 [debug] [Thread-4 (]: Sending event: {'category': 'dbt', 'action': 'run_model', 'label': '7ce8fc7b-0c05-40ec-b33b-b89c23d3b9cc', 'context': [<snowplow_tracker.self_describing_json.SelfDescribingJson object at 0x000001A08B5BB950>]}
[0m17:46:31.477001 [debug] [Thread-1 (]: On model.ttc_analytics.stg_routes: COMMIT
[0m17:46:31.477271 [debug] [Thread-3 (]: Sending event: {'category': 'dbt', 'action': 'run_model', 'label': '7ce8fc7b-0c05-40ec-b33b-b89c23d3b9cc', 'context': [<snowplow_tracker.self_describing_json.SelfDescribingJson object at 0x000001A08B40A360>]}
[0m17:46:31.477734 [error] [Thread-4 (]: 4 of 5 ERROR creating sql table model main.stg_stops ........................... [[31mERROR[0m in 0.07s]
[0m17:46:31.478765 [debug] [Thread-4 (]: Finished running node model.ttc_analytics.stg_stops
[0m17:46:31.479069 [debug] [Thread-4 (]: Began running node model.ttc_analytics.stg_trips
[0m17:46:31.478339 [error] [Thread-3 (]: 3 of 5 ERROR creating sql table model main.stg_stop_times ...................... [[31mERROR[0m in 0.09s]
[0m17:46:31.479831 [debug] [Thread-7 (]: Marking all children of 'model.ttc_analytics.stg_stops' to be skipped because of status 'error'.  Reason: Runtime Error in model stg_stops (models\staging\stg_stops.sql)
  Parser Error: syntax error at or near "true"
  
  LINE 19:         CASE WHEN wheelchair_boarding = 1 true else false end AS has_wheelchair_boarding
                                                     ^.
[0m17:46:31.480108 [debug] [Thread-1 (]: SQL status: OK in 0.002 seconds
[0m17:46:31.480484 [debug] [Thread-3 (]: Finished running node model.ttc_analytics.stg_stop_times
[0m17:46:31.479393 [info ] [Thread-4 (]: 5 of 5 START sql table model main.stg_trips .................................... [RUN]
[0m17:46:31.484995 [debug] [Thread-1 (]: Using duckdb connection "model.ttc_analytics.stg_routes"
[0m17:46:31.485456 [debug] [Thread-7 (]: Marking all children of 'model.ttc_analytics.stg_stop_times' to be skipped because of status 'error'.  Reason: Runtime Error in model stg_stop_times (models\staging\stg_stop_times.sql)
  Parser Error: syntax error at or near "cast"
  
  LINE 16:         cast(shape_dist_traveled as float) as shape_dist_traveled
                   ^.
[0m17:46:31.485775 [debug] [Thread-4 (]: Re-using an available connection from the pool (formerly model.ttc_analytics.stg_stops, now model.ttc_analytics.stg_trips)
[0m17:46:31.486076 [debug] [Thread-1 (]: On model.ttc_analytics.stg_routes: /* {"app": "dbt", "dbt_version": "1.10.15", "profile_name": "ttc_analytics", "target_name": "dev", "node_id": "model.ttc_analytics.stg_routes"} */

      drop table if exists "analytics"."main"."stg_routes__dbt_backup" cascade
    
[0m17:46:31.486494 [debug] [Thread-4 (]: Began compiling node model.ttc_analytics.stg_trips
[0m17:46:31.488430 [debug] [Thread-4 (]: Writing injected SQL for node "model.ttc_analytics.stg_trips"
[0m17:46:31.489365 [debug] [Thread-4 (]: Began executing node model.ttc_analytics.stg_trips
[0m17:46:31.489710 [debug] [Thread-1 (]: SQL status: OK in 0.003 seconds
[0m17:46:31.491842 [debug] [Thread-4 (]: Writing runtime sql for node "model.ttc_analytics.stg_trips"
[0m17:46:31.493522 [debug] [Thread-1 (]: On model.ttc_analytics.stg_routes: Close
[0m17:46:31.494084 [debug] [Thread-1 (]: Sending event: {'category': 'dbt', 'action': 'run_model', 'label': '7ce8fc7b-0c05-40ec-b33b-b89c23d3b9cc', 'context': [<snowplow_tracker.self_describing_json.SelfDescribingJson object at 0x000001A094471590>]}
[0m17:46:31.494521 [info ] [Thread-1 (]: 1 of 5 OK created sql table model main.stg_routes .............................. [[32mOK[0m in 0.11s]
[0m17:46:31.495123 [debug] [Thread-1 (]: Finished running node model.ttc_analytics.stg_routes
[0m17:46:31.495430 [debug] [Thread-4 (]: Using duckdb connection "model.ttc_analytics.stg_trips"
[0m17:46:31.495796 [debug] [Thread-4 (]: On model.ttc_analytics.stg_trips: BEGIN
[0m17:46:31.496053 [debug] [Thread-4 (]: Opening a new connection, currently in state closed
[0m17:46:31.496587 [debug] [Thread-4 (]: SQL status: OK in 0.001 seconds
[0m17:46:31.496853 [debug] [Thread-4 (]: Using duckdb connection "model.ttc_analytics.stg_trips"
[0m17:46:31.497122 [debug] [Thread-4 (]: On model.ttc_analytics.stg_trips: /* {"app": "dbt", "dbt_version": "1.10.15", "profile_name": "ttc_analytics", "target_name": "dev", "node_id": "model.ttc_analytics.stg_trips"} */

  
    
    

    create  table
      "analytics"."main"."stg_trips__dbt_tmp"
  
    as (
      -- stg_trips.sql

SELECT  cast(trip_id AS integer)               AS trip_id,
        cast(route_id AS integer)              AS route_id,
        cast(trip_headsign AS varchar)         AS trip_headsign,
        cast(trip_short_name AS varchar)       AS trip_short_name,
        cast(direction_id AS integer)          AS direction_id,
        cast(block_id AS integer)              AS block_id,
        cast(shape_id AS integer)              AS shape_id,
        cast(wheelchair_accessible AS integer) AS wheelchair_accessible,
        cast(bikes_allowed AS integer)         AS bikes_allowed,
         
        --Create clean booleans (original fields are tristate)
        CASE WHEN wheelchair_accessible = 1 THEN true else false end AS is_accessible, 
        CASE WHEN bikes_allowed = 1 THEN true else false end AS is_bike_allowed

FROM '../backend/data/gtfs_raw/static_trips.csv'
    );
  
  
[0m17:46:31.538482 [debug] [Thread-2 (]: SQL status: OK in 0.106 seconds
[0m17:46:31.539586 [debug] [Thread-2 (]: Using duckdb connection "model.ttc_analytics.stg_shapes"
[0m17:46:31.539870 [debug] [Thread-2 (]: On model.ttc_analytics.stg_shapes: /* {"app": "dbt", "dbt_version": "1.10.15", "profile_name": "ttc_analytics", "target_name": "dev", "node_id": "model.ttc_analytics.stg_shapes"} */

    SELECT index_name
    FROM duckdb_indexes()
    WHERE schema_name = 'main'
      AND table_name = 'stg_shapes'
  
[0m17:46:31.540590 [debug] [Thread-2 (]: SQL status: OK in 0.000 seconds
[0m17:46:31.541431 [debug] [Thread-2 (]: Using duckdb connection "model.ttc_analytics.stg_shapes"
[0m17:46:31.541706 [debug] [Thread-2 (]: On model.ttc_analytics.stg_shapes: /* {"app": "dbt", "dbt_version": "1.10.15", "profile_name": "ttc_analytics", "target_name": "dev", "node_id": "model.ttc_analytics.stg_shapes"} */

    SELECT COUNT(*) as remaining_indexes
    FROM duckdb_indexes()
    WHERE schema_name = 'main'
      AND table_name = 'stg_shapes'
  
[0m17:46:31.542374 [debug] [Thread-2 (]: SQL status: OK in 0.000 seconds
[0m17:46:31.544483 [debug] [Thread-2 (]: Using duckdb connection "model.ttc_analytics.stg_shapes"
[0m17:46:31.544757 [debug] [Thread-2 (]: On model.ttc_analytics.stg_shapes: /* {"app": "dbt", "dbt_version": "1.10.15", "profile_name": "ttc_analytics", "target_name": "dev", "node_id": "model.ttc_analytics.stg_shapes"} */
alter table "analytics"."main"."stg_shapes" rename to "stg_shapes__dbt_backup"
[0m17:46:31.545323 [debug] [Thread-2 (]: SQL status: OK in 0.000 seconds
[0m17:46:31.547467 [debug] [Thread-2 (]: Using duckdb connection "model.ttc_analytics.stg_shapes"
[0m17:46:31.547745 [debug] [Thread-2 (]: On model.ttc_analytics.stg_shapes: /* {"app": "dbt", "dbt_version": "1.10.15", "profile_name": "ttc_analytics", "target_name": "dev", "node_id": "model.ttc_analytics.stg_shapes"} */
alter table "analytics"."main"."stg_shapes__dbt_tmp" rename to "stg_shapes"
[0m17:46:31.548287 [debug] [Thread-2 (]: SQL status: OK in 0.000 seconds
[0m17:46:31.549555 [debug] [Thread-2 (]: On model.ttc_analytics.stg_shapes: COMMIT
[0m17:46:31.549827 [debug] [Thread-2 (]: Using duckdb connection "model.ttc_analytics.stg_shapes"
[0m17:46:31.550125 [debug] [Thread-2 (]: On model.ttc_analytics.stg_shapes: COMMIT
[0m17:46:31.560805 [debug] [Thread-2 (]: SQL status: OK in 0.010 seconds
[0m17:46:31.562243 [debug] [Thread-2 (]: Using duckdb connection "model.ttc_analytics.stg_shapes"
[0m17:46:31.562516 [debug] [Thread-2 (]: On model.ttc_analytics.stg_shapes: /* {"app": "dbt", "dbt_version": "1.10.15", "profile_name": "ttc_analytics", "target_name": "dev", "node_id": "model.ttc_analytics.stg_shapes"} */

      drop table if exists "analytics"."main"."stg_shapes__dbt_backup" cascade
    
[0m17:46:31.563837 [debug] [Thread-2 (]: SQL status: OK in 0.001 seconds
[0m17:46:31.564733 [debug] [Thread-2 (]: On model.ttc_analytics.stg_shapes: Close
[0m17:46:31.565137 [debug] [Thread-2 (]: Sending event: {'category': 'dbt', 'action': 'run_model', 'label': '7ce8fc7b-0c05-40ec-b33b-b89c23d3b9cc', 'context': [<snowplow_tracker.self_describing_json.SelfDescribingJson object at 0x000001A08B837D50>]}
[0m17:46:31.565616 [info ] [Thread-2 (]: 2 of 5 OK created sql table model main.stg_shapes .............................. [[32mOK[0m in 0.18s]
[0m17:46:31.566229 [debug] [Thread-2 (]: Finished running node model.ttc_analytics.stg_shapes
[0m17:46:31.591115 [debug] [Thread-4 (]: SQL status: OK in 0.093 seconds
[0m17:46:31.592157 [debug] [Thread-4 (]: Using duckdb connection "model.ttc_analytics.stg_trips"
[0m17:46:31.592424 [debug] [Thread-4 (]: On model.ttc_analytics.stg_trips: /* {"app": "dbt", "dbt_version": "1.10.15", "profile_name": "ttc_analytics", "target_name": "dev", "node_id": "model.ttc_analytics.stg_trips"} */

    SELECT index_name
    FROM duckdb_indexes()
    WHERE schema_name = 'main'
      AND table_name = 'stg_trips'
  
[0m17:46:31.593135 [debug] [Thread-4 (]: SQL status: OK in 0.000 seconds
[0m17:46:31.593961 [debug] [Thread-4 (]: Using duckdb connection "model.ttc_analytics.stg_trips"
[0m17:46:31.594223 [debug] [Thread-4 (]: On model.ttc_analytics.stg_trips: /* {"app": "dbt", "dbt_version": "1.10.15", "profile_name": "ttc_analytics", "target_name": "dev", "node_id": "model.ttc_analytics.stg_trips"} */

    SELECT COUNT(*) as remaining_indexes
    FROM duckdb_indexes()
    WHERE schema_name = 'main'
      AND table_name = 'stg_trips'
  
[0m17:46:31.594910 [debug] [Thread-4 (]: SQL status: OK in 0.000 seconds
[0m17:46:31.597161 [debug] [Thread-4 (]: Using duckdb connection "model.ttc_analytics.stg_trips"
[0m17:46:31.597441 [debug] [Thread-4 (]: On model.ttc_analytics.stg_trips: /* {"app": "dbt", "dbt_version": "1.10.15", "profile_name": "ttc_analytics", "target_name": "dev", "node_id": "model.ttc_analytics.stg_trips"} */
alter table "analytics"."main"."stg_trips" rename to "stg_trips__dbt_backup"
[0m17:46:31.597944 [debug] [Thread-4 (]: SQL status: OK in 0.000 seconds
[0m17:46:31.600183 [debug] [Thread-4 (]: Using duckdb connection "model.ttc_analytics.stg_trips"
[0m17:46:31.600449 [debug] [Thread-4 (]: On model.ttc_analytics.stg_trips: /* {"app": "dbt", "dbt_version": "1.10.15", "profile_name": "ttc_analytics", "target_name": "dev", "node_id": "model.ttc_analytics.stg_trips"} */
alter table "analytics"."main"."stg_trips__dbt_tmp" rename to "stg_trips"
[0m17:46:31.600928 [debug] [Thread-4 (]: SQL status: OK in 0.000 seconds
[0m17:46:31.602170 [debug] [Thread-4 (]: On model.ttc_analytics.stg_trips: COMMIT
[0m17:46:31.602431 [debug] [Thread-4 (]: Using duckdb connection "model.ttc_analytics.stg_trips"
[0m17:46:31.602743 [debug] [Thread-4 (]: On model.ttc_analytics.stg_trips: COMMIT
[0m17:46:31.630489 [debug] [Thread-4 (]: SQL status: OK in 0.027 seconds
[0m17:46:31.631915 [debug] [Thread-4 (]: Using duckdb connection "model.ttc_analytics.stg_trips"
[0m17:46:31.632175 [debug] [Thread-4 (]: On model.ttc_analytics.stg_trips: /* {"app": "dbt", "dbt_version": "1.10.15", "profile_name": "ttc_analytics", "target_name": "dev", "node_id": "model.ttc_analytics.stg_trips"} */

      drop table if exists "analytics"."main"."stg_trips__dbt_backup" cascade
    
[0m17:46:31.633180 [debug] [Thread-4 (]: SQL status: OK in 0.001 seconds
[0m17:46:31.634040 [debug] [Thread-4 (]: On model.ttc_analytics.stg_trips: Close
[0m17:46:31.634427 [debug] [Thread-4 (]: Sending event: {'category': 'dbt', 'action': 'run_model', 'label': '7ce8fc7b-0c05-40ec-b33b-b89c23d3b9cc', 'context': [<snowplow_tracker.self_describing_json.SelfDescribingJson object at 0x000001A08B868C20>]}
[0m17:46:31.634864 [info ] [Thread-4 (]: 5 of 5 OK created sql table model main.stg_trips ............................... [[32mOK[0m in 0.15s]
[0m17:46:31.635460 [debug] [Thread-4 (]: Finished running node model.ttc_analytics.stg_trips
[0m17:46:31.636518 [debug] [MainThread]: Using duckdb connection "master"
[0m17:46:31.636749 [debug] [MainThread]: On master: BEGIN
[0m17:46:31.636953 [debug] [MainThread]: Opening a new connection, currently in state closed
[0m17:46:31.637344 [debug] [MainThread]: SQL status: OK in 0.000 seconds
[0m17:46:31.637592 [debug] [MainThread]: On master: COMMIT
[0m17:46:31.637804 [debug] [MainThread]: Using duckdb connection "master"
[0m17:46:31.638011 [debug] [MainThread]: On master: COMMIT
[0m17:46:31.638395 [debug] [MainThread]: SQL status: OK in 0.000 seconds
[0m17:46:31.638679 [debug] [MainThread]: On master: Close
[0m17:46:31.639005 [debug] [MainThread]: Connection 'master' was properly closed.
[0m17:46:31.639227 [debug] [MainThread]: Connection 'create_analytics_main' was properly closed.
[0m17:46:31.639412 [debug] [MainThread]: Connection 'list_analytics_main' was properly closed.
[0m17:46:31.639591 [debug] [MainThread]: Connection 'model.ttc_analytics.stg_stop_times' was properly closed.
[0m17:46:31.639770 [debug] [MainThread]: Connection 'model.ttc_analytics.stg_trips' was properly closed.
[0m17:46:31.639947 [debug] [MainThread]: Connection 'model.ttc_analytics.stg_routes' was properly closed.
[0m17:46:31.640221 [debug] [MainThread]: Connection 'model.ttc_analytics.stg_shapes' was properly closed.
[0m17:46:31.640536 [info ] [MainThread]: 
[0m17:46:31.640909 [info ] [MainThread]: Finished running 5 table models in 0 hours 0 minutes and 0.44 seconds (0.44s).
[0m17:46:31.641923 [debug] [MainThread]: Command end result
[0m17:46:31.659772 [debug] [MainThread]: Wrote artifact WritableManifest to C:\Users\Adam White\Desktop\ttc-analytics-hub\warehouse\target\manifest.json
[0m17:46:31.661696 [debug] [MainThread]: Wrote artifact SemanticManifest to C:\Users\Adam White\Desktop\ttc-analytics-hub\warehouse\target\semantic_manifest.json
[0m17:46:31.666462 [debug] [MainThread]: Wrote artifact RunExecutionResult to C:\Users\Adam White\Desktop\ttc-analytics-hub\warehouse\target\run_results.json
[0m17:46:31.666725 [info ] [MainThread]: 
[0m17:46:31.667156 [info ] [MainThread]: [31mCompleted with 2 errors, 0 partial successes, and 0 warnings:[0m
[0m17:46:31.667524 [info ] [MainThread]: 
[0m17:46:31.667999 [error] [MainThread]: [31mFailure in model stg_stops (models\staging\stg_stops.sql)[0m
[0m17:46:31.668377 [error] [MainThread]:   Runtime Error in model stg_stops (models\staging\stg_stops.sql)
  Parser Error: syntax error at or near "true"
  
  LINE 19:         CASE WHEN wheelchair_boarding = 1 true else false end AS has_wheelchair_boarding
                                                     ^
[0m17:46:31.668695 [info ] [MainThread]: 
[0m17:46:31.669014 [info ] [MainThread]:   compiled code at target\compiled\ttc_analytics\models\staging\stg_stops.sql
[0m17:46:31.669316 [info ] [MainThread]: 
[0m17:46:31.669650 [error] [MainThread]: [31mFailure in model stg_stop_times (models\staging\stg_stop_times.sql)[0m
[0m17:46:31.669967 [error] [MainThread]:   Runtime Error in model stg_stop_times (models\staging\stg_stop_times.sql)
  Parser Error: syntax error at or near "cast"
  
  LINE 16:         cast(shape_dist_traveled as float) as shape_dist_traveled
                   ^
[0m17:46:31.670257 [info ] [MainThread]: 
[0m17:46:31.670555 [info ] [MainThread]:   compiled code at target\compiled\ttc_analytics\models\staging\stg_stop_times.sql
[0m17:46:31.670815 [info ] [MainThread]: 
[0m17:46:31.671095 [info ] [MainThread]: Done. PASS=3 WARN=0 ERROR=2 SKIP=0 NO-OP=0 TOTAL=5
[0m17:46:31.671802 [debug] [MainThread]: Command `dbt run` failed at 17:46:31.671717 after 1.37 seconds
[0m17:46:31.672087 [debug] [MainThread]: Sending event: {'category': 'dbt', 'action': 'invocation', 'label': 'end', 'context': [<snowplow_tracker.self_describing_json.SelfDescribingJson object at 0x000001A0896FDC10>, <snowplow_tracker.self_describing_json.SelfDescribingJson object at 0x000001A09443B8F0>, <snowplow_tracker.self_describing_json.SelfDescribingJson object at 0x000001A09443BB30>]}
[0m17:46:31.672352 [debug] [MainThread]: Flushing usage events
[0m17:46:32.050729 [debug] [MainThread]: An error was encountered while trying to flush usage events
[0m17:47:08.578181 [debug] [MainThread]: Sending event: {'category': 'dbt', 'action': 'invocation', 'label': 'start', 'context': [<snowplow_tracker.self_describing_json.SelfDescribingJson object at 0x0000016693CFC6E0>, <snowplow_tracker.self_describing_json.SelfDescribingJson object at 0x00000166944D11D0>, <snowplow_tracker.self_describing_json.SelfDescribingJson object at 0x0000016694B33ED0>]}


============================== 17:47:08.582167 | eca16dfc-89fb-4746-9efc-982f98c39b5b ==============================
[0m17:47:08.582167 [info ] [MainThread]: Running with dbt=1.10.15
[0m17:47:08.582743 [debug] [MainThread]: running dbt with arguments {'version_check': 'True', 'no_print': 'None', 'static_parser': 'True', 'target_path': 'None', 'warn_error_options': 'WarnErrorOptionsV2(error=[], warn=[], silence=[])', 'printer_width': '80', 'write_json': 'True', 'introspect': 'True', 'log_cache_events': 'False', 'empty': 'False', 'cache_selected_only': 'False', 'fail_fast': 'False', 'debug': 'False', 'log_format': 'default', 'partial_parse': 'True', 'send_anonymous_usage_stats': 'True', 'quiet': 'False', 'warn_error': 'None', 'profiles_dir': 'C:\\Users\\Adam White\\.dbt', 'invocation_command': 'dbt run', 'use_colors': 'True', 'indirect_selection': 'eager', 'use_experimental_parser': 'False', 'log_path': 'C:\\Users\\Adam White\\Desktop\\ttc-analytics-hub\\warehouse\\logs'}
[0m17:47:08.755078 [debug] [MainThread]: Sending event: {'category': 'dbt', 'action': 'project_id', 'label': 'eca16dfc-89fb-4746-9efc-982f98c39b5b', 'context': [<snowplow_tracker.self_describing_json.SelfDescribingJson object at 0x0000016693EA89D0>]}
[0m17:47:08.801363 [debug] [MainThread]: Sending event: {'category': 'dbt', 'action': 'adapter_info', 'label': 'eca16dfc-89fb-4746-9efc-982f98c39b5b', 'context': [<snowplow_tracker.self_describing_json.SelfDescribingJson object at 0x0000016695C297B0>]}
[0m17:47:08.803777 [info ] [MainThread]: Registered adapter: duckdb=1.10.0
[0m17:47:09.031294 [debug] [MainThread]: checksum: 14a228079bd6df63ba81633f9a3cf44ecfaa31056ac397c602753ec895dbf885, vars: {}, profile: , target: , version: 1.10.15
[0m17:47:09.141273 [debug] [MainThread]: Partial parsing enabled: 0 files deleted, 0 files added, 2 files changed.
[0m17:47:09.141754 [debug] [MainThread]: Partial parsing: updated file: ttc_analytics://models\staging\stg_stops.sql
[0m17:47:09.142059 [debug] [MainThread]: Partial parsing: updated file: ttc_analytics://models\staging\stg_stop_times.sql
[0m17:47:09.316009 [warn ] [MainThread]: [[33mWARNING[0m]: Configuration paths exist in your dbt_project.yml file which do not apply to any resources.
There are 2 unused configuration paths:
- models.ttc_analytics.marts
- models.ttc_analytics.intermediate
[0m17:47:09.325328 [debug] [MainThread]: Sending event: {'category': 'dbt', 'action': 'load_project', 'label': 'eca16dfc-89fb-4746-9efc-982f98c39b5b', 'context': [<snowplow_tracker.self_describing_json.SelfDescribingJson object at 0x00000166960C2A50>]}
[0m17:47:09.374548 [debug] [MainThread]: Wrote artifact WritableManifest to C:\Users\Adam White\Desktop\ttc-analytics-hub\warehouse\target\manifest.json
[0m17:47:09.376565 [debug] [MainThread]: Wrote artifact SemanticManifest to C:\Users\Adam White\Desktop\ttc-analytics-hub\warehouse\target\semantic_manifest.json
[0m17:47:09.398186 [debug] [MainThread]: Sending event: {'category': 'dbt', 'action': 'resource_counts', 'label': 'eca16dfc-89fb-4746-9efc-982f98c39b5b', 'context': [<snowplow_tracker.self_describing_json.SelfDescribingJson object at 0x000001669609F3E0>]}
[0m17:47:09.398543 [info ] [MainThread]: Found 5 models, 5 sources, 468 macros
[0m17:47:09.398966 [debug] [MainThread]: Sending event: {'category': 'dbt', 'action': 'runnable_timing', 'label': 'eca16dfc-89fb-4746-9efc-982f98c39b5b', 'context': [<snowplow_tracker.self_describing_json.SelfDescribingJson object at 0x00000166960A6970>]}
[0m17:47:09.400474 [info ] [MainThread]: 
[0m17:47:09.400904 [info ] [MainThread]: Concurrency: 4 threads (target='dev')
[0m17:47:09.401223 [info ] [MainThread]: 
[0m17:47:09.401633 [debug] [MainThread]: Acquiring new duckdb connection 'master'
[0m17:47:09.405197 [debug] [ThreadPool]: Acquiring new duckdb connection 'list_analytics'
[0m17:47:09.518134 [debug] [ThreadPool]: Using duckdb connection "list_analytics"
[0m17:47:09.518469 [debug] [ThreadPool]: On list_analytics: /* {"app": "dbt", "dbt_version": "1.10.15", "profile_name": "ttc_analytics", "target_name": "dev", "connection_name": "list_analytics"} */

    
    select schema_name
    from system.information_schema.schemata
    
    where lower(catalog_name) = '"analytics"'
    
  
  
[0m17:47:09.518703 [debug] [ThreadPool]: Opening a new connection, currently in state init
[0m17:47:09.539144 [debug] [ThreadPool]: SQL status: OK in 0.020 seconds
[0m17:47:09.540174 [debug] [ThreadPool]: On list_analytics: Close
[0m17:47:09.540736 [debug] [ThreadPool]: Re-using an available connection from the pool (formerly list_analytics, now create_analytics_main)
[0m17:47:09.541080 [debug] [ThreadPool]: Creating schema "database: "analytics"
schema: "main"
"
[0m17:47:09.545735 [debug] [ThreadPool]: Using duckdb connection "create_analytics_main"
[0m17:47:09.545980 [debug] [ThreadPool]: On create_analytics_main: /* {"app": "dbt", "dbt_version": "1.10.15", "profile_name": "ttc_analytics", "target_name": "dev", "connection_name": "create_analytics_main"} */

    
        select type from duckdb_databases()
        where lower(database_name)='analytics'
        and type='sqlite'
    
  
[0m17:47:09.546198 [debug] [ThreadPool]: Opening a new connection, currently in state closed
[0m17:47:09.546865 [debug] [ThreadPool]: SQL status: OK in 0.001 seconds
[0m17:47:09.547692 [debug] [ThreadPool]: Using duckdb connection "create_analytics_main"
[0m17:47:09.547914 [debug] [ThreadPool]: On create_analytics_main: BEGIN
[0m17:47:09.548259 [debug] [ThreadPool]: SQL status: OK in 0.000 seconds
[0m17:47:09.548483 [debug] [ThreadPool]: Using duckdb connection "create_analytics_main"
[0m17:47:09.548688 [debug] [ThreadPool]: On create_analytics_main: /* {"app": "dbt", "dbt_version": "1.10.15", "profile_name": "ttc_analytics", "target_name": "dev", "connection_name": "create_analytics_main"} */

    
    
        create schema if not exists "analytics"."main"
    
[0m17:47:09.549067 [debug] [ThreadPool]: SQL status: OK in 0.000 seconds
[0m17:47:09.549616 [debug] [ThreadPool]: On create_analytics_main: COMMIT
[0m17:47:09.549837 [debug] [ThreadPool]: Using duckdb connection "create_analytics_main"
[0m17:47:09.550039 [debug] [ThreadPool]: On create_analytics_main: COMMIT
[0m17:47:09.550376 [debug] [ThreadPool]: SQL status: OK in 0.000 seconds
[0m17:47:09.550611 [debug] [ThreadPool]: On create_analytics_main: Close
[0m17:47:09.551718 [debug] [ThreadPool]: Acquiring new duckdb connection 'list_analytics_main'
[0m17:47:09.555608 [debug] [ThreadPool]: Using duckdb connection "list_analytics_main"
[0m17:47:09.555846 [debug] [ThreadPool]: On list_analytics_main: BEGIN
[0m17:47:09.556057 [debug] [ThreadPool]: Opening a new connection, currently in state init
[0m17:47:09.556424 [debug] [ThreadPool]: SQL status: OK in 0.000 seconds
[0m17:47:09.556643 [debug] [ThreadPool]: Using duckdb connection "list_analytics_main"
[0m17:47:09.556855 [debug] [ThreadPool]: On list_analytics_main: /* {"app": "dbt", "dbt_version": "1.10.15", "profile_name": "ttc_analytics", "target_name": "dev", "connection_name": "list_analytics_main"} */
select
      'analytics' as database,
      table_name as name,
      table_schema as schema,
      CASE table_type
        WHEN 'BASE TABLE' THEN 'table'
        WHEN 'VIEW' THEN 'view'
        WHEN 'LOCAL TEMPORARY' THEN 'table'
        END as type
    from system.information_schema.tables
    where lower(table_schema) = 'main'
    and lower(table_catalog) = 'analytics'
  
[0m17:47:09.566552 [debug] [ThreadPool]: SQL status: OK in 0.009 seconds
[0m17:47:09.567408 [debug] [ThreadPool]: On list_analytics_main: ROLLBACK
[0m17:47:09.568250 [debug] [ThreadPool]: Failed to rollback 'list_analytics_main'
[0m17:47:09.568479 [debug] [ThreadPool]: On list_analytics_main: Close
[0m17:47:09.569439 [debug] [MainThread]: Sending event: {'category': 'dbt', 'action': 'runnable_timing', 'label': 'eca16dfc-89fb-4746-9efc-982f98c39b5b', 'context': [<snowplow_tracker.self_describing_json.SelfDescribingJson object at 0x00000166964C6DD0>]}
[0m17:47:09.569826 [debug] [MainThread]: Using duckdb connection "master"
[0m17:47:09.570090 [debug] [MainThread]: On master: BEGIN
[0m17:47:09.570289 [debug] [MainThread]: Opening a new connection, currently in state init
[0m17:47:09.570913 [debug] [MainThread]: SQL status: OK in 0.001 seconds
[0m17:47:09.571200 [debug] [MainThread]: On master: COMMIT
[0m17:47:09.571468 [debug] [MainThread]: Using duckdb connection "master"
[0m17:47:09.571713 [debug] [MainThread]: On master: COMMIT
[0m17:47:09.572112 [debug] [MainThread]: SQL status: OK in 0.000 seconds
[0m17:47:09.572332 [debug] [MainThread]: On master: Close
[0m17:47:09.575251 [debug] [Thread-1 (]: Began running node model.ttc_analytics.stg_routes
[0m17:47:09.575597 [debug] [Thread-4 (]: Began running node model.ttc_analytics.stg_stops
[0m17:47:09.575872 [debug] [Thread-2 (]: Began running node model.ttc_analytics.stg_shapes
[0m17:47:09.576145 [debug] [Thread-3 (]: Began running node model.ttc_analytics.stg_stop_times
[0m17:47:09.576487 [info ] [Thread-1 (]: 1 of 5 START sql table model main.stg_routes ................................... [RUN]
[0m17:47:09.576819 [info ] [Thread-4 (]: 4 of 5 START sql table model main.stg_stops .................................... [RUN]
[0m17:47:09.577889 [debug] [Thread-1 (]: Acquiring new duckdb connection 'model.ttc_analytics.stg_routes'
[0m17:47:09.577207 [info ] [Thread-2 (]: 2 of 5 START sql table model main.stg_shapes ................................... [RUN]
[0m17:47:09.578293 [debug] [Thread-4 (]: Acquiring new duckdb connection 'model.ttc_analytics.stg_stops'
[0m17:47:09.578596 [debug] [Thread-1 (]: Began compiling node model.ttc_analytics.stg_routes
[0m17:47:09.577514 [info ] [Thread-3 (]: 3 of 5 START sql table model main.stg_stop_times ............................... [RUN]
[0m17:47:09.579007 [debug] [Thread-2 (]: Acquiring new duckdb connection 'model.ttc_analytics.stg_shapes'
[0m17:47:09.579281 [debug] [Thread-4 (]: Began compiling node model.ttc_analytics.stg_stops
[0m17:47:09.584272 [debug] [Thread-1 (]: Writing injected SQL for node "model.ttc_analytics.stg_routes"
[0m17:47:09.584654 [debug] [Thread-3 (]: Acquiring new duckdb connection 'model.ttc_analytics.stg_stop_times'
[0m17:47:09.584964 [debug] [Thread-2 (]: Began compiling node model.ttc_analytics.stg_shapes
[0m17:47:09.586718 [debug] [Thread-4 (]: Writing injected SQL for node "model.ttc_analytics.stg_stops"
[0m17:47:09.587158 [debug] [Thread-3 (]: Began compiling node model.ttc_analytics.stg_stop_times
[0m17:47:09.588742 [debug] [Thread-2 (]: Writing injected SQL for node "model.ttc_analytics.stg_shapes"
[0m17:47:09.590393 [debug] [Thread-3 (]: Writing injected SQL for node "model.ttc_analytics.stg_stop_times"
[0m17:47:09.590878 [debug] [Thread-1 (]: Began executing node model.ttc_analytics.stg_routes
[0m17:47:09.602639 [debug] [Thread-4 (]: Began executing node model.ttc_analytics.stg_stops
[0m17:47:09.613934 [debug] [Thread-1 (]: Writing runtime sql for node "model.ttc_analytics.stg_routes"
[0m17:47:09.616226 [debug] [Thread-4 (]: Writing runtime sql for node "model.ttc_analytics.stg_stops"
[0m17:47:09.616810 [debug] [Thread-2 (]: Began executing node model.ttc_analytics.stg_shapes
[0m17:47:09.618936 [debug] [Thread-2 (]: Writing runtime sql for node "model.ttc_analytics.stg_shapes"
[0m17:47:09.619297 [debug] [Thread-3 (]: Began executing node model.ttc_analytics.stg_stop_times
[0m17:47:09.621397 [debug] [Thread-3 (]: Writing runtime sql for node "model.ttc_analytics.stg_stop_times"
[0m17:47:09.621816 [debug] [Thread-1 (]: Using duckdb connection "model.ttc_analytics.stg_routes"
[0m17:47:09.622096 [debug] [Thread-1 (]: On model.ttc_analytics.stg_routes: BEGIN
[0m17:47:09.622347 [debug] [Thread-1 (]: Opening a new connection, currently in state init
[0m17:47:09.622633 [debug] [Thread-4 (]: Using duckdb connection "model.ttc_analytics.stg_stops"
[0m17:47:09.623257 [debug] [Thread-4 (]: On model.ttc_analytics.stg_stops: BEGIN
[0m17:47:09.623520 [debug] [Thread-4 (]: Opening a new connection, currently in state init
[0m17:47:09.623929 [debug] [Thread-2 (]: Using duckdb connection "model.ttc_analytics.stg_shapes"
[0m17:47:09.624193 [debug] [Thread-2 (]: On model.ttc_analytics.stg_shapes: BEGIN
[0m17:47:09.624431 [debug] [Thread-2 (]: Opening a new connection, currently in state init
[0m17:47:09.624710 [debug] [Thread-3 (]: Using duckdb connection "model.ttc_analytics.stg_stop_times"
[0m17:47:09.624981 [debug] [Thread-4 (]: SQL status: OK in 0.001 seconds
[0m17:47:09.625246 [debug] [Thread-1 (]: SQL status: OK in 0.003 seconds
[0m17:47:09.625614 [debug] [Thread-3 (]: On model.ttc_analytics.stg_stop_times: BEGIN
[0m17:47:09.625894 [debug] [Thread-4 (]: Using duckdb connection "model.ttc_analytics.stg_stops"
[0m17:47:09.626158 [debug] [Thread-2 (]: SQL status: OK in 0.002 seconds
[0m17:47:09.626399 [debug] [Thread-1 (]: Using duckdb connection "model.ttc_analytics.stg_routes"
[0m17:47:09.626660 [debug] [Thread-3 (]: Opening a new connection, currently in state init
[0m17:47:09.626939 [debug] [Thread-4 (]: On model.ttc_analytics.stg_stops: /* {"app": "dbt", "dbt_version": "1.10.15", "profile_name": "ttc_analytics", "target_name": "dev", "node_id": "model.ttc_analytics.stg_stops"} */

  
    
    

    create  table
      "analytics"."main"."stg_stops__dbt_tmp"
  
    as (
      -- stg_stops.sql

SELECT  cast(stop_id AS integer)             AS stop_id,
        cast(stop_name AS varchar)           AS stop_name,
        cast(stop_lat AS float)              AS stop_lat,
        cast(stop_lon AS float)              AS stop_lon,
        cast(wheelchair_boarding AS integer) AS wheelchair_boarding,

        CASE WHEN wheelchair_boarding = 1 THEN true else false end AS has_wheelchair_boarding


FROM '../backend/data/gtfs_raw/static_stops.csv'
    );
  
  
[0m17:47:09.627215 [debug] [Thread-2 (]: Using duckdb connection "model.ttc_analytics.stg_shapes"
[0m17:47:09.627479 [debug] [Thread-1 (]: On model.ttc_analytics.stg_routes: /* {"app": "dbt", "dbt_version": "1.10.15", "profile_name": "ttc_analytics", "target_name": "dev", "node_id": "model.ttc_analytics.stg_routes"} */

  
    
    

    create  table
      "analytics"."main"."stg_routes__dbt_tmp"
  
    as (
      -- stg_routes.sql

SELECT  cast(route_id AS integer)         AS route_id,
        cast(route_long_name AS varchar)  AS route_long_name,
        cast(route_type AS integer)       AS route_type,
        cast(route_color AS varchar)      AS route_color

FROM '../backend/data/gtfs_raw/static_routes.csv'
    );
  
  
[0m17:47:09.628020 [debug] [Thread-2 (]: On model.ttc_analytics.stg_shapes: /* {"app": "dbt", "dbt_version": "1.10.15", "profile_name": "ttc_analytics", "target_name": "dev", "node_id": "model.ttc_analytics.stg_shapes"} */

  
    
    

    create  table
      "analytics"."main"."stg_shapes__dbt_tmp"
  
    as (
      -- stg_shapes.sql

SELECT  cast(shape_id AS integer)          AS shape_id,
        cast(shape_pt_lat AS float)        AS shape_pt_lat,
        cast(shape_pt_lon AS float)        AS shape_pt_lon,
        cast(shape_pt_sequence AS integer) AS shape_pt_sequence,
        cast(shape_dist_traveled AS float) AS shape_dist_traveled

FROM '../backend/data/gtfs_raw/static_shapes.csv'
    );
  
  
[0m17:47:09.628304 [debug] [Thread-3 (]: SQL status: OK in 0.002 seconds
[0m17:47:09.628818 [debug] [Thread-3 (]: Using duckdb connection "model.ttc_analytics.stg_stop_times"
[0m17:47:09.629133 [debug] [Thread-3 (]: On model.ttc_analytics.stg_stop_times: /* {"app": "dbt", "dbt_version": "1.10.15", "profile_name": "ttc_analytics", "target_name": "dev", "node_id": "model.ttc_analytics.stg_stop_times"} */

  
    
    

    create  table
      "analytics"."main"."stg_stop_times__dbt_tmp"
  
    as (
      -- stg_stop_times.sql

SELECT  cast(trip_id AS integer)       AS trip_id,
        cast(stop_id AS integer)       AS stop_id,
        cast(stop_sequence AS integer) AS stop_sequence,
        cast(shape_dist_traveled as float) as shape_dist_traveled

FROM '../backend/data/gtfs_raw/static_stop_times.csv'
    );
  
  
[0m17:47:09.638738 [debug] [Thread-1 (]: SQL status: OK in 0.010 seconds
[0m17:47:09.644010 [debug] [Thread-1 (]: Using duckdb connection "model.ttc_analytics.stg_routes"
[0m17:47:09.644361 [debug] [Thread-1 (]: On model.ttc_analytics.stg_routes: /* {"app": "dbt", "dbt_version": "1.10.15", "profile_name": "ttc_analytics", "target_name": "dev", "node_id": "model.ttc_analytics.stg_routes"} */

    SELECT index_name
    FROM duckdb_indexes()
    WHERE schema_name = 'main'
      AND table_name = 'stg_routes'
  
[0m17:47:09.645061 [debug] [Thread-1 (]: SQL status: OK in 0.000 seconds
[0m17:47:09.645988 [debug] [Thread-1 (]: Using duckdb connection "model.ttc_analytics.stg_routes"
[0m17:47:09.646266 [debug] [Thread-1 (]: On model.ttc_analytics.stg_routes: /* {"app": "dbt", "dbt_version": "1.10.15", "profile_name": "ttc_analytics", "target_name": "dev", "node_id": "model.ttc_analytics.stg_routes"} */

    SELECT COUNT(*) as remaining_indexes
    FROM duckdb_indexes()
    WHERE schema_name = 'main'
      AND table_name = 'stg_routes'
  
[0m17:47:09.646969 [debug] [Thread-1 (]: SQL status: OK in 0.000 seconds
[0m17:47:09.651629 [debug] [Thread-1 (]: Using duckdb connection "model.ttc_analytics.stg_routes"
[0m17:47:09.651908 [debug] [Thread-1 (]: On model.ttc_analytics.stg_routes: /* {"app": "dbt", "dbt_version": "1.10.15", "profile_name": "ttc_analytics", "target_name": "dev", "node_id": "model.ttc_analytics.stg_routes"} */
alter table "analytics"."main"."stg_routes" rename to "stg_routes__dbt_backup"
[0m17:47:09.652399 [debug] [Thread-1 (]: SQL status: OK in 0.000 seconds
[0m17:47:09.654219 [debug] [Thread-1 (]: Using duckdb connection "model.ttc_analytics.stg_routes"
[0m17:47:09.654487 [debug] [Thread-1 (]: On model.ttc_analytics.stg_routes: /* {"app": "dbt", "dbt_version": "1.10.15", "profile_name": "ttc_analytics", "target_name": "dev", "node_id": "model.ttc_analytics.stg_routes"} */
alter table "analytics"."main"."stg_routes__dbt_tmp" rename to "stg_routes"
[0m17:47:09.654946 [debug] [Thread-1 (]: SQL status: OK in 0.000 seconds
[0m17:47:09.666222 [debug] [Thread-1 (]: On model.ttc_analytics.stg_routes: COMMIT
[0m17:47:09.666546 [debug] [Thread-4 (]: SQL status: OK in 0.039 seconds
[0m17:47:09.666835 [debug] [Thread-1 (]: Using duckdb connection "model.ttc_analytics.stg_routes"
[0m17:47:09.668671 [debug] [Thread-4 (]: Using duckdb connection "model.ttc_analytics.stg_stops"
[0m17:47:09.668971 [debug] [Thread-1 (]: On model.ttc_analytics.stg_routes: COMMIT
[0m17:47:09.669292 [debug] [Thread-4 (]: On model.ttc_analytics.stg_stops: /* {"app": "dbt", "dbt_version": "1.10.15", "profile_name": "ttc_analytics", "target_name": "dev", "node_id": "model.ttc_analytics.stg_stops"} */
alter table "analytics"."main"."stg_stops__dbt_tmp" rename to "stg_stops"
[0m17:47:09.670044 [debug] [Thread-4 (]: SQL status: OK in 0.000 seconds
[0m17:47:09.671064 [debug] [Thread-4 (]: On model.ttc_analytics.stg_stops: COMMIT
[0m17:47:09.671335 [debug] [Thread-4 (]: Using duckdb connection "model.ttc_analytics.stg_stops"
[0m17:47:09.671642 [debug] [Thread-4 (]: On model.ttc_analytics.stg_stops: COMMIT
[0m17:47:09.671901 [debug] [Thread-1 (]: SQL status: OK in 0.002 seconds
[0m17:47:09.675894 [debug] [Thread-1 (]: Using duckdb connection "model.ttc_analytics.stg_routes"
[0m17:47:09.676176 [debug] [Thread-1 (]: On model.ttc_analytics.stg_routes: /* {"app": "dbt", "dbt_version": "1.10.15", "profile_name": "ttc_analytics", "target_name": "dev", "node_id": "model.ttc_analytics.stg_routes"} */

      drop table if exists "analytics"."main"."stg_routes__dbt_backup" cascade
    
[0m17:47:09.676465 [debug] [Thread-4 (]: SQL status: OK in 0.004 seconds
[0m17:47:09.678218 [debug] [Thread-4 (]: Using duckdb connection "model.ttc_analytics.stg_stops"
[0m17:47:09.678484 [debug] [Thread-4 (]: On model.ttc_analytics.stg_stops: /* {"app": "dbt", "dbt_version": "1.10.15", "profile_name": "ttc_analytics", "target_name": "dev", "node_id": "model.ttc_analytics.stg_stops"} */

      drop table if exists "analytics"."main"."stg_stops__dbt_backup" cascade
    
[0m17:47:09.679361 [debug] [Thread-1 (]: SQL status: OK in 0.003 seconds
[0m17:47:09.681011 [debug] [Thread-1 (]: On model.ttc_analytics.stg_routes: Close
[0m17:47:09.681322 [debug] [Thread-4 (]: SQL status: OK in 0.002 seconds
[0m17:47:09.683618 [debug] [Thread-4 (]: On model.ttc_analytics.stg_stops: Close
[0m17:47:09.684846 [debug] [Thread-1 (]: Sending event: {'category': 'dbt', 'action': 'run_model', 'label': 'eca16dfc-89fb-4746-9efc-982f98c39b5b', 'context': [<snowplow_tracker.self_describing_json.SelfDescribingJson object at 0x0000016696433DD0>]}
[0m17:47:09.685213 [debug] [Thread-4 (]: Sending event: {'category': 'dbt', 'action': 'run_model', 'label': 'eca16dfc-89fb-4746-9efc-982f98c39b5b', 'context': [<snowplow_tracker.self_describing_json.SelfDescribingJson object at 0x000001669627E620>]}
[0m17:47:09.685879 [info ] [Thread-1 (]: 1 of 5 OK created sql table model main.stg_routes .............................. [[32mOK[0m in 0.10s]
[0m17:47:09.687107 [debug] [Thread-1 (]: Finished running node model.ttc_analytics.stg_routes
[0m17:47:09.686440 [info ] [Thread-4 (]: 4 of 5 OK created sql table model main.stg_stops ............................... [[32mOK[0m in 0.11s]
[0m17:47:09.687605 [debug] [Thread-1 (]: Began running node model.ttc_analytics.stg_trips
[0m17:47:09.688157 [debug] [Thread-4 (]: Finished running node model.ttc_analytics.stg_stops
[0m17:47:09.688545 [info ] [Thread-1 (]: 5 of 5 START sql table model main.stg_trips .................................... [RUN]
[0m17:47:09.689134 [debug] [Thread-1 (]: Re-using an available connection from the pool (formerly model.ttc_analytics.stg_routes, now model.ttc_analytics.stg_trips)
[0m17:47:09.689534 [debug] [Thread-1 (]: Began compiling node model.ttc_analytics.stg_trips
[0m17:47:09.693005 [debug] [Thread-1 (]: Writing injected SQL for node "model.ttc_analytics.stg_trips"
[0m17:47:09.694293 [debug] [Thread-1 (]: Began executing node model.ttc_analytics.stg_trips
[0m17:47:09.698686 [debug] [Thread-1 (]: Writing runtime sql for node "model.ttc_analytics.stg_trips"
[0m17:47:09.699799 [debug] [Thread-1 (]: Using duckdb connection "model.ttc_analytics.stg_trips"
[0m17:47:09.700236 [debug] [Thread-1 (]: On model.ttc_analytics.stg_trips: BEGIN
[0m17:47:09.700642 [debug] [Thread-1 (]: Opening a new connection, currently in state closed
[0m17:47:09.701444 [debug] [Thread-1 (]: SQL status: OK in 0.001 seconds
[0m17:47:09.701859 [debug] [Thread-1 (]: Using duckdb connection "model.ttc_analytics.stg_trips"
[0m17:47:09.702316 [debug] [Thread-1 (]: On model.ttc_analytics.stg_trips: /* {"app": "dbt", "dbt_version": "1.10.15", "profile_name": "ttc_analytics", "target_name": "dev", "node_id": "model.ttc_analytics.stg_trips"} */

  
    
    

    create  table
      "analytics"."main"."stg_trips__dbt_tmp"
  
    as (
      -- stg_trips.sql

SELECT  cast(trip_id AS integer)               AS trip_id,
        cast(route_id AS integer)              AS route_id,
        cast(trip_headsign AS varchar)         AS trip_headsign,
        cast(trip_short_name AS varchar)       AS trip_short_name,
        cast(direction_id AS integer)          AS direction_id,
        cast(block_id AS integer)              AS block_id,
        cast(shape_id AS integer)              AS shape_id,
        cast(wheelchair_accessible AS integer) AS wheelchair_accessible,
        cast(bikes_allowed AS integer)         AS bikes_allowed,
         
        --Create clean booleans (original fields are tristate)
        CASE WHEN wheelchair_accessible = 1 THEN true else false end AS is_accessible, 
        CASE WHEN bikes_allowed = 1 THEN true else false end AS is_bike_allowed

FROM '../backend/data/gtfs_raw/static_trips.csv'
    );
  
  
[0m17:47:09.769284 [debug] [Thread-2 (]: SQL status: OK in 0.140 seconds
[0m17:47:09.770839 [debug] [Thread-2 (]: Using duckdb connection "model.ttc_analytics.stg_shapes"
[0m17:47:09.771278 [debug] [Thread-2 (]: On model.ttc_analytics.stg_shapes: /* {"app": "dbt", "dbt_version": "1.10.15", "profile_name": "ttc_analytics", "target_name": "dev", "node_id": "model.ttc_analytics.stg_shapes"} */

    SELECT index_name
    FROM duckdb_indexes()
    WHERE schema_name = 'main'
      AND table_name = 'stg_shapes'
  
[0m17:47:09.772401 [debug] [Thread-2 (]: SQL status: OK in 0.001 seconds
[0m17:47:09.773810 [debug] [Thread-2 (]: Using duckdb connection "model.ttc_analytics.stg_shapes"
[0m17:47:09.774252 [debug] [Thread-2 (]: On model.ttc_analytics.stg_shapes: /* {"app": "dbt", "dbt_version": "1.10.15", "profile_name": "ttc_analytics", "target_name": "dev", "node_id": "model.ttc_analytics.stg_shapes"} */

    SELECT COUNT(*) as remaining_indexes
    FROM duckdb_indexes()
    WHERE schema_name = 'main'
      AND table_name = 'stg_shapes'
  
[0m17:47:09.775238 [debug] [Thread-2 (]: SQL status: OK in 0.001 seconds
[0m17:47:09.778995 [debug] [Thread-2 (]: Using duckdb connection "model.ttc_analytics.stg_shapes"
[0m17:47:09.779425 [debug] [Thread-2 (]: On model.ttc_analytics.stg_shapes: /* {"app": "dbt", "dbt_version": "1.10.15", "profile_name": "ttc_analytics", "target_name": "dev", "node_id": "model.ttc_analytics.stg_shapes"} */
alter table "analytics"."main"."stg_shapes" rename to "stg_shapes__dbt_backup"
[0m17:47:09.780170 [debug] [Thread-2 (]: SQL status: OK in 0.000 seconds
[0m17:47:09.789481 [debug] [Thread-2 (]: Using duckdb connection "model.ttc_analytics.stg_shapes"
[0m17:47:09.789937 [debug] [Thread-2 (]: On model.ttc_analytics.stg_shapes: /* {"app": "dbt", "dbt_version": "1.10.15", "profile_name": "ttc_analytics", "target_name": "dev", "node_id": "model.ttc_analytics.stg_shapes"} */
alter table "analytics"."main"."stg_shapes__dbt_tmp" rename to "stg_shapes"
[0m17:47:09.790703 [debug] [Thread-2 (]: SQL status: OK in 0.000 seconds
[0m17:47:09.793108 [debug] [Thread-2 (]: On model.ttc_analytics.stg_shapes: COMMIT
[0m17:47:09.793564 [debug] [Thread-2 (]: Using duckdb connection "model.ttc_analytics.stg_shapes"
[0m17:47:09.793994 [debug] [Thread-2 (]: On model.ttc_analytics.stg_shapes: COMMIT
[0m17:47:09.817312 [debug] [Thread-2 (]: SQL status: OK in 0.023 seconds
[0m17:47:09.820528 [debug] [Thread-2 (]: Using duckdb connection "model.ttc_analytics.stg_shapes"
[0m17:47:09.821024 [debug] [Thread-2 (]: On model.ttc_analytics.stg_shapes: /* {"app": "dbt", "dbt_version": "1.10.15", "profile_name": "ttc_analytics", "target_name": "dev", "node_id": "model.ttc_analytics.stg_shapes"} */

      drop table if exists "analytics"."main"."stg_shapes__dbt_backup" cascade
    
[0m17:47:09.822721 [debug] [Thread-2 (]: SQL status: OK in 0.001 seconds
[0m17:47:09.824330 [debug] [Thread-2 (]: On model.ttc_analytics.stg_shapes: Close
[0m17:47:09.824966 [debug] [Thread-2 (]: Sending event: {'category': 'dbt', 'action': 'run_model', 'label': 'eca16dfc-89fb-4746-9efc-982f98c39b5b', 'context': [<snowplow_tracker.self_describing_json.SelfDescribingJson object at 0x0000016694B62E90>]}
[0m17:47:09.825672 [info ] [Thread-2 (]: 2 of 5 OK created sql table model main.stg_shapes .............................. [[32mOK[0m in 0.25s]
[0m17:47:09.826695 [debug] [Thread-2 (]: Finished running node model.ttc_analytics.stg_shapes
[0m17:47:09.877750 [debug] [Thread-1 (]: SQL status: OK in 0.175 seconds
[0m17:47:09.878801 [debug] [Thread-1 (]: Using duckdb connection "model.ttc_analytics.stg_trips"
[0m17:47:09.879101 [debug] [Thread-1 (]: On model.ttc_analytics.stg_trips: /* {"app": "dbt", "dbt_version": "1.10.15", "profile_name": "ttc_analytics", "target_name": "dev", "node_id": "model.ttc_analytics.stg_trips"} */

    SELECT index_name
    FROM duckdb_indexes()
    WHERE schema_name = 'main'
      AND table_name = 'stg_trips'
  
[0m17:47:09.879951 [debug] [Thread-1 (]: SQL status: OK in 0.001 seconds
[0m17:47:09.881215 [debug] [Thread-1 (]: Using duckdb connection "model.ttc_analytics.stg_trips"
[0m17:47:09.881543 [debug] [Thread-1 (]: On model.ttc_analytics.stg_trips: /* {"app": "dbt", "dbt_version": "1.10.15", "profile_name": "ttc_analytics", "target_name": "dev", "node_id": "model.ttc_analytics.stg_trips"} */

    SELECT COUNT(*) as remaining_indexes
    FROM duckdb_indexes()
    WHERE schema_name = 'main'
      AND table_name = 'stg_trips'
  
[0m17:47:09.882498 [debug] [Thread-1 (]: SQL status: OK in 0.001 seconds
[0m17:47:09.885110 [debug] [Thread-1 (]: Using duckdb connection "model.ttc_analytics.stg_trips"
[0m17:47:09.885431 [debug] [Thread-3 (]: SQL status: OK in 0.256 seconds
[0m17:47:09.885789 [debug] [Thread-1 (]: On model.ttc_analytics.stg_trips: /* {"app": "dbt", "dbt_version": "1.10.15", "profile_name": "ttc_analytics", "target_name": "dev", "node_id": "model.ttc_analytics.stg_trips"} */
alter table "analytics"."main"."stg_trips" rename to "stg_trips__dbt_backup"
[0m17:47:09.887963 [debug] [Thread-3 (]: Using duckdb connection "model.ttc_analytics.stg_stop_times"
[0m17:47:09.888383 [debug] [Thread-3 (]: On model.ttc_analytics.stg_stop_times: /* {"app": "dbt", "dbt_version": "1.10.15", "profile_name": "ttc_analytics", "target_name": "dev", "node_id": "model.ttc_analytics.stg_stop_times"} */
alter table "analytics"."main"."stg_stop_times__dbt_tmp" rename to "stg_stop_times"
[0m17:47:09.888766 [debug] [Thread-1 (]: SQL status: OK in 0.000 seconds
[0m17:47:09.890577 [debug] [Thread-1 (]: Using duckdb connection "model.ttc_analytics.stg_trips"
[0m17:47:09.890874 [debug] [Thread-3 (]: SQL status: OK in 0.002 seconds
[0m17:47:09.891171 [debug] [Thread-1 (]: On model.ttc_analytics.stg_trips: /* {"app": "dbt", "dbt_version": "1.10.15", "profile_name": "ttc_analytics", "target_name": "dev", "node_id": "model.ttc_analytics.stg_trips"} */
alter table "analytics"."main"."stg_trips__dbt_tmp" rename to "stg_trips"
[0m17:47:09.892359 [debug] [Thread-3 (]: On model.ttc_analytics.stg_stop_times: COMMIT
[0m17:47:09.892732 [debug] [Thread-3 (]: Using duckdb connection "model.ttc_analytics.stg_stop_times"
[0m17:47:09.892996 [debug] [Thread-3 (]: On model.ttc_analytics.stg_stop_times: COMMIT
[0m17:47:09.893269 [debug] [Thread-1 (]: SQL status: OK in 0.001 seconds
[0m17:47:09.894472 [debug] [Thread-1 (]: On model.ttc_analytics.stg_trips: COMMIT
[0m17:47:09.894743 [debug] [Thread-1 (]: Using duckdb connection "model.ttc_analytics.stg_trips"
[0m17:47:09.894990 [debug] [Thread-1 (]: On model.ttc_analytics.stg_trips: COMMIT
[0m17:47:09.923217 [debug] [Thread-3 (]: SQL status: OK in 0.030 seconds
[0m17:47:09.925167 [debug] [Thread-3 (]: Using duckdb connection "model.ttc_analytics.stg_stop_times"
[0m17:47:09.925483 [debug] [Thread-3 (]: On model.ttc_analytics.stg_stop_times: /* {"app": "dbt", "dbt_version": "1.10.15", "profile_name": "ttc_analytics", "target_name": "dev", "node_id": "model.ttc_analytics.stg_stop_times"} */

      drop table if exists "analytics"."main"."stg_stop_times__dbt_backup" cascade
    
[0m17:47:09.926115 [debug] [Thread-3 (]: SQL status: OK in 0.000 seconds
[0m17:47:09.927216 [debug] [Thread-3 (]: On model.ttc_analytics.stg_stop_times: Close
[0m17:47:09.927649 [debug] [Thread-3 (]: Sending event: {'category': 'dbt', 'action': 'run_model', 'label': 'eca16dfc-89fb-4746-9efc-982f98c39b5b', 'context': [<snowplow_tracker.self_describing_json.SelfDescribingJson object at 0x00000166966553D0>]}
[0m17:47:09.928153 [info ] [Thread-3 (]: 3 of 5 OK created sql table model main.stg_stop_times .......................... [[32mOK[0m in 0.34s]
[0m17:47:09.928832 [debug] [Thread-3 (]: Finished running node model.ttc_analytics.stg_stop_times
[0m17:47:09.951659 [debug] [Thread-1 (]: SQL status: OK in 0.056 seconds
[0m17:47:09.956104 [debug] [Thread-1 (]: Using duckdb connection "model.ttc_analytics.stg_trips"
[0m17:47:09.956420 [debug] [Thread-1 (]: On model.ttc_analytics.stg_trips: /* {"app": "dbt", "dbt_version": "1.10.15", "profile_name": "ttc_analytics", "target_name": "dev", "node_id": "model.ttc_analytics.stg_trips"} */

      drop table if exists "analytics"."main"."stg_trips__dbt_backup" cascade
    
[0m17:47:09.958051 [debug] [Thread-1 (]: SQL status: OK in 0.001 seconds
[0m17:47:09.959235 [debug] [Thread-1 (]: On model.ttc_analytics.stg_trips: Close
[0m17:47:09.959728 [debug] [Thread-1 (]: Sending event: {'category': 'dbt', 'action': 'run_model', 'label': 'eca16dfc-89fb-4746-9efc-982f98c39b5b', 'context': [<snowplow_tracker.self_describing_json.SelfDescribingJson object at 0x00000166967F65F0>]}
[0m17:47:09.960209 [info ] [Thread-1 (]: 5 of 5 OK created sql table model main.stg_trips ............................... [[32mOK[0m in 0.27s]
[0m17:47:09.960784 [debug] [Thread-1 (]: Finished running node model.ttc_analytics.stg_trips
[0m17:47:09.961870 [debug] [MainThread]: Using duckdb connection "master"
[0m17:47:09.962109 [debug] [MainThread]: On master: BEGIN
[0m17:47:09.962318 [debug] [MainThread]: Opening a new connection, currently in state closed
[0m17:47:09.962780 [debug] [MainThread]: SQL status: OK in 0.000 seconds
[0m17:47:09.963011 [debug] [MainThread]: On master: COMMIT
[0m17:47:09.963235 [debug] [MainThread]: Using duckdb connection "master"
[0m17:47:09.963443 [debug] [MainThread]: On master: COMMIT
[0m17:47:09.963783 [debug] [MainThread]: SQL status: OK in 0.000 seconds
[0m17:47:09.964010 [debug] [MainThread]: On master: Close
[0m17:47:09.964271 [debug] [MainThread]: Connection 'master' was properly closed.
[0m17:47:09.964468 [debug] [MainThread]: Connection 'create_analytics_main' was properly closed.
[0m17:47:09.964654 [debug] [MainThread]: Connection 'list_analytics_main' was properly closed.
[0m17:47:09.964845 [debug] [MainThread]: Connection 'model.ttc_analytics.stg_trips' was properly closed.
[0m17:47:09.965027 [debug] [MainThread]: Connection 'model.ttc_analytics.stg_stops' was properly closed.
[0m17:47:09.965214 [debug] [MainThread]: Connection 'model.ttc_analytics.stg_shapes' was properly closed.
[0m17:47:09.965419 [debug] [MainThread]: Connection 'model.ttc_analytics.stg_stop_times' was properly closed.
[0m17:47:09.965684 [info ] [MainThread]: 
[0m17:47:09.966007 [info ] [MainThread]: Finished running 5 table models in 0 hours 0 minutes and 0.56 seconds (0.56s).
[0m17:47:09.967191 [debug] [MainThread]: Command end result
[0m17:47:09.983831 [debug] [MainThread]: Wrote artifact WritableManifest to C:\Users\Adam White\Desktop\ttc-analytics-hub\warehouse\target\manifest.json
[0m17:47:09.986136 [debug] [MainThread]: Wrote artifact SemanticManifest to C:\Users\Adam White\Desktop\ttc-analytics-hub\warehouse\target\semantic_manifest.json
[0m17:47:09.991042 [debug] [MainThread]: Wrote artifact RunExecutionResult to C:\Users\Adam White\Desktop\ttc-analytics-hub\warehouse\target\run_results.json
[0m17:47:09.991286 [info ] [MainThread]: 
[0m17:47:09.991702 [info ] [MainThread]: [32mCompleted successfully[0m
[0m17:47:09.992109 [info ] [MainThread]: 
[0m17:47:09.992445 [info ] [MainThread]: Done. PASS=5 WARN=0 ERROR=0 SKIP=0 NO-OP=0 TOTAL=5
[0m17:47:09.993235 [debug] [MainThread]: Command `dbt run` succeeded at 17:47:09.993142 after 1.50 seconds
[0m17:47:09.993549 [debug] [MainThread]: Sending event: {'category': 'dbt', 'action': 'invocation', 'label': 'end', 'context': [<snowplow_tracker.self_describing_json.SelfDescribingJson object at 0x000001669610B290>, <snowplow_tracker.self_describing_json.SelfDescribingJson object at 0x00000166949C5610>, <snowplow_tracker.self_describing_json.SelfDescribingJson object at 0x00000166967EBBF0>]}
[0m17:47:09.993839 [debug] [MainThread]: Flushing usage events
[0m17:47:10.418465 [debug] [MainThread]: An error was encountered while trying to flush usage events
[0m18:11:42.684550 [debug] [MainThread]: Sending event: {'category': 'dbt', 'action': 'invocation', 'label': 'start', 'context': [<snowplow_tracker.self_describing_json.SelfDescribingJson object at 0x000001FE6A89C6E0>, <snowplow_tracker.self_describing_json.SelfDescribingJson object at 0x000001FE6B0711D0>, <snowplow_tracker.self_describing_json.SelfDescribingJson object at 0x000001FE6B6D3ED0>]}


============================== 18:11:42.688512 | 0986ec1c-88fb-40fa-bdf7-c6222851e84e ==============================
[0m18:11:42.688512 [info ] [MainThread]: Running with dbt=1.10.15
[0m18:11:42.689094 [debug] [MainThread]: running dbt with arguments {'static_parser': 'True', 'no_print': 'None', 'version_check': 'True', 'target_path': 'None', 'warn_error_options': 'WarnErrorOptionsV2(error=[], warn=[], silence=[])', 'printer_width': '80', 'write_json': 'True', 'empty': 'None', 'log_cache_events': 'False', 'introspect': 'True', 'cache_selected_only': 'False', 'fail_fast': 'False', 'debug': 'False', 'log_format': 'default', 'partial_parse': 'True', 'send_anonymous_usage_stats': 'True', 'quiet': 'False', 'warn_error': 'None', 'profiles_dir': 'C:\\Users\\Adam White\\.dbt', 'invocation_command': 'dbt test', 'indirect_selection': 'eager', 'use_colors': 'True', 'use_experimental_parser': 'False', 'log_path': 'C:\\Users\\Adam White\\Desktop\\ttc-analytics-hub\\warehouse\\logs'}
[0m18:11:42.862762 [debug] [MainThread]: Sending event: {'category': 'dbt', 'action': 'project_id', 'label': '0986ec1c-88fb-40fa-bdf7-c6222851e84e', 'context': [<snowplow_tracker.self_describing_json.SelfDescribingJson object at 0x000001FE6AA3C9D0>]}
[0m18:11:42.909229 [debug] [MainThread]: Sending event: {'category': 'dbt', 'action': 'adapter_info', 'label': '0986ec1c-88fb-40fa-bdf7-c6222851e84e', 'context': [<snowplow_tracker.self_describing_json.SelfDescribingJson object at 0x000001FE6B7F97B0>]}
[0m18:11:42.911590 [info ] [MainThread]: Registered adapter: duckdb=1.10.0
[0m18:11:43.135169 [debug] [MainThread]: checksum: 14a228079bd6df63ba81633f9a3cf44ecfaa31056ac397c602753ec895dbf885, vars: {}, profile: , target: , version: 1.10.15
[0m18:11:43.249198 [debug] [MainThread]: Partial parsing enabled: 0 files deleted, 0 files added, 1 files changed.
[0m18:11:43.249984 [debug] [MainThread]: Partial parsing: updated file: ttc_analytics://models\sources.yml
[0m18:11:43.608325 [warn ] [MainThread]: [[33mWARNING[0m][MissingArgumentsPropertyInGenericTestDeprecation]: Deprecated
functionality
Found top-level arguments to test `relationships`. Arguments to generic tests
should be nested under the `arguments` property.`
[0m18:11:43.608981 [debug] [MainThread]: Sending event: {'category': 'dbt', 'action': 'deprecation', 'label': '0986ec1c-88fb-40fa-bdf7-c6222851e84e', 'property_': 'warn', 'context': [<snowplow_tracker.self_describing_json.SelfDescribingJson object at 0x000001FE6CC05650>]}
[0m18:11:43.676833 [warn ] [MainThread]: [[33mWARNING[0m]: Configuration paths exist in your dbt_project.yml file which do not apply to any resources.
There are 2 unused configuration paths:
- models.ttc_analytics.marts
- models.ttc_analytics.intermediate
[0m18:11:43.685582 [debug] [MainThread]: Sending event: {'category': 'dbt', 'action': 'load_project', 'label': '0986ec1c-88fb-40fa-bdf7-c6222851e84e', 'context': [<snowplow_tracker.self_describing_json.SelfDescribingJson object at 0x000001FE6CE65220>]}
[0m18:11:43.746803 [debug] [MainThread]: Wrote artifact WritableManifest to C:\Users\Adam White\Desktop\ttc-analytics-hub\warehouse\target\manifest.json
[0m18:11:43.748996 [debug] [MainThread]: Wrote artifact SemanticManifest to C:\Users\Adam White\Desktop\ttc-analytics-hub\warehouse\target\semantic_manifest.json
[0m18:11:43.778408 [debug] [MainThread]: Sending event: {'category': 'dbt', 'action': 'resource_counts', 'label': '0986ec1c-88fb-40fa-bdf7-c6222851e84e', 'context': [<snowplow_tracker.self_describing_json.SelfDescribingJson object at 0x000001FE6CA0EC10>]}
[0m18:11:43.778770 [info ] [MainThread]: Found 5 models, 12 data tests, 5 sources, 468 macros
[0m18:11:43.779165 [debug] [MainThread]: Sending event: {'category': 'dbt', 'action': 'runnable_timing', 'label': '0986ec1c-88fb-40fa-bdf7-c6222851e84e', 'context': [<snowplow_tracker.self_describing_json.SelfDescribingJson object at 0x000001FE6D0FA000>]}
[0m18:11:43.781174 [info ] [MainThread]: 
[0m18:11:43.781566 [info ] [MainThread]: Concurrency: 4 threads (target='dev')
[0m18:11:43.781913 [info ] [MainThread]: 
[0m18:11:43.782345 [debug] [MainThread]: Acquiring new duckdb connection 'master'
[0m18:11:43.786171 [debug] [ThreadPool]: Acquiring new duckdb connection 'list_analytics_main'
[0m18:11:43.855273 [debug] [ThreadPool]: Using duckdb connection "list_analytics_main"
[0m18:11:43.855632 [debug] [ThreadPool]: On list_analytics_main: BEGIN
[0m18:11:43.855861 [debug] [ThreadPool]: Opening a new connection, currently in state init
[0m18:11:43.867833 [debug] [ThreadPool]: SQL status: OK in 0.012 seconds
[0m18:11:43.868092 [debug] [ThreadPool]: Using duckdb connection "list_analytics_main"
[0m18:11:43.868322 [debug] [ThreadPool]: On list_analytics_main: /* {"app": "dbt", "dbt_version": "1.10.15", "profile_name": "ttc_analytics", "target_name": "dev", "connection_name": "list_analytics_main"} */
select
      'analytics' as database,
      table_name as name,
      table_schema as schema,
      CASE table_type
        WHEN 'BASE TABLE' THEN 'table'
        WHEN 'VIEW' THEN 'view'
        WHEN 'LOCAL TEMPORARY' THEN 'table'
        END as type
    from system.information_schema.tables
    where lower(table_schema) = 'main'
    and lower(table_catalog) = 'analytics'
  
[0m18:11:43.878827 [debug] [ThreadPool]: SQL status: OK in 0.010 seconds
[0m18:11:43.879844 [debug] [ThreadPool]: On list_analytics_main: ROLLBACK
[0m18:11:43.880684 [debug] [ThreadPool]: Failed to rollback 'list_analytics_main'
[0m18:11:43.880918 [debug] [ThreadPool]: On list_analytics_main: Close
[0m18:11:43.882142 [debug] [MainThread]: Sending event: {'category': 'dbt', 'action': 'runnable_timing', 'label': '0986ec1c-88fb-40fa-bdf7-c6222851e84e', 'context': [<snowplow_tracker.self_describing_json.SelfDescribingJson object at 0x000001FE6D124290>]}
[0m18:11:43.882482 [debug] [MainThread]: Using duckdb connection "master"
[0m18:11:43.882699 [debug] [MainThread]: On master: BEGIN
[0m18:11:43.882899 [debug] [MainThread]: Opening a new connection, currently in state init
[0m18:11:43.883348 [debug] [MainThread]: SQL status: OK in 0.000 seconds
[0m18:11:43.883640 [debug] [MainThread]: On master: COMMIT
[0m18:11:43.883907 [debug] [MainThread]: Using duckdb connection "master"
[0m18:11:43.884113 [debug] [MainThread]: On master: COMMIT
[0m18:11:43.884445 [debug] [MainThread]: SQL status: OK in 0.000 seconds
[0m18:11:43.884669 [debug] [MainThread]: On master: Close
[0m18:11:43.887715 [debug] [Thread-3 (]: Began running node test.ttc_analytics.source_not_null_gtfs_raw_shapes_shape_pt_sequence.b5248a2b6f
[0m18:11:43.888052 [debug] [Thread-1 (]: Began running node test.ttc_analytics.source_not_null_gtfs_raw_routes_route_id.544219e4b0
[0m18:11:43.888338 [debug] [Thread-4 (]: Began running node test.ttc_analytics.source_not_null_gtfs_raw_stop_times_stop_sequence.4758b90d4c
[0m18:11:43.888616 [debug] [Thread-2 (]: Began running node test.ttc_analytics.source_not_null_gtfs_raw_shapes_shape_id.381cd2e25d
[0m18:11:43.888900 [info ] [Thread-3 (]: 3 of 12 START test source_not_null_gtfs_raw_shapes_shape_pt_sequence ........... [RUN]
[0m18:11:43.889166 [info ] [Thread-1 (]: 1 of 12 START test source_not_null_gtfs_raw_routes_route_id .................... [RUN]
[0m18:11:43.890157 [debug] [Thread-3 (]: Acquiring new duckdb connection 'test.ttc_analytics.source_not_null_gtfs_raw_shapes_shape_pt_sequence.b5248a2b6f'
[0m18:11:43.890517 [debug] [Thread-1 (]: Acquiring new duckdb connection 'test.ttc_analytics.source_not_null_gtfs_raw_routes_route_id.544219e4b0'
[0m18:11:43.889489 [info ] [Thread-4 (]: 4 of 12 START test source_not_null_gtfs_raw_stop_times_stop_sequence ........... [RUN]
[0m18:11:43.890881 [debug] [Thread-3 (]: Began compiling node test.ttc_analytics.source_not_null_gtfs_raw_shapes_shape_pt_sequence.b5248a2b6f
[0m18:11:43.891166 [debug] [Thread-1 (]: Began compiling node test.ttc_analytics.source_not_null_gtfs_raw_routes_route_id.544219e4b0
[0m18:11:43.889754 [info ] [Thread-2 (]: 2 of 12 START test source_not_null_gtfs_raw_shapes_shape_id .................... [RUN]
[0m18:11:43.891646 [debug] [Thread-4 (]: Acquiring new duckdb connection 'test.ttc_analytics.source_not_null_gtfs_raw_stop_times_stop_sequence.4758b90d4c'
[0m18:11:43.901146 [debug] [Thread-3 (]: Writing injected SQL for node "test.ttc_analytics.source_not_null_gtfs_raw_shapes_shape_pt_sequence.b5248a2b6f"
[0m18:11:43.903740 [debug] [Thread-1 (]: Writing injected SQL for node "test.ttc_analytics.source_not_null_gtfs_raw_routes_route_id.544219e4b0"
[0m18:11:43.904138 [debug] [Thread-2 (]: Acquiring new duckdb connection 'test.ttc_analytics.source_not_null_gtfs_raw_shapes_shape_id.381cd2e25d'
[0m18:11:43.904480 [debug] [Thread-4 (]: Began compiling node test.ttc_analytics.source_not_null_gtfs_raw_stop_times_stop_sequence.4758b90d4c
[0m18:11:43.904984 [debug] [Thread-2 (]: Began compiling node test.ttc_analytics.source_not_null_gtfs_raw_shapes_shape_id.381cd2e25d
[0m18:11:43.909878 [debug] [Thread-2 (]: Writing injected SQL for node "test.ttc_analytics.source_not_null_gtfs_raw_shapes_shape_id.381cd2e25d"
[0m18:11:43.910356 [debug] [Thread-4 (]: Writing injected SQL for node "test.ttc_analytics.source_not_null_gtfs_raw_stop_times_stop_sequence.4758b90d4c"
[0m18:11:43.910822 [debug] [Thread-1 (]: Began executing node test.ttc_analytics.source_not_null_gtfs_raw_routes_route_id.544219e4b0
[0m18:11:43.923135 [debug] [Thread-1 (]: Writing runtime sql for node "test.ttc_analytics.source_not_null_gtfs_raw_routes_route_id.544219e4b0"
[0m18:11:43.923507 [debug] [Thread-3 (]: Began executing node test.ttc_analytics.source_not_null_gtfs_raw_shapes_shape_pt_sequence.b5248a2b6f
[0m18:11:43.925545 [debug] [Thread-3 (]: Writing runtime sql for node "test.ttc_analytics.source_not_null_gtfs_raw_shapes_shape_pt_sequence.b5248a2b6f"
[0m18:11:43.926057 [debug] [Thread-4 (]: Began executing node test.ttc_analytics.source_not_null_gtfs_raw_stop_times_stop_sequence.4758b90d4c
[0m18:11:43.927378 [debug] [Thread-4 (]: Writing runtime sql for node "test.ttc_analytics.source_not_null_gtfs_raw_stop_times_stop_sequence.4758b90d4c"
[0m18:11:43.927730 [debug] [Thread-2 (]: Began executing node test.ttc_analytics.source_not_null_gtfs_raw_shapes_shape_id.381cd2e25d
[0m18:11:43.929329 [debug] [Thread-2 (]: Writing runtime sql for node "test.ttc_analytics.source_not_null_gtfs_raw_shapes_shape_id.381cd2e25d"
[0m18:11:43.929879 [debug] [Thread-3 (]: Using duckdb connection "test.ttc_analytics.source_not_null_gtfs_raw_shapes_shape_pt_sequence.b5248a2b6f"
[0m18:11:43.930164 [debug] [Thread-3 (]: On test.ttc_analytics.source_not_null_gtfs_raw_shapes_shape_pt_sequence.b5248a2b6f: BEGIN
[0m18:11:43.930423 [debug] [Thread-3 (]: Opening a new connection, currently in state init
[0m18:11:43.930705 [debug] [Thread-1 (]: Using duckdb connection "test.ttc_analytics.source_not_null_gtfs_raw_routes_route_id.544219e4b0"
[0m18:11:43.931383 [debug] [Thread-1 (]: On test.ttc_analytics.source_not_null_gtfs_raw_routes_route_id.544219e4b0: BEGIN
[0m18:11:43.931650 [debug] [Thread-1 (]: Opening a new connection, currently in state init
[0m18:11:43.931940 [debug] [Thread-4 (]: Using duckdb connection "test.ttc_analytics.source_not_null_gtfs_raw_stop_times_stop_sequence.4758b90d4c"
[0m18:11:43.932218 [debug] [Thread-3 (]: SQL status: OK in 0.002 seconds
[0m18:11:43.932497 [debug] [Thread-2 (]: Using duckdb connection "test.ttc_analytics.source_not_null_gtfs_raw_shapes_shape_id.381cd2e25d"
[0m18:11:43.932848 [debug] [Thread-4 (]: On test.ttc_analytics.source_not_null_gtfs_raw_stop_times_stop_sequence.4758b90d4c: BEGIN
[0m18:11:43.933127 [debug] [Thread-3 (]: Using duckdb connection "test.ttc_analytics.source_not_null_gtfs_raw_shapes_shape_pt_sequence.b5248a2b6f"
[0m18:11:43.933390 [debug] [Thread-1 (]: SQL status: OK in 0.002 seconds
[0m18:11:43.933640 [debug] [Thread-2 (]: On test.ttc_analytics.source_not_null_gtfs_raw_shapes_shape_id.381cd2e25d: BEGIN
[0m18:11:43.933905 [debug] [Thread-4 (]: Opening a new connection, currently in state init
[0m18:11:43.934212 [debug] [Thread-3 (]: On test.ttc_analytics.source_not_null_gtfs_raw_shapes_shape_pt_sequence.b5248a2b6f: /* {"app": "dbt", "dbt_version": "1.10.15", "profile_name": "ttc_analytics", "target_name": "dev", "node_id": "test.ttc_analytics.source_not_null_gtfs_raw_shapes_shape_pt_sequence.b5248a2b6f"} */

    select
      count(*) as failures,
      count(*) != 0 as should_warn,
      count(*) != 0 as should_error
    from (
      
    
  
    
    



select shape_pt_sequence
from '../backend/data/gtfs_raw/static_shapes.csv'
where shape_pt_sequence is null



  
  
      
    ) dbt_internal_test
[0m18:11:43.934533 [debug] [Thread-1 (]: Using duckdb connection "test.ttc_analytics.source_not_null_gtfs_raw_routes_route_id.544219e4b0"
[0m18:11:43.934853 [debug] [Thread-2 (]: Opening a new connection, currently in state init
[0m18:11:43.935375 [debug] [Thread-1 (]: On test.ttc_analytics.source_not_null_gtfs_raw_routes_route_id.544219e4b0: /* {"app": "dbt", "dbt_version": "1.10.15", "profile_name": "ttc_analytics", "target_name": "dev", "node_id": "test.ttc_analytics.source_not_null_gtfs_raw_routes_route_id.544219e4b0"} */

    select
      count(*) as failures,
      count(*) != 0 as should_warn,
      count(*) != 0 as should_error
    from (
      
    
  
    
    



select route_id
from '../backend/data/gtfs_raw/static_routes.csv'
where route_id is null



  
  
      
    ) dbt_internal_test
[0m18:11:43.935686 [debug] [Thread-4 (]: SQL status: OK in 0.002 seconds
[0m18:11:43.936238 [debug] [Thread-4 (]: Using duckdb connection "test.ttc_analytics.source_not_null_gtfs_raw_stop_times_stop_sequence.4758b90d4c"
[0m18:11:43.936519 [debug] [Thread-2 (]: SQL status: OK in 0.002 seconds
[0m18:11:43.936827 [debug] [Thread-4 (]: On test.ttc_analytics.source_not_null_gtfs_raw_stop_times_stop_sequence.4758b90d4c: /* {"app": "dbt", "dbt_version": "1.10.15", "profile_name": "ttc_analytics", "target_name": "dev", "node_id": "test.ttc_analytics.source_not_null_gtfs_raw_stop_times_stop_sequence.4758b90d4c"} */

    select
      count(*) as failures,
      count(*) != 0 as should_warn,
      count(*) != 0 as should_error
    from (
      
    
  
    
    



select stop_sequence
from '../backend/data/gtfs_raw/static_stop_times.csv'
where stop_sequence is null



  
  
      
    ) dbt_internal_test
[0m18:11:43.937115 [debug] [Thread-2 (]: Using duckdb connection "test.ttc_analytics.source_not_null_gtfs_raw_shapes_shape_id.381cd2e25d"
[0m18:11:43.937483 [debug] [Thread-2 (]: On test.ttc_analytics.source_not_null_gtfs_raw_shapes_shape_id.381cd2e25d: /* {"app": "dbt", "dbt_version": "1.10.15", "profile_name": "ttc_analytics", "target_name": "dev", "node_id": "test.ttc_analytics.source_not_null_gtfs_raw_shapes_shape_id.381cd2e25d"} */

    select
      count(*) as failures,
      count(*) != 0 as should_warn,
      count(*) != 0 as should_error
    from (
      
    
  
    
    



select shape_id
from '../backend/data/gtfs_raw/static_shapes.csv'
where shape_id is null



  
  
      
    ) dbt_internal_test
[0m18:11:43.943819 [debug] [Thread-1 (]: SQL status: OK in 0.008 seconds
[0m18:11:43.948280 [debug] [Thread-1 (]: On test.ttc_analytics.source_not_null_gtfs_raw_routes_route_id.544219e4b0: ROLLBACK
[0m18:11:43.949025 [debug] [Thread-1 (]: Failed to rollback 'test.ttc_analytics.source_not_null_gtfs_raw_routes_route_id.544219e4b0'
[0m18:11:43.949298 [debug] [Thread-1 (]: On test.ttc_analytics.source_not_null_gtfs_raw_routes_route_id.544219e4b0: Close
[0m18:11:43.949777 [info ] [Thread-1 (]: 1 of 12 PASS source_not_null_gtfs_raw_routes_route_id .......................... [[32mPASS[0m in 0.06s]
[0m18:11:43.950416 [debug] [Thread-1 (]: Finished running node test.ttc_analytics.source_not_null_gtfs_raw_routes_route_id.544219e4b0
[0m18:11:43.950779 [debug] [Thread-1 (]: Began running node test.ttc_analytics.source_not_null_gtfs_raw_stop_times_trip_id.da8230043c
[0m18:11:43.951173 [info ] [Thread-1 (]: 5 of 12 START test source_not_null_gtfs_raw_stop_times_trip_id ................. [RUN]
[0m18:11:43.951600 [debug] [Thread-1 (]: Re-using an available connection from the pool (formerly test.ttc_analytics.source_not_null_gtfs_raw_routes_route_id.544219e4b0, now test.ttc_analytics.source_not_null_gtfs_raw_stop_times_trip_id.da8230043c)
[0m18:11:43.951876 [debug] [Thread-1 (]: Began compiling node test.ttc_analytics.source_not_null_gtfs_raw_stop_times_trip_id.da8230043c
[0m18:11:43.954831 [debug] [Thread-1 (]: Writing injected SQL for node "test.ttc_analytics.source_not_null_gtfs_raw_stop_times_trip_id.da8230043c"
[0m18:11:43.955690 [debug] [Thread-1 (]: Began executing node test.ttc_analytics.source_not_null_gtfs_raw_stop_times_trip_id.da8230043c
[0m18:11:43.957124 [debug] [Thread-1 (]: Writing runtime sql for node "test.ttc_analytics.source_not_null_gtfs_raw_stop_times_trip_id.da8230043c"
[0m18:11:43.957917 [debug] [Thread-1 (]: Using duckdb connection "test.ttc_analytics.source_not_null_gtfs_raw_stop_times_trip_id.da8230043c"
[0m18:11:43.958185 [debug] [Thread-1 (]: On test.ttc_analytics.source_not_null_gtfs_raw_stop_times_trip_id.da8230043c: BEGIN
[0m18:11:43.958425 [debug] [Thread-1 (]: Opening a new connection, currently in state closed
[0m18:11:43.958956 [debug] [Thread-1 (]: SQL status: OK in 0.001 seconds
[0m18:11:43.959220 [debug] [Thread-1 (]: Using duckdb connection "test.ttc_analytics.source_not_null_gtfs_raw_stop_times_trip_id.da8230043c"
[0m18:11:43.959473 [debug] [Thread-1 (]: On test.ttc_analytics.source_not_null_gtfs_raw_stop_times_trip_id.da8230043c: /* {"app": "dbt", "dbt_version": "1.10.15", "profile_name": "ttc_analytics", "target_name": "dev", "node_id": "test.ttc_analytics.source_not_null_gtfs_raw_stop_times_trip_id.da8230043c"} */

    select
      count(*) as failures,
      count(*) != 0 as should_warn,
      count(*) != 0 as should_error
    from (
      
    
  
    
    



select trip_id
from '../backend/data/gtfs_raw/static_stop_times.csv'
where trip_id is null



  
  
      
    ) dbt_internal_test
[0m18:11:43.996438 [debug] [Thread-3 (]: SQL status: OK in 0.061 seconds
[0m18:11:43.999960 [debug] [Thread-3 (]: On test.ttc_analytics.source_not_null_gtfs_raw_shapes_shape_pt_sequence.b5248a2b6f: ROLLBACK
[0m18:11:44.000879 [debug] [Thread-3 (]: Failed to rollback 'test.ttc_analytics.source_not_null_gtfs_raw_shapes_shape_pt_sequence.b5248a2b6f'
[0m18:11:44.001226 [debug] [Thread-3 (]: On test.ttc_analytics.source_not_null_gtfs_raw_shapes_shape_pt_sequence.b5248a2b6f: Close
[0m18:11:44.001877 [info ] [Thread-3 (]: 3 of 12 PASS source_not_null_gtfs_raw_shapes_shape_pt_sequence ................. [[32mPASS[0m in 0.11s]
[0m18:11:44.002737 [debug] [Thread-3 (]: Finished running node test.ttc_analytics.source_not_null_gtfs_raw_shapes_shape_pt_sequence.b5248a2b6f
[0m18:11:44.003229 [debug] [Thread-3 (]: Began running node test.ttc_analytics.source_not_null_gtfs_raw_stops_stop_id.f49074d83d
[0m18:11:44.003759 [info ] [Thread-3 (]: 6 of 12 START test source_not_null_gtfs_raw_stops_stop_id ...................... [RUN]
[0m18:11:44.004414 [debug] [Thread-3 (]: Re-using an available connection from the pool (formerly test.ttc_analytics.source_not_null_gtfs_raw_shapes_shape_pt_sequence.b5248a2b6f, now test.ttc_analytics.source_not_null_gtfs_raw_stops_stop_id.f49074d83d)
[0m18:11:44.004785 [debug] [Thread-3 (]: Began compiling node test.ttc_analytics.source_not_null_gtfs_raw_stops_stop_id.f49074d83d
[0m18:11:44.010024 [debug] [Thread-3 (]: Writing injected SQL for node "test.ttc_analytics.source_not_null_gtfs_raw_stops_stop_id.f49074d83d"
[0m18:11:44.011551 [debug] [Thread-3 (]: Began executing node test.ttc_analytics.source_not_null_gtfs_raw_stops_stop_id.f49074d83d
[0m18:11:44.014454 [debug] [Thread-3 (]: Writing runtime sql for node "test.ttc_analytics.source_not_null_gtfs_raw_stops_stop_id.f49074d83d"
[0m18:11:44.015043 [debug] [Thread-2 (]: SQL status: OK in 0.077 seconds
[0m18:11:44.016310 [debug] [Thread-3 (]: Using duckdb connection "test.ttc_analytics.source_not_null_gtfs_raw_stops_stop_id.f49074d83d"
[0m18:11:44.016867 [debug] [Thread-3 (]: On test.ttc_analytics.source_not_null_gtfs_raw_stops_stop_id.f49074d83d: BEGIN
[0m18:11:44.017394 [debug] [Thread-3 (]: Opening a new connection, currently in state closed
[0m18:11:44.018277 [debug] [Thread-3 (]: SQL status: OK in 0.001 seconds
[0m18:11:44.018667 [debug] [Thread-3 (]: Using duckdb connection "test.ttc_analytics.source_not_null_gtfs_raw_stops_stop_id.f49074d83d"
[0m18:11:44.019093 [debug] [Thread-3 (]: On test.ttc_analytics.source_not_null_gtfs_raw_stops_stop_id.f49074d83d: /* {"app": "dbt", "dbt_version": "1.10.15", "profile_name": "ttc_analytics", "target_name": "dev", "node_id": "test.ttc_analytics.source_not_null_gtfs_raw_stops_stop_id.f49074d83d"} */

    select
      count(*) as failures,
      count(*) != 0 as should_warn,
      count(*) != 0 as should_error
    from (
      
    
  
    
    



select stop_id
from '../backend/data/gtfs_raw/static_stops.csv'
where stop_id is null



  
  
      
    ) dbt_internal_test
[0m18:11:44.020936 [debug] [Thread-2 (]: On test.ttc_analytics.source_not_null_gtfs_raw_shapes_shape_id.381cd2e25d: ROLLBACK
[0m18:11:44.021940 [debug] [Thread-2 (]: Failed to rollback 'test.ttc_analytics.source_not_null_gtfs_raw_shapes_shape_id.381cd2e25d'
[0m18:11:44.022500 [debug] [Thread-2 (]: On test.ttc_analytics.source_not_null_gtfs_raw_shapes_shape_id.381cd2e25d: Close
[0m18:11:44.023349 [info ] [Thread-2 (]: 2 of 12 PASS source_not_null_gtfs_raw_shapes_shape_id .......................... [[32mPASS[0m in 0.12s]
[0m18:11:44.024513 [debug] [Thread-2 (]: Finished running node test.ttc_analytics.source_not_null_gtfs_raw_shapes_shape_id.381cd2e25d
[0m18:11:44.024996 [debug] [Thread-2 (]: Began running node test.ttc_analytics.source_not_null_gtfs_raw_trips_trip_id.190ae59ad6
[0m18:11:44.025552 [info ] [Thread-2 (]: 7 of 12 START test source_not_null_gtfs_raw_trips_trip_id ...................... [RUN]
[0m18:11:44.026244 [debug] [Thread-2 (]: Re-using an available connection from the pool (formerly test.ttc_analytics.source_not_null_gtfs_raw_shapes_shape_id.381cd2e25d, now test.ttc_analytics.source_not_null_gtfs_raw_trips_trip_id.190ae59ad6)
[0m18:11:44.026688 [debug] [Thread-2 (]: Began compiling node test.ttc_analytics.source_not_null_gtfs_raw_trips_trip_id.190ae59ad6
[0m18:11:44.032141 [debug] [Thread-2 (]: Writing injected SQL for node "test.ttc_analytics.source_not_null_gtfs_raw_trips_trip_id.190ae59ad6"
[0m18:11:44.034511 [debug] [Thread-2 (]: Began executing node test.ttc_analytics.source_not_null_gtfs_raw_trips_trip_id.190ae59ad6
[0m18:11:44.036977 [debug] [Thread-2 (]: Writing runtime sql for node "test.ttc_analytics.source_not_null_gtfs_raw_trips_trip_id.190ae59ad6"
[0m18:11:44.038032 [debug] [Thread-2 (]: Using duckdb connection "test.ttc_analytics.source_not_null_gtfs_raw_trips_trip_id.190ae59ad6"
[0m18:11:44.038480 [debug] [Thread-2 (]: On test.ttc_analytics.source_not_null_gtfs_raw_trips_trip_id.190ae59ad6: BEGIN
[0m18:11:44.038898 [debug] [Thread-2 (]: Opening a new connection, currently in state closed
[0m18:11:44.039655 [debug] [Thread-2 (]: SQL status: OK in 0.001 seconds
[0m18:11:44.040085 [debug] [Thread-2 (]: Using duckdb connection "test.ttc_analytics.source_not_null_gtfs_raw_trips_trip_id.190ae59ad6"
[0m18:11:44.040512 [debug] [Thread-2 (]: On test.ttc_analytics.source_not_null_gtfs_raw_trips_trip_id.190ae59ad6: /* {"app": "dbt", "dbt_version": "1.10.15", "profile_name": "ttc_analytics", "target_name": "dev", "node_id": "test.ttc_analytics.source_not_null_gtfs_raw_trips_trip_id.190ae59ad6"} */

    select
      count(*) as failures,
      count(*) != 0 as should_warn,
      count(*) != 0 as should_error
    from (
      
    
  
    
    



select trip_id
from '../backend/data/gtfs_raw/static_trips.csv'
where trip_id is null



  
  
      
    ) dbt_internal_test
[0m18:11:44.083386 [debug] [Thread-3 (]: SQL status: OK in 0.062 seconds
[0m18:11:44.085938 [debug] [Thread-3 (]: On test.ttc_analytics.source_not_null_gtfs_raw_stops_stop_id.f49074d83d: ROLLBACK
[0m18:11:44.087072 [debug] [Thread-3 (]: Failed to rollback 'test.ttc_analytics.source_not_null_gtfs_raw_stops_stop_id.f49074d83d'
[0m18:11:44.087688 [debug] [Thread-3 (]: On test.ttc_analytics.source_not_null_gtfs_raw_stops_stop_id.f49074d83d: Close
[0m18:11:44.088589 [info ] [Thread-3 (]: 6 of 12 PASS source_not_null_gtfs_raw_stops_stop_id ............................ [[32mPASS[0m in 0.08s]
[0m18:11:44.089886 [debug] [Thread-3 (]: Finished running node test.ttc_analytics.source_not_null_gtfs_raw_stops_stop_id.f49074d83d
[0m18:11:44.090711 [debug] [Thread-3 (]: Began running node test.ttc_analytics.source_relationships_gtfs_raw_stop_times_trip_id__trip_id__source_gtfs_raw_trips_.149554fded
[0m18:11:44.091296 [info ] [Thread-3 (]: 8 of 12 START test source_relationships_gtfs_raw_stop_times_trip_id__trip_id__source_gtfs_raw_trips_  [RUN]
[0m18:11:44.091968 [debug] [Thread-3 (]: Re-using an available connection from the pool (formerly test.ttc_analytics.source_not_null_gtfs_raw_stops_stop_id.f49074d83d, now test.ttc_analytics.source_relationships_gtfs_raw_stop_times_trip_id__trip_id__source_gtfs_raw_trips_.149554fded)
[0m18:11:44.092461 [debug] [Thread-3 (]: Began compiling node test.ttc_analytics.source_relationships_gtfs_raw_stop_times_trip_id__trip_id__source_gtfs_raw_trips_.149554fded
[0m18:11:44.099279 [debug] [Thread-3 (]: Writing injected SQL for node "test.ttc_analytics.source_relationships_gtfs_raw_stop_times_trip_id__trip_id__source_gtfs_raw_trips_.149554fded"
[0m18:11:44.100650 [debug] [Thread-3 (]: Began executing node test.ttc_analytics.source_relationships_gtfs_raw_stop_times_trip_id__trip_id__source_gtfs_raw_trips_.149554fded
[0m18:11:44.104252 [debug] [Thread-3 (]: Writing runtime sql for node "test.ttc_analytics.source_relationships_gtfs_raw_stop_times_trip_id__trip_id__source_gtfs_raw_trips_.149554fded"
[0m18:11:44.105866 [debug] [Thread-3 (]: Using duckdb connection "test.ttc_analytics.source_relationships_gtfs_raw_stop_times_trip_id__trip_id__source_gtfs_raw_trips_.149554fded"
[0m18:11:44.106486 [debug] [Thread-3 (]: On test.ttc_analytics.source_relationships_gtfs_raw_stop_times_trip_id__trip_id__source_gtfs_raw_trips_.149554fded: BEGIN
[0m18:11:44.107035 [debug] [Thread-3 (]: Opening a new connection, currently in state closed
[0m18:11:44.108109 [debug] [Thread-3 (]: SQL status: OK in 0.001 seconds
[0m18:11:44.108659 [debug] [Thread-3 (]: Using duckdb connection "test.ttc_analytics.source_relationships_gtfs_raw_stop_times_trip_id__trip_id__source_gtfs_raw_trips_.149554fded"
[0m18:11:44.109197 [debug] [Thread-3 (]: On test.ttc_analytics.source_relationships_gtfs_raw_stop_times_trip_id__trip_id__source_gtfs_raw_trips_.149554fded: /* {"app": "dbt", "dbt_version": "1.10.15", "profile_name": "ttc_analytics", "target_name": "dev", "node_id": "test.ttc_analytics.source_relationships_gtfs_raw_stop_times_trip_id__trip_id__source_gtfs_raw_trips_.149554fded"} */

    select
      count(*) as failures,
      count(*) != 0 as should_warn,
      count(*) != 0 as should_error
    from (
      
    
  
    
    

with child as (
    select trip_id as from_field
    from '../backend/data/gtfs_raw/static_stop_times.csv'
    where trip_id is not null
),

parent as (
    select trip_id as to_field
    from '../backend/data/gtfs_raw/static_trips.csv'
)

select
    from_field

from child
left join parent
    on child.from_field = parent.to_field

where parent.to_field is null



  
  
      
    ) dbt_internal_test
[0m18:11:44.117511 [debug] [Thread-4 (]: SQL status: OK in 0.180 seconds
[0m18:11:44.123503 [debug] [Thread-4 (]: On test.ttc_analytics.source_not_null_gtfs_raw_stop_times_stop_sequence.4758b90d4c: ROLLBACK
[0m18:11:44.124342 [debug] [Thread-4 (]: Failed to rollback 'test.ttc_analytics.source_not_null_gtfs_raw_stop_times_stop_sequence.4758b90d4c'
[0m18:11:44.124790 [debug] [Thread-4 (]: On test.ttc_analytics.source_not_null_gtfs_raw_stop_times_stop_sequence.4758b90d4c: Close
[0m18:11:44.125620 [info ] [Thread-4 (]: 4 of 12 PASS source_not_null_gtfs_raw_stop_times_stop_sequence ................. [[32mPASS[0m in 0.23s]
[0m18:11:44.133930 [debug] [Thread-4 (]: Finished running node test.ttc_analytics.source_not_null_gtfs_raw_stop_times_stop_sequence.4758b90d4c
[0m18:11:44.134451 [debug] [Thread-4 (]: Began running node test.ttc_analytics.source_relationships_gtfs_raw_trips_route_id__route_id__source_gtfs_raw_routes_.46a0b3fb60
[0m18:11:44.135009 [info ] [Thread-4 (]: 9 of 12 START test source_relationships_gtfs_raw_trips_route_id__route_id__source_gtfs_raw_routes_  [RUN]
[0m18:11:44.139086 [debug] [Thread-4 (]: Re-using an available connection from the pool (formerly test.ttc_analytics.source_not_null_gtfs_raw_stop_times_stop_sequence.4758b90d4c, now test.ttc_analytics.source_relationships_gtfs_raw_trips_route_id__route_id__source_gtfs_raw_routes_.46a0b3fb60)
[0m18:11:44.139569 [debug] [Thread-4 (]: Began compiling node test.ttc_analytics.source_relationships_gtfs_raw_trips_route_id__route_id__source_gtfs_raw_routes_.46a0b3fb60
[0m18:11:44.146013 [debug] [Thread-4 (]: Writing injected SQL for node "test.ttc_analytics.source_relationships_gtfs_raw_trips_route_id__route_id__source_gtfs_raw_routes_.46a0b3fb60"
[0m18:11:44.147239 [debug] [Thread-4 (]: Began executing node test.ttc_analytics.source_relationships_gtfs_raw_trips_route_id__route_id__source_gtfs_raw_routes_.46a0b3fb60
[0m18:11:44.150374 [debug] [Thread-4 (]: Writing runtime sql for node "test.ttc_analytics.source_relationships_gtfs_raw_trips_route_id__route_id__source_gtfs_raw_routes_.46a0b3fb60"
[0m18:11:44.159744 [debug] [Thread-4 (]: Using duckdb connection "test.ttc_analytics.source_relationships_gtfs_raw_trips_route_id__route_id__source_gtfs_raw_routes_.46a0b3fb60"
[0m18:11:44.160220 [debug] [Thread-4 (]: On test.ttc_analytics.source_relationships_gtfs_raw_trips_route_id__route_id__source_gtfs_raw_routes_.46a0b3fb60: BEGIN
[0m18:11:44.160632 [debug] [Thread-4 (]: Opening a new connection, currently in state closed
[0m18:11:44.161382 [debug] [Thread-4 (]: SQL status: OK in 0.001 seconds
[0m18:11:44.161809 [debug] [Thread-4 (]: Using duckdb connection "test.ttc_analytics.source_relationships_gtfs_raw_trips_route_id__route_id__source_gtfs_raw_routes_.46a0b3fb60"
[0m18:11:44.162256 [debug] [Thread-4 (]: On test.ttc_analytics.source_relationships_gtfs_raw_trips_route_id__route_id__source_gtfs_raw_routes_.46a0b3fb60: /* {"app": "dbt", "dbt_version": "1.10.15", "profile_name": "ttc_analytics", "target_name": "dev", "node_id": "test.ttc_analytics.source_relationships_gtfs_raw_trips_route_id__route_id__source_gtfs_raw_routes_.46a0b3fb60"} */

    select
      count(*) as failures,
      count(*) != 0 as should_warn,
      count(*) != 0 as should_error
    from (
      
    
  
    
    

with child as (
    select route_id as from_field
    from '../backend/data/gtfs_raw/static_trips.csv'
    where route_id is not null
),

parent as (
    select route_id as to_field
    from '../backend/data/gtfs_raw/static_routes.csv'
)

select
    from_field

from child
left join parent
    on child.from_field = parent.to_field

where parent.to_field is null



  
  
      
    ) dbt_internal_test
[0m18:11:44.175790 [debug] [Thread-2 (]: SQL status: OK in 0.135 seconds
[0m18:11:44.178755 [debug] [Thread-2 (]: On test.ttc_analytics.source_not_null_gtfs_raw_trips_trip_id.190ae59ad6: ROLLBACK
[0m18:11:44.179633 [debug] [Thread-2 (]: Failed to rollback 'test.ttc_analytics.source_not_null_gtfs_raw_trips_trip_id.190ae59ad6'
[0m18:11:44.180076 [debug] [Thread-2 (]: On test.ttc_analytics.source_not_null_gtfs_raw_trips_trip_id.190ae59ad6: Close
[0m18:11:44.180788 [info ] [Thread-2 (]: 7 of 12 PASS source_not_null_gtfs_raw_trips_trip_id ............................ [[32mPASS[0m in 0.15s]
[0m18:11:44.181522 [debug] [Thread-2 (]: Finished running node test.ttc_analytics.source_not_null_gtfs_raw_trips_trip_id.190ae59ad6
[0m18:11:44.181882 [debug] [Thread-2 (]: Began running node test.ttc_analytics.source_unique_gtfs_raw_routes_route_id.dbde35d743
[0m18:11:44.182266 [info ] [Thread-2 (]: 10 of 12 START test source_unique_gtfs_raw_routes_route_id ..................... [RUN]
[0m18:11:44.182829 [debug] [Thread-2 (]: Re-using an available connection from the pool (formerly test.ttc_analytics.source_not_null_gtfs_raw_trips_trip_id.190ae59ad6, now test.ttc_analytics.source_unique_gtfs_raw_routes_route_id.dbde35d743)
[0m18:11:44.183206 [debug] [Thread-2 (]: Began compiling node test.ttc_analytics.source_unique_gtfs_raw_routes_route_id.dbde35d743
[0m18:11:44.190726 [debug] [Thread-2 (]: Writing injected SQL for node "test.ttc_analytics.source_unique_gtfs_raw_routes_route_id.dbde35d743"
[0m18:11:44.191852 [debug] [Thread-2 (]: Began executing node test.ttc_analytics.source_unique_gtfs_raw_routes_route_id.dbde35d743
[0m18:11:44.193590 [debug] [Thread-2 (]: Writing runtime sql for node "test.ttc_analytics.source_unique_gtfs_raw_routes_route_id.dbde35d743"
[0m18:11:44.194437 [debug] [Thread-2 (]: Using duckdb connection "test.ttc_analytics.source_unique_gtfs_raw_routes_route_id.dbde35d743"
[0m18:11:44.194732 [debug] [Thread-2 (]: On test.ttc_analytics.source_unique_gtfs_raw_routes_route_id.dbde35d743: BEGIN
[0m18:11:44.195000 [debug] [Thread-2 (]: Opening a new connection, currently in state closed
[0m18:11:44.195605 [debug] [Thread-2 (]: SQL status: OK in 0.001 seconds
[0m18:11:44.195892 [debug] [Thread-2 (]: Using duckdb connection "test.ttc_analytics.source_unique_gtfs_raw_routes_route_id.dbde35d743"
[0m18:11:44.196169 [debug] [Thread-2 (]: On test.ttc_analytics.source_unique_gtfs_raw_routes_route_id.dbde35d743: /* {"app": "dbt", "dbt_version": "1.10.15", "profile_name": "ttc_analytics", "target_name": "dev", "node_id": "test.ttc_analytics.source_unique_gtfs_raw_routes_route_id.dbde35d743"} */

    select
      count(*) as failures,
      count(*) != 0 as should_warn,
      count(*) != 0 as should_error
    from (
      
    
  
    
    

select
    route_id as unique_field,
    count(*) as n_records

from '../backend/data/gtfs_raw/static_routes.csv'
where route_id is not null
group by route_id
having count(*) > 1



  
  
      
    ) dbt_internal_test
[0m18:11:44.208446 [debug] [Thread-1 (]: SQL status: OK in 0.249 seconds
[0m18:11:44.209112 [debug] [Thread-2 (]: SQL status: OK in 0.013 seconds
[0m18:11:44.210799 [debug] [Thread-2 (]: On test.ttc_analytics.source_unique_gtfs_raw_routes_route_id.dbde35d743: ROLLBACK
[0m18:11:44.211509 [debug] [Thread-2 (]: Failed to rollback 'test.ttc_analytics.source_unique_gtfs_raw_routes_route_id.dbde35d743'
[0m18:11:44.212802 [debug] [Thread-1 (]: On test.ttc_analytics.source_not_null_gtfs_raw_stop_times_trip_id.da8230043c: ROLLBACK
[0m18:11:44.213129 [debug] [Thread-2 (]: On test.ttc_analytics.source_unique_gtfs_raw_routes_route_id.dbde35d743: Close
[0m18:11:44.213690 [debug] [Thread-1 (]: Failed to rollback 'test.ttc_analytics.source_not_null_gtfs_raw_stop_times_trip_id.da8230043c'
[0m18:11:44.214424 [debug] [Thread-1 (]: On test.ttc_analytics.source_not_null_gtfs_raw_stop_times_trip_id.da8230043c: Close
[0m18:11:44.214169 [info ] [Thread-2 (]: 10 of 12 PASS source_unique_gtfs_raw_routes_route_id ........................... [[32mPASS[0m in 0.03s]
[0m18:11:44.214967 [debug] [Thread-2 (]: Finished running node test.ttc_analytics.source_unique_gtfs_raw_routes_route_id.dbde35d743
[0m18:11:44.215644 [debug] [Thread-2 (]: Began running node test.ttc_analytics.source_unique_gtfs_raw_stops_stop_id.0f6581b663
[0m18:11:44.215372 [info ] [Thread-1 (]: 5 of 12 PASS source_not_null_gtfs_raw_stop_times_trip_id ....................... [[32mPASS[0m in 0.26s]
[0m18:11:44.216551 [debug] [Thread-1 (]: Finished running node test.ttc_analytics.source_not_null_gtfs_raw_stop_times_trip_id.da8230043c
[0m18:11:44.216064 [info ] [Thread-2 (]: 11 of 12 START test source_unique_gtfs_raw_stops_stop_id ....................... [RUN]
[0m18:11:44.217275 [debug] [Thread-1 (]: Began running node test.ttc_analytics.source_unique_gtfs_raw_trips_trip_id.a208cb4845
[0m18:11:44.217618 [debug] [Thread-2 (]: Re-using an available connection from the pool (formerly test.ttc_analytics.source_unique_gtfs_raw_routes_route_id.dbde35d743, now test.ttc_analytics.source_unique_gtfs_raw_stops_stop_id.0f6581b663)
[0m18:11:44.218165 [debug] [Thread-2 (]: Began compiling node test.ttc_analytics.source_unique_gtfs_raw_stops_stop_id.0f6581b663
[0m18:11:44.217916 [info ] [Thread-1 (]: 12 of 12 START test source_unique_gtfs_raw_trips_trip_id ....................... [RUN]
[0m18:11:44.221805 [debug] [Thread-2 (]: Writing injected SQL for node "test.ttc_analytics.source_unique_gtfs_raw_stops_stop_id.0f6581b663"
[0m18:11:44.222184 [debug] [Thread-1 (]: Re-using an available connection from the pool (formerly test.ttc_analytics.source_not_null_gtfs_raw_stop_times_trip_id.da8230043c, now test.ttc_analytics.source_unique_gtfs_raw_trips_trip_id.a208cb4845)
[0m18:11:44.222561 [debug] [Thread-1 (]: Began compiling node test.ttc_analytics.source_unique_gtfs_raw_trips_trip_id.a208cb4845
[0m18:11:44.225481 [debug] [Thread-1 (]: Writing injected SQL for node "test.ttc_analytics.source_unique_gtfs_raw_trips_trip_id.a208cb4845"
[0m18:11:44.226079 [debug] [Thread-2 (]: Began executing node test.ttc_analytics.source_unique_gtfs_raw_stops_stop_id.0f6581b663
[0m18:11:44.232336 [debug] [Thread-2 (]: Writing runtime sql for node "test.ttc_analytics.source_unique_gtfs_raw_stops_stop_id.0f6581b663"
[0m18:11:44.233001 [debug] [Thread-1 (]: Began executing node test.ttc_analytics.source_unique_gtfs_raw_trips_trip_id.a208cb4845
[0m18:11:44.234774 [debug] [Thread-1 (]: Writing runtime sql for node "test.ttc_analytics.source_unique_gtfs_raw_trips_trip_id.a208cb4845"
[0m18:11:44.235363 [debug] [Thread-2 (]: Using duckdb connection "test.ttc_analytics.source_unique_gtfs_raw_stops_stop_id.0f6581b663"
[0m18:11:44.235671 [debug] [Thread-2 (]: On test.ttc_analytics.source_unique_gtfs_raw_stops_stop_id.0f6581b663: BEGIN
[0m18:11:44.235941 [debug] [Thread-2 (]: Opening a new connection, currently in state closed
[0m18:11:44.236519 [debug] [Thread-1 (]: Using duckdb connection "test.ttc_analytics.source_unique_gtfs_raw_trips_trip_id.a208cb4845"
[0m18:11:44.236821 [debug] [Thread-1 (]: On test.ttc_analytics.source_unique_gtfs_raw_trips_trip_id.a208cb4845: BEGIN
[0m18:11:44.237110 [debug] [Thread-2 (]: SQL status: OK in 0.001 seconds
[0m18:11:44.237389 [debug] [Thread-1 (]: Opening a new connection, currently in state closed
[0m18:11:44.237677 [debug] [Thread-2 (]: Using duckdb connection "test.ttc_analytics.source_unique_gtfs_raw_stops_stop_id.0f6581b663"
[0m18:11:44.238093 [debug] [Thread-2 (]: On test.ttc_analytics.source_unique_gtfs_raw_stops_stop_id.0f6581b663: /* {"app": "dbt", "dbt_version": "1.10.15", "profile_name": "ttc_analytics", "target_name": "dev", "node_id": "test.ttc_analytics.source_unique_gtfs_raw_stops_stop_id.0f6581b663"} */

    select
      count(*) as failures,
      count(*) != 0 as should_warn,
      count(*) != 0 as should_error
    from (
      
    
  
    
    

select
    stop_id as unique_field,
    count(*) as n_records

from '../backend/data/gtfs_raw/static_stops.csv'
where stop_id is not null
group by stop_id
having count(*) > 1



  
  
      
    ) dbt_internal_test
[0m18:11:44.238686 [debug] [Thread-1 (]: SQL status: OK in 0.001 seconds
[0m18:11:44.238999 [debug] [Thread-1 (]: Using duckdb connection "test.ttc_analytics.source_unique_gtfs_raw_trips_trip_id.a208cb4845"
[0m18:11:44.239279 [debug] [Thread-1 (]: On test.ttc_analytics.source_unique_gtfs_raw_trips_trip_id.a208cb4845: /* {"app": "dbt", "dbt_version": "1.10.15", "profile_name": "ttc_analytics", "target_name": "dev", "node_id": "test.ttc_analytics.source_unique_gtfs_raw_trips_trip_id.a208cb4845"} */

    select
      count(*) as failures,
      count(*) != 0 as should_warn,
      count(*) != 0 as should_error
    from (
      
    
  
    
    

select
    trip_id as unique_field,
    count(*) as n_records

from '../backend/data/gtfs_raw/static_trips.csv'
where trip_id is not null
group by trip_id
having count(*) > 1



  
  
      
    ) dbt_internal_test
[0m18:11:44.252725 [debug] [Thread-4 (]: SQL status: OK in 0.090 seconds
[0m18:11:44.255151 [debug] [Thread-4 (]: On test.ttc_analytics.source_relationships_gtfs_raw_trips_route_id__route_id__source_gtfs_raw_routes_.46a0b3fb60: ROLLBACK
[0m18:11:44.255825 [debug] [Thread-4 (]: Failed to rollback 'test.ttc_analytics.source_relationships_gtfs_raw_trips_route_id__route_id__source_gtfs_raw_routes_.46a0b3fb60'
[0m18:11:44.256152 [debug] [Thread-4 (]: On test.ttc_analytics.source_relationships_gtfs_raw_trips_route_id__route_id__source_gtfs_raw_routes_.46a0b3fb60: Close
[0m18:11:44.256735 [info ] [Thread-4 (]: 9 of 12 PASS source_relationships_gtfs_raw_trips_route_id__route_id__source_gtfs_raw_routes_  [[32mPASS[0m in 0.12s]
[0m18:11:44.257469 [debug] [Thread-4 (]: Finished running node test.ttc_analytics.source_relationships_gtfs_raw_trips_route_id__route_id__source_gtfs_raw_routes_.46a0b3fb60
[0m18:11:44.272192 [debug] [Thread-2 (]: SQL status: OK in 0.034 seconds
[0m18:11:44.274004 [debug] [Thread-2 (]: On test.ttc_analytics.source_unique_gtfs_raw_stops_stop_id.0f6581b663: ROLLBACK
[0m18:11:44.274677 [debug] [Thread-2 (]: Failed to rollback 'test.ttc_analytics.source_unique_gtfs_raw_stops_stop_id.0f6581b663'
[0m18:11:44.274992 [debug] [Thread-2 (]: On test.ttc_analytics.source_unique_gtfs_raw_stops_stop_id.0f6581b663: Close
[0m18:11:44.275512 [info ] [Thread-2 (]: 11 of 12 PASS source_unique_gtfs_raw_stops_stop_id ............................. [[32mPASS[0m in 0.06s]
[0m18:11:44.276242 [debug] [Thread-2 (]: Finished running node test.ttc_analytics.source_unique_gtfs_raw_stops_stop_id.0f6581b663
[0m18:11:44.359237 [debug] [Thread-1 (]: SQL status: OK in 0.119 seconds
[0m18:11:44.361886 [debug] [Thread-1 (]: On test.ttc_analytics.source_unique_gtfs_raw_trips_trip_id.a208cb4845: ROLLBACK
[0m18:11:44.363045 [debug] [Thread-1 (]: Failed to rollback 'test.ttc_analytics.source_unique_gtfs_raw_trips_trip_id.a208cb4845'
[0m18:11:44.363763 [debug] [Thread-1 (]: On test.ttc_analytics.source_unique_gtfs_raw_trips_trip_id.a208cb4845: Close
[0m18:11:44.364492 [info ] [Thread-1 (]: 12 of 12 PASS source_unique_gtfs_raw_trips_trip_id ............................. [[32mPASS[0m in 0.14s]
[0m18:11:44.365629 [debug] [Thread-1 (]: Finished running node test.ttc_analytics.source_unique_gtfs_raw_trips_trip_id.a208cb4845
[0m18:11:44.405256 [debug] [Thread-3 (]: SQL status: OK in 0.295 seconds
[0m18:11:44.409065 [debug] [Thread-3 (]: On test.ttc_analytics.source_relationships_gtfs_raw_stop_times_trip_id__trip_id__source_gtfs_raw_trips_.149554fded: ROLLBACK
[0m18:11:44.409664 [debug] [Thread-3 (]: Failed to rollback 'test.ttc_analytics.source_relationships_gtfs_raw_stop_times_trip_id__trip_id__source_gtfs_raw_trips_.149554fded'
[0m18:11:44.409942 [debug] [Thread-3 (]: On test.ttc_analytics.source_relationships_gtfs_raw_stop_times_trip_id__trip_id__source_gtfs_raw_trips_.149554fded: Close
[0m18:11:44.410424 [info ] [Thread-3 (]: 8 of 12 PASS source_relationships_gtfs_raw_stop_times_trip_id__trip_id__source_gtfs_raw_trips_  [[32mPASS[0m in 0.32s]
[0m18:11:44.411090 [debug] [Thread-3 (]: Finished running node test.ttc_analytics.source_relationships_gtfs_raw_stop_times_trip_id__trip_id__source_gtfs_raw_trips_.149554fded
[0m18:11:44.412222 [debug] [MainThread]: Using duckdb connection "master"
[0m18:11:44.412478 [debug] [MainThread]: On master: BEGIN
[0m18:11:44.412696 [debug] [MainThread]: Opening a new connection, currently in state closed
[0m18:11:44.413172 [debug] [MainThread]: SQL status: OK in 0.000 seconds
[0m18:11:44.413406 [debug] [MainThread]: On master: COMMIT
[0m18:11:44.413620 [debug] [MainThread]: Using duckdb connection "master"
[0m18:11:44.413858 [debug] [MainThread]: On master: COMMIT
[0m18:11:44.414225 [debug] [MainThread]: SQL status: OK in 0.000 seconds
[0m18:11:44.414458 [debug] [MainThread]: On master: Close
[0m18:11:44.414729 [debug] [MainThread]: Connection 'master' was properly closed.
[0m18:11:44.414945 [debug] [MainThread]: Connection 'list_analytics_main' was properly closed.
[0m18:11:44.415128 [debug] [MainThread]: Connection 'test.ttc_analytics.source_relationships_gtfs_raw_stop_times_trip_id__trip_id__source_gtfs_raw_trips_.149554fded' was properly closed.
[0m18:11:44.415339 [debug] [MainThread]: Connection 'test.ttc_analytics.source_unique_gtfs_raw_trips_trip_id.a208cb4845' was properly closed.
[0m18:11:44.415525 [debug] [MainThread]: Connection 'test.ttc_analytics.source_relationships_gtfs_raw_trips_route_id__route_id__source_gtfs_raw_routes_.46a0b3fb60' was properly closed.
[0m18:11:44.415725 [debug] [MainThread]: Connection 'test.ttc_analytics.source_unique_gtfs_raw_stops_stop_id.0f6581b663' was properly closed.
[0m18:11:44.416146 [info ] [MainThread]: 
[0m18:11:44.416487 [info ] [MainThread]: Finished running 12 data tests in 0 hours 0 minutes and 0.63 seconds (0.63s).
[0m18:11:44.418359 [debug] [MainThread]: Command end result
[0m18:11:44.437534 [debug] [MainThread]: Wrote artifact WritableManifest to C:\Users\Adam White\Desktop\ttc-analytics-hub\warehouse\target\manifest.json
[0m18:11:44.439780 [debug] [MainThread]: Wrote artifact SemanticManifest to C:\Users\Adam White\Desktop\ttc-analytics-hub\warehouse\target\semantic_manifest.json
[0m18:11:44.445923 [debug] [MainThread]: Wrote artifact RunExecutionResult to C:\Users\Adam White\Desktop\ttc-analytics-hub\warehouse\target\run_results.json
[0m18:11:44.446209 [info ] [MainThread]: 
[0m18:11:44.446581 [info ] [MainThread]: [32mCompleted successfully[0m
[0m18:11:44.446913 [info ] [MainThread]: 
[0m18:11:44.447307 [info ] [MainThread]: Done. PASS=12 WARN=0 ERROR=0 SKIP=0 NO-OP=0 TOTAL=12
[0m18:11:44.447888 [warn ] [MainThread]: [[33mWARNING[0m][DeprecationsSummary]: Deprecated functionality
Summary of encountered deprecations:
- MissingArgumentsPropertyInGenericTestDeprecation: 2 occurrences
To see all deprecation instances instead of just the first occurrence of each,
run command again with the `--show-all-deprecations` flag. You may also need to
run with `--no-partial-parse` as some deprecations are only encountered during
parsing.
[0m18:11:44.448897 [debug] [MainThread]: Command `dbt test` succeeded at 18:11:44.448786 after 1.86 seconds
[0m18:11:44.449222 [debug] [MainThread]: Sending event: {'category': 'dbt', 'action': 'invocation', 'label': 'end', 'context': [<snowplow_tracker.self_describing_json.SelfDescribingJson object at 0x000001FE6D0E68E0>, <snowplow_tracker.self_describing_json.SelfDescribingJson object at 0x000001FE6E58BBB0>, <snowplow_tracker.self_describing_json.SelfDescribingJson object at 0x000001FE6E58BD90>]}
[0m18:11:44.449503 [debug] [MainThread]: Flushing usage events
[0m18:11:44.811088 [debug] [MainThread]: An error was encountered while trying to flush usage events
[0m18:14:49.546376 [debug] [MainThread]: Sending event: {'category': 'dbt', 'action': 'invocation', 'label': 'start', 'context': [<snowplow_tracker.self_describing_json.SelfDescribingJson object at 0x000001E1BD32C6E0>, <snowplow_tracker.self_describing_json.SelfDescribingJson object at 0x000001E1BDB011D0>, <snowplow_tracker.self_describing_json.SelfDescribingJson object at 0x000001E1BE163ED0>]}


============================== 18:14:49.550192 | f4ca41c9-126c-4be7-adc7-cf8319a098e6 ==============================
[0m18:14:49.550192 [info ] [MainThread]: Running with dbt=1.10.15
[0m18:14:49.550757 [debug] [MainThread]: running dbt with arguments {'static_parser': 'True', 'no_print': 'None', 'version_check': 'True', 'warn_error_options': 'WarnErrorOptionsV2(error=[], warn=[], silence=[])', 'target_path': 'None', 'printer_width': '80', 'write_json': 'True', 'introspect': 'True', 'log_cache_events': 'False', 'empty': 'None', 'cache_selected_only': 'False', 'fail_fast': 'False', 'debug': 'False', 'log_format': 'default', 'partial_parse': 'True', 'send_anonymous_usage_stats': 'True', 'quiet': 'False', 'warn_error': 'None', 'profiles_dir': 'C:\\Users\\Adam White\\.dbt', 'indirect_selection': 'eager', 'invocation_command': 'dbt test', 'use_colors': 'True', 'use_experimental_parser': 'False', 'log_path': 'C:\\Users\\Adam White\\Desktop\\ttc-analytics-hub\\warehouse\\logs'}
[0m18:14:49.723234 [debug] [MainThread]: Sending event: {'category': 'dbt', 'action': 'project_id', 'label': 'f4ca41c9-126c-4be7-adc7-cf8319a098e6', 'context': [<snowplow_tracker.self_describing_json.SelfDescribingJson object at 0x000001E1BD4D89D0>]}
[0m18:14:49.768855 [debug] [MainThread]: Sending event: {'category': 'dbt', 'action': 'adapter_info', 'label': 'f4ca41c9-126c-4be7-adc7-cf8319a098e6', 'context': [<snowplow_tracker.self_describing_json.SelfDescribingJson object at 0x000001E1BF2597B0>]}
[0m18:14:49.771280 [info ] [MainThread]: Registered adapter: duckdb=1.10.0
[0m18:14:50.002633 [debug] [MainThread]: checksum: 14a228079bd6df63ba81633f9a3cf44ecfaa31056ac397c602753ec895dbf885, vars: {}, profile: , target: , version: 1.10.15
[0m18:14:50.133306 [debug] [MainThread]: Partial parsing enabled: 0 files deleted, 0 files added, 1 files changed.
[0m18:14:50.134174 [debug] [MainThread]: Partial parsing: updated file: ttc_analytics://models\sources.yml
[0m18:14:50.464464 [warn ] [MainThread]: [[33mWARNING[0m][MissingArgumentsPropertyInGenericTestDeprecation]: Deprecated
functionality
Found top-level arguments to test `relationships`. Arguments to generic tests
should be nested under the `arguments` property.`
[0m18:14:50.465064 [debug] [MainThread]: Sending event: {'category': 'dbt', 'action': 'deprecation', 'label': 'f4ca41c9-126c-4be7-adc7-cf8319a098e6', 'property_': 'warn', 'context': [<snowplow_tracker.self_describing_json.SelfDescribingJson object at 0x000001E1BF705B50>]}
[0m18:14:50.535426 [warn ] [MainThread]: [[33mWARNING[0m]: Configuration paths exist in your dbt_project.yml file which do not apply to any resources.
There are 2 unused configuration paths:
- models.ttc_analytics.marts
- models.ttc_analytics.intermediate
[0m18:14:50.544259 [debug] [MainThread]: Sending event: {'category': 'dbt', 'action': 'load_project', 'label': 'f4ca41c9-126c-4be7-adc7-cf8319a098e6', 'context': [<snowplow_tracker.self_describing_json.SelfDescribingJson object at 0x000001E1BF9824E0>]}
[0m18:14:50.604710 [debug] [MainThread]: Wrote artifact WritableManifest to C:\Users\Adam White\Desktop\ttc-analytics-hub\warehouse\target\manifest.json
[0m18:14:50.606874 [debug] [MainThread]: Wrote artifact SemanticManifest to C:\Users\Adam White\Desktop\ttc-analytics-hub\warehouse\target\semantic_manifest.json
[0m18:14:50.637171 [debug] [MainThread]: Sending event: {'category': 'dbt', 'action': 'resource_counts', 'label': 'f4ca41c9-126c-4be7-adc7-cf8319a098e6', 'context': [<snowplow_tracker.self_describing_json.SelfDescribingJson object at 0x000001E1BE1A5FD0>]}
[0m18:14:50.637581 [info ] [MainThread]: Found 5 models, 13 data tests, 5 sources, 468 macros
[0m18:14:50.637984 [debug] [MainThread]: Sending event: {'category': 'dbt', 'action': 'runnable_timing', 'label': 'f4ca41c9-126c-4be7-adc7-cf8319a098e6', 'context': [<snowplow_tracker.self_describing_json.SelfDescribingJson object at 0x000001E1BFBF2340>]}
[0m18:14:50.639868 [info ] [MainThread]: 
[0m18:14:50.640225 [info ] [MainThread]: Concurrency: 4 threads (target='dev')
[0m18:14:50.640563 [info ] [MainThread]: 
[0m18:14:50.641006 [debug] [MainThread]: Acquiring new duckdb connection 'master'
[0m18:14:50.644880 [debug] [ThreadPool]: Acquiring new duckdb connection 'list_analytics_main'
[0m18:14:50.721954 [debug] [ThreadPool]: Using duckdb connection "list_analytics_main"
[0m18:14:50.722291 [debug] [ThreadPool]: On list_analytics_main: BEGIN
[0m18:14:50.722518 [debug] [ThreadPool]: Opening a new connection, currently in state init
[0m18:14:50.734147 [debug] [ThreadPool]: SQL status: OK in 0.012 seconds
[0m18:14:50.734445 [debug] [ThreadPool]: Using duckdb connection "list_analytics_main"
[0m18:14:50.734681 [debug] [ThreadPool]: On list_analytics_main: /* {"app": "dbt", "dbt_version": "1.10.15", "profile_name": "ttc_analytics", "target_name": "dev", "connection_name": "list_analytics_main"} */
select
      'analytics' as database,
      table_name as name,
      table_schema as schema,
      CASE table_type
        WHEN 'BASE TABLE' THEN 'table'
        WHEN 'VIEW' THEN 'view'
        WHEN 'LOCAL TEMPORARY' THEN 'table'
        END as type
    from system.information_schema.tables
    where lower(table_schema) = 'main'
    and lower(table_catalog) = 'analytics'
  
[0m18:14:50.745142 [debug] [ThreadPool]: SQL status: OK in 0.010 seconds
[0m18:14:50.746156 [debug] [ThreadPool]: On list_analytics_main: ROLLBACK
[0m18:14:50.747016 [debug] [ThreadPool]: Failed to rollback 'list_analytics_main'
[0m18:14:50.747251 [debug] [ThreadPool]: On list_analytics_main: Close
[0m18:14:50.748512 [debug] [MainThread]: Sending event: {'category': 'dbt', 'action': 'runnable_timing', 'label': 'f4ca41c9-126c-4be7-adc7-cf8319a098e6', 'context': [<snowplow_tracker.self_describing_json.SelfDescribingJson object at 0x000001E1BFC281D0>]}
[0m18:14:50.748917 [debug] [MainThread]: Using duckdb connection "master"
[0m18:14:50.749134 [debug] [MainThread]: On master: BEGIN
[0m18:14:50.749335 [debug] [MainThread]: Opening a new connection, currently in state init
[0m18:14:50.749736 [debug] [MainThread]: SQL status: OK in 0.000 seconds
[0m18:14:50.749963 [debug] [MainThread]: On master: COMMIT
[0m18:14:50.750172 [debug] [MainThread]: Using duckdb connection "master"
[0m18:14:50.750380 [debug] [MainThread]: On master: COMMIT
[0m18:14:50.750715 [debug] [MainThread]: SQL status: OK in 0.000 seconds
[0m18:14:50.750935 [debug] [MainThread]: On master: Close
[0m18:14:50.753901 [debug] [Thread-1 (]: Began running node test.ttc_analytics.source_not_null_gtfs_raw_routes_route_id.544219e4b0
[0m18:14:50.754225 [debug] [Thread-4 (]: Began running node test.ttc_analytics.source_not_null_gtfs_raw_stop_times_stop_sequence.4758b90d4c
[0m18:14:50.754545 [debug] [Thread-3 (]: Began running node test.ttc_analytics.source_not_null_gtfs_raw_shapes_shape_pt_sequence.b5248a2b6f
[0m18:14:50.754836 [debug] [Thread-2 (]: Began running node test.ttc_analytics.source_not_null_gtfs_raw_shapes_shape_id.381cd2e25d
[0m18:14:50.755147 [info ] [Thread-1 (]: 1 of 13 START test source_not_null_gtfs_raw_routes_route_id .................... [RUN]
[0m18:14:50.755446 [info ] [Thread-4 (]: 4 of 13 START test source_not_null_gtfs_raw_stop_times_stop_sequence ........... [RUN]
[0m18:14:50.756475 [debug] [Thread-1 (]: Acquiring new duckdb connection 'test.ttc_analytics.source_not_null_gtfs_raw_routes_route_id.544219e4b0'
[0m18:14:50.756886 [debug] [Thread-4 (]: Acquiring new duckdb connection 'test.ttc_analytics.source_not_null_gtfs_raw_stop_times_stop_sequence.4758b90d4c'
[0m18:14:50.755805 [info ] [Thread-3 (]: 3 of 13 START test source_not_null_gtfs_raw_shapes_shape_pt_sequence ........... [RUN]
[0m18:14:50.757314 [debug] [Thread-1 (]: Began compiling node test.ttc_analytics.source_not_null_gtfs_raw_routes_route_id.544219e4b0
[0m18:14:50.756072 [info ] [Thread-2 (]: 2 of 13 START test source_not_null_gtfs_raw_shapes_shape_id .................... [RUN]
[0m18:14:50.757648 [debug] [Thread-4 (]: Began compiling node test.ttc_analytics.source_not_null_gtfs_raw_stop_times_stop_sequence.4758b90d4c
[0m18:14:50.757988 [debug] [Thread-3 (]: Acquiring new duckdb connection 'test.ttc_analytics.source_not_null_gtfs_raw_shapes_shape_pt_sequence.b5248a2b6f'
[0m18:14:50.767623 [debug] [Thread-1 (]: Writing injected SQL for node "test.ttc_analytics.source_not_null_gtfs_raw_routes_route_id.544219e4b0"
[0m18:14:50.768007 [debug] [Thread-2 (]: Acquiring new duckdb connection 'test.ttc_analytics.source_not_null_gtfs_raw_shapes_shape_id.381cd2e25d'
[0m18:14:50.770646 [debug] [Thread-4 (]: Writing injected SQL for node "test.ttc_analytics.source_not_null_gtfs_raw_stop_times_stop_sequence.4758b90d4c"
[0m18:14:50.770957 [debug] [Thread-3 (]: Began compiling node test.ttc_analytics.source_not_null_gtfs_raw_shapes_shape_pt_sequence.b5248a2b6f
[0m18:14:50.771320 [debug] [Thread-2 (]: Began compiling node test.ttc_analytics.source_not_null_gtfs_raw_shapes_shape_id.381cd2e25d
[0m18:14:50.774314 [debug] [Thread-3 (]: Writing injected SQL for node "test.ttc_analytics.source_not_null_gtfs_raw_shapes_shape_pt_sequence.b5248a2b6f"
[0m18:14:50.776972 [debug] [Thread-2 (]: Writing injected SQL for node "test.ttc_analytics.source_not_null_gtfs_raw_shapes_shape_id.381cd2e25d"
[0m18:14:50.777480 [debug] [Thread-1 (]: Began executing node test.ttc_analytics.source_not_null_gtfs_raw_routes_route_id.544219e4b0
[0m18:14:50.789636 [debug] [Thread-1 (]: Writing runtime sql for node "test.ttc_analytics.source_not_null_gtfs_raw_routes_route_id.544219e4b0"
[0m18:14:50.790297 [debug] [Thread-4 (]: Began executing node test.ttc_analytics.source_not_null_gtfs_raw_stop_times_stop_sequence.4758b90d4c
[0m18:14:50.790630 [debug] [Thread-2 (]: Began executing node test.ttc_analytics.source_not_null_gtfs_raw_shapes_shape_id.381cd2e25d
[0m18:14:50.790905 [debug] [Thread-3 (]: Began executing node test.ttc_analytics.source_not_null_gtfs_raw_shapes_shape_pt_sequence.b5248a2b6f
[0m18:14:50.792382 [debug] [Thread-4 (]: Writing runtime sql for node "test.ttc_analytics.source_not_null_gtfs_raw_stop_times_stop_sequence.4758b90d4c"
[0m18:14:50.793731 [debug] [Thread-2 (]: Writing runtime sql for node "test.ttc_analytics.source_not_null_gtfs_raw_shapes_shape_id.381cd2e25d"
[0m18:14:50.795223 [debug] [Thread-3 (]: Writing runtime sql for node "test.ttc_analytics.source_not_null_gtfs_raw_shapes_shape_pt_sequence.b5248a2b6f"
[0m18:14:50.795549 [debug] [Thread-1 (]: Using duckdb connection "test.ttc_analytics.source_not_null_gtfs_raw_routes_route_id.544219e4b0"
[0m18:14:50.796082 [debug] [Thread-1 (]: On test.ttc_analytics.source_not_null_gtfs_raw_routes_route_id.544219e4b0: BEGIN
[0m18:14:50.796440 [debug] [Thread-1 (]: Opening a new connection, currently in state init
[0m18:14:50.797288 [debug] [Thread-4 (]: Using duckdb connection "test.ttc_analytics.source_not_null_gtfs_raw_stop_times_stop_sequence.4758b90d4c"
[0m18:14:50.797597 [debug] [Thread-2 (]: Using duckdb connection "test.ttc_analytics.source_not_null_gtfs_raw_shapes_shape_id.381cd2e25d"
[0m18:14:50.797882 [debug] [Thread-3 (]: Using duckdb connection "test.ttc_analytics.source_not_null_gtfs_raw_shapes_shape_pt_sequence.b5248a2b6f"
[0m18:14:50.798146 [debug] [Thread-1 (]: SQL status: OK in 0.002 seconds
[0m18:14:50.798398 [debug] [Thread-4 (]: On test.ttc_analytics.source_not_null_gtfs_raw_stop_times_stop_sequence.4758b90d4c: BEGIN
[0m18:14:50.798671 [debug] [Thread-2 (]: On test.ttc_analytics.source_not_null_gtfs_raw_shapes_shape_id.381cd2e25d: BEGIN
[0m18:14:50.798941 [debug] [Thread-3 (]: On test.ttc_analytics.source_not_null_gtfs_raw_shapes_shape_pt_sequence.b5248a2b6f: BEGIN
[0m18:14:50.799204 [debug] [Thread-1 (]: Using duckdb connection "test.ttc_analytics.source_not_null_gtfs_raw_routes_route_id.544219e4b0"
[0m18:14:50.799462 [debug] [Thread-4 (]: Opening a new connection, currently in state init
[0m18:14:50.799734 [debug] [Thread-2 (]: Opening a new connection, currently in state init
[0m18:14:50.800003 [debug] [Thread-3 (]: Opening a new connection, currently in state init
[0m18:14:50.800277 [debug] [Thread-1 (]: On test.ttc_analytics.source_not_null_gtfs_raw_routes_route_id.544219e4b0: /* {"app": "dbt", "dbt_version": "1.10.15", "profile_name": "ttc_analytics", "target_name": "dev", "node_id": "test.ttc_analytics.source_not_null_gtfs_raw_routes_route_id.544219e4b0"} */

    select
      count(*) as failures,
      count(*) != 0 as should_warn,
      count(*) != 0 as should_error
    from (
      
    
  
    
    



select route_id
from '../backend/data/gtfs_raw/static_routes.csv'
where route_id is null



  
  
      
    ) dbt_internal_test
[0m18:14:50.800897 [debug] [Thread-4 (]: SQL status: OK in 0.001 seconds
[0m18:14:50.801194 [debug] [Thread-2 (]: SQL status: OK in 0.001 seconds
[0m18:14:50.801447 [debug] [Thread-3 (]: SQL status: OK in 0.001 seconds
[0m18:14:50.801821 [debug] [Thread-4 (]: Using duckdb connection "test.ttc_analytics.source_not_null_gtfs_raw_stop_times_stop_sequence.4758b90d4c"
[0m18:14:50.802101 [debug] [Thread-2 (]: Using duckdb connection "test.ttc_analytics.source_not_null_gtfs_raw_shapes_shape_id.381cd2e25d"
[0m18:14:50.802372 [debug] [Thread-3 (]: Using duckdb connection "test.ttc_analytics.source_not_null_gtfs_raw_shapes_shape_pt_sequence.b5248a2b6f"
[0m18:14:50.802661 [debug] [Thread-4 (]: On test.ttc_analytics.source_not_null_gtfs_raw_stop_times_stop_sequence.4758b90d4c: /* {"app": "dbt", "dbt_version": "1.10.15", "profile_name": "ttc_analytics", "target_name": "dev", "node_id": "test.ttc_analytics.source_not_null_gtfs_raw_stop_times_stop_sequence.4758b90d4c"} */

    select
      count(*) as failures,
      count(*) != 0 as should_warn,
      count(*) != 0 as should_error
    from (
      
    
  
    
    



select stop_sequence
from '../backend/data/gtfs_raw/static_stop_times.csv'
where stop_sequence is null



  
  
      
    ) dbt_internal_test
[0m18:14:50.802953 [debug] [Thread-2 (]: On test.ttc_analytics.source_not_null_gtfs_raw_shapes_shape_id.381cd2e25d: /* {"app": "dbt", "dbt_version": "1.10.15", "profile_name": "ttc_analytics", "target_name": "dev", "node_id": "test.ttc_analytics.source_not_null_gtfs_raw_shapes_shape_id.381cd2e25d"} */

    select
      count(*) as failures,
      count(*) != 0 as should_warn,
      count(*) != 0 as should_error
    from (
      
    
  
    
    



select shape_id
from '../backend/data/gtfs_raw/static_shapes.csv'
where shape_id is null



  
  
      
    ) dbt_internal_test
[0m18:14:50.803243 [debug] [Thread-3 (]: On test.ttc_analytics.source_not_null_gtfs_raw_shapes_shape_pt_sequence.b5248a2b6f: /* {"app": "dbt", "dbt_version": "1.10.15", "profile_name": "ttc_analytics", "target_name": "dev", "node_id": "test.ttc_analytics.source_not_null_gtfs_raw_shapes_shape_pt_sequence.b5248a2b6f"} */

    select
      count(*) as failures,
      count(*) != 0 as should_warn,
      count(*) != 0 as should_error
    from (
      
    
  
    
    



select shape_pt_sequence
from '../backend/data/gtfs_raw/static_shapes.csv'
where shape_pt_sequence is null



  
  
      
    ) dbt_internal_test
[0m18:14:50.810635 [debug] [Thread-1 (]: SQL status: OK in 0.009 seconds
[0m18:14:50.815532 [debug] [Thread-1 (]: On test.ttc_analytics.source_not_null_gtfs_raw_routes_route_id.544219e4b0: ROLLBACK
[0m18:14:50.816374 [debug] [Thread-1 (]: Failed to rollback 'test.ttc_analytics.source_not_null_gtfs_raw_routes_route_id.544219e4b0'
[0m18:14:50.816647 [debug] [Thread-1 (]: On test.ttc_analytics.source_not_null_gtfs_raw_routes_route_id.544219e4b0: Close
[0m18:14:50.817157 [info ] [Thread-1 (]: 1 of 13 PASS source_not_null_gtfs_raw_routes_route_id .......................... [[32mPASS[0m in 0.06s]
[0m18:14:50.817902 [debug] [Thread-1 (]: Finished running node test.ttc_analytics.source_not_null_gtfs_raw_routes_route_id.544219e4b0
[0m18:14:50.818316 [debug] [Thread-1 (]: Began running node test.ttc_analytics.source_not_null_gtfs_raw_stop_times_trip_id.da8230043c
[0m18:14:50.818724 [info ] [Thread-1 (]: 5 of 13 START test source_not_null_gtfs_raw_stop_times_trip_id ................. [RUN]
[0m18:14:50.819149 [debug] [Thread-1 (]: Re-using an available connection from the pool (formerly test.ttc_analytics.source_not_null_gtfs_raw_routes_route_id.544219e4b0, now test.ttc_analytics.source_not_null_gtfs_raw_stop_times_trip_id.da8230043c)
[0m18:14:50.819436 [debug] [Thread-1 (]: Began compiling node test.ttc_analytics.source_not_null_gtfs_raw_stop_times_trip_id.da8230043c
[0m18:14:50.822370 [debug] [Thread-1 (]: Writing injected SQL for node "test.ttc_analytics.source_not_null_gtfs_raw_stop_times_trip_id.da8230043c"
[0m18:14:50.823180 [debug] [Thread-1 (]: Began executing node test.ttc_analytics.source_not_null_gtfs_raw_stop_times_trip_id.da8230043c
[0m18:14:50.824597 [debug] [Thread-1 (]: Writing runtime sql for node "test.ttc_analytics.source_not_null_gtfs_raw_stop_times_trip_id.da8230043c"
[0m18:14:50.825281 [debug] [Thread-1 (]: Using duckdb connection "test.ttc_analytics.source_not_null_gtfs_raw_stop_times_trip_id.da8230043c"
[0m18:14:50.825554 [debug] [Thread-1 (]: On test.ttc_analytics.source_not_null_gtfs_raw_stop_times_trip_id.da8230043c: BEGIN
[0m18:14:50.825797 [debug] [Thread-1 (]: Opening a new connection, currently in state closed
[0m18:14:50.826328 [debug] [Thread-1 (]: SQL status: OK in 0.001 seconds
[0m18:14:50.826594 [debug] [Thread-1 (]: Using duckdb connection "test.ttc_analytics.source_not_null_gtfs_raw_stop_times_trip_id.da8230043c"
[0m18:14:50.826845 [debug] [Thread-1 (]: On test.ttc_analytics.source_not_null_gtfs_raw_stop_times_trip_id.da8230043c: /* {"app": "dbt", "dbt_version": "1.10.15", "profile_name": "ttc_analytics", "target_name": "dev", "node_id": "test.ttc_analytics.source_not_null_gtfs_raw_stop_times_trip_id.da8230043c"} */

    select
      count(*) as failures,
      count(*) != 0 as should_warn,
      count(*) != 0 as should_error
    from (
      
    
  
    
    



select trip_id
from '../backend/data/gtfs_raw/static_stop_times.csv'
where trip_id is null



  
  
      
    ) dbt_internal_test
[0m18:14:50.860496 [debug] [Thread-3 (]: SQL status: OK in 0.056 seconds
[0m18:14:50.863615 [debug] [Thread-3 (]: On test.ttc_analytics.source_not_null_gtfs_raw_shapes_shape_pt_sequence.b5248a2b6f: ROLLBACK
[0m18:14:50.864105 [debug] [Thread-2 (]: SQL status: OK in 0.060 seconds
[0m18:14:50.864621 [debug] [Thread-3 (]: Failed to rollback 'test.ttc_analytics.source_not_null_gtfs_raw_shapes_shape_pt_sequence.b5248a2b6f'
[0m18:14:50.864978 [debug] [Thread-3 (]: On test.ttc_analytics.source_not_null_gtfs_raw_shapes_shape_pt_sequence.b5248a2b6f: Close
[0m18:14:50.866841 [debug] [Thread-2 (]: On test.ttc_analytics.source_not_null_gtfs_raw_shapes_shape_id.381cd2e25d: ROLLBACK
[0m18:14:50.865602 [info ] [Thread-3 (]: 3 of 13 PASS source_not_null_gtfs_raw_shapes_shape_pt_sequence ................. [[32mPASS[0m in 0.11s]
[0m18:14:50.867451 [debug] [Thread-3 (]: Finished running node test.ttc_analytics.source_not_null_gtfs_raw_shapes_shape_pt_sequence.b5248a2b6f
[0m18:14:50.867893 [debug] [Thread-2 (]: Failed to rollback 'test.ttc_analytics.source_not_null_gtfs_raw_shapes_shape_id.381cd2e25d'
[0m18:14:50.868234 [debug] [Thread-3 (]: Began running node test.ttc_analytics.source_not_null_gtfs_raw_stops_stop_id.f49074d83d
[0m18:14:50.868620 [debug] [Thread-2 (]: On test.ttc_analytics.source_not_null_gtfs_raw_shapes_shape_id.381cd2e25d: Close
[0m18:14:50.868985 [info ] [Thread-3 (]: 6 of 13 START test source_not_null_gtfs_raw_stops_stop_id ...................... [RUN]
[0m18:14:50.869884 [debug] [Thread-3 (]: Re-using an available connection from the pool (formerly test.ttc_analytics.source_not_null_gtfs_raw_shapes_shape_pt_sequence.b5248a2b6f, now test.ttc_analytics.source_not_null_gtfs_raw_stops_stop_id.f49074d83d)
[0m18:14:50.869575 [info ] [Thread-2 (]: 2 of 13 PASS source_not_null_gtfs_raw_shapes_shape_id .......................... [[32mPASS[0m in 0.10s]
[0m18:14:50.870384 [debug] [Thread-3 (]: Began compiling node test.ttc_analytics.source_not_null_gtfs_raw_stops_stop_id.f49074d83d
[0m18:14:50.870975 [debug] [Thread-2 (]: Finished running node test.ttc_analytics.source_not_null_gtfs_raw_shapes_shape_id.381cd2e25d
[0m18:14:50.875705 [debug] [Thread-3 (]: Writing injected SQL for node "test.ttc_analytics.source_not_null_gtfs_raw_stops_stop_id.f49074d83d"
[0m18:14:50.876149 [debug] [Thread-2 (]: Began running node test.ttc_analytics.source_not_null_gtfs_raw_trips_trip_id.190ae59ad6
[0m18:14:50.876787 [info ] [Thread-2 (]: 7 of 13 START test source_not_null_gtfs_raw_trips_trip_id ...................... [RUN]
[0m18:14:50.877435 [debug] [Thread-2 (]: Re-using an available connection from the pool (formerly test.ttc_analytics.source_not_null_gtfs_raw_shapes_shape_id.381cd2e25d, now test.ttc_analytics.source_not_null_gtfs_raw_trips_trip_id.190ae59ad6)
[0m18:14:50.878246 [debug] [Thread-2 (]: Began compiling node test.ttc_analytics.source_not_null_gtfs_raw_trips_trip_id.190ae59ad6
[0m18:14:50.882423 [debug] [Thread-2 (]: Writing injected SQL for node "test.ttc_analytics.source_not_null_gtfs_raw_trips_trip_id.190ae59ad6"
[0m18:14:50.883117 [debug] [Thread-3 (]: Began executing node test.ttc_analytics.source_not_null_gtfs_raw_stops_stop_id.f49074d83d
[0m18:14:50.885746 [debug] [Thread-3 (]: Writing runtime sql for node "test.ttc_analytics.source_not_null_gtfs_raw_stops_stop_id.f49074d83d"
[0m18:14:50.887081 [debug] [Thread-2 (]: Began executing node test.ttc_analytics.source_not_null_gtfs_raw_trips_trip_id.190ae59ad6
[0m18:14:50.889948 [debug] [Thread-2 (]: Writing runtime sql for node "test.ttc_analytics.source_not_null_gtfs_raw_trips_trip_id.190ae59ad6"
[0m18:14:50.891064 [debug] [Thread-2 (]: Using duckdb connection "test.ttc_analytics.source_not_null_gtfs_raw_trips_trip_id.190ae59ad6"
[0m18:14:50.891494 [debug] [Thread-2 (]: On test.ttc_analytics.source_not_null_gtfs_raw_trips_trip_id.190ae59ad6: BEGIN
[0m18:14:50.891879 [debug] [Thread-2 (]: Opening a new connection, currently in state closed
[0m18:14:50.892777 [debug] [Thread-2 (]: SQL status: OK in 0.001 seconds
[0m18:14:50.893202 [debug] [Thread-2 (]: Using duckdb connection "test.ttc_analytics.source_not_null_gtfs_raw_trips_trip_id.190ae59ad6"
[0m18:14:50.893610 [debug] [Thread-2 (]: On test.ttc_analytics.source_not_null_gtfs_raw_trips_trip_id.190ae59ad6: /* {"app": "dbt", "dbt_version": "1.10.15", "profile_name": "ttc_analytics", "target_name": "dev", "node_id": "test.ttc_analytics.source_not_null_gtfs_raw_trips_trip_id.190ae59ad6"} */

    select
      count(*) as failures,
      count(*) != 0 as should_warn,
      count(*) != 0 as should_error
    from (
      
    
  
    
    



select trip_id
from '../backend/data/gtfs_raw/static_trips.csv'
where trip_id is null



  
  
      
    ) dbt_internal_test
[0m18:14:50.902846 [debug] [Thread-3 (]: Using duckdb connection "test.ttc_analytics.source_not_null_gtfs_raw_stops_stop_id.f49074d83d"
[0m18:14:50.903454 [debug] [Thread-3 (]: On test.ttc_analytics.source_not_null_gtfs_raw_stops_stop_id.f49074d83d: BEGIN
[0m18:14:50.903846 [debug] [Thread-3 (]: Opening a new connection, currently in state closed
[0m18:14:50.904662 [debug] [Thread-3 (]: SQL status: OK in 0.001 seconds
[0m18:14:50.905073 [debug] [Thread-3 (]: Using duckdb connection "test.ttc_analytics.source_not_null_gtfs_raw_stops_stop_id.f49074d83d"
[0m18:14:50.905487 [debug] [Thread-3 (]: On test.ttc_analytics.source_not_null_gtfs_raw_stops_stop_id.f49074d83d: /* {"app": "dbt", "dbt_version": "1.10.15", "profile_name": "ttc_analytics", "target_name": "dev", "node_id": "test.ttc_analytics.source_not_null_gtfs_raw_stops_stop_id.f49074d83d"} */

    select
      count(*) as failures,
      count(*) != 0 as should_warn,
      count(*) != 0 as should_error
    from (
      
    
  
    
    



select stop_id
from '../backend/data/gtfs_raw/static_stops.csv'
where stop_id is null



  
  
      
    ) dbt_internal_test
[0m18:14:50.968649 [debug] [Thread-3 (]: SQL status: OK in 0.063 seconds
[0m18:14:50.971307 [debug] [Thread-3 (]: On test.ttc_analytics.source_not_null_gtfs_raw_stops_stop_id.f49074d83d: ROLLBACK
[0m18:14:50.972424 [debug] [Thread-3 (]: Failed to rollback 'test.ttc_analytics.source_not_null_gtfs_raw_stops_stop_id.f49074d83d'
[0m18:14:50.972967 [debug] [Thread-3 (]: On test.ttc_analytics.source_not_null_gtfs_raw_stops_stop_id.f49074d83d: Close
[0m18:14:50.973804 [info ] [Thread-3 (]: 6 of 13 PASS source_not_null_gtfs_raw_stops_stop_id ............................ [[32mPASS[0m in 0.10s]
[0m18:14:50.974787 [debug] [Thread-3 (]: Finished running node test.ttc_analytics.source_not_null_gtfs_raw_stops_stop_id.f49074d83d
[0m18:14:50.975323 [debug] [Thread-3 (]: Began running node test.ttc_analytics.source_relationships_gtfs_raw_shapes_shape_id__shape_id__source_gtfs_raw_trips_.54bd302ff9
[0m18:14:50.982436 [debug] [Thread-4 (]: SQL status: OK in 0.179 seconds
[0m18:14:50.975888 [info ] [Thread-3 (]: 8 of 13 START test source_relationships_gtfs_raw_shapes_shape_id__shape_id__source_gtfs_raw_trips_  [RUN]
[0m18:14:50.983305 [debug] [Thread-3 (]: Re-using an available connection from the pool (formerly test.ttc_analytics.source_not_null_gtfs_raw_stops_stop_id.f49074d83d, now test.ttc_analytics.source_relationships_gtfs_raw_shapes_shape_id__shape_id__source_gtfs_raw_trips_.54bd302ff9)
[0m18:14:50.983817 [debug] [Thread-3 (]: Began compiling node test.ttc_analytics.source_relationships_gtfs_raw_shapes_shape_id__shape_id__source_gtfs_raw_trips_.54bd302ff9
[0m18:14:50.989906 [debug] [Thread-3 (]: Writing injected SQL for node "test.ttc_analytics.source_relationships_gtfs_raw_shapes_shape_id__shape_id__source_gtfs_raw_trips_.54bd302ff9"
[0m18:14:50.991766 [debug] [Thread-4 (]: On test.ttc_analytics.source_not_null_gtfs_raw_stop_times_stop_sequence.4758b90d4c: ROLLBACK
[0m18:14:50.992701 [debug] [Thread-4 (]: Failed to rollback 'test.ttc_analytics.source_not_null_gtfs_raw_stop_times_stop_sequence.4758b90d4c'
[0m18:14:50.993158 [debug] [Thread-4 (]: On test.ttc_analytics.source_not_null_gtfs_raw_stop_times_stop_sequence.4758b90d4c: Close
[0m18:14:50.994453 [debug] [Thread-3 (]: Began executing node test.ttc_analytics.source_relationships_gtfs_raw_shapes_shape_id__shape_id__source_gtfs_raw_trips_.54bd302ff9
[0m18:14:50.997831 [debug] [Thread-3 (]: Writing runtime sql for node "test.ttc_analytics.source_relationships_gtfs_raw_shapes_shape_id__shape_id__source_gtfs_raw_trips_.54bd302ff9"
[0m18:14:50.993916 [info ] [Thread-4 (]: 4 of 13 PASS source_not_null_gtfs_raw_stop_times_stop_sequence ................. [[32mPASS[0m in 0.24s]
[0m18:14:50.998746 [debug] [Thread-4 (]: Finished running node test.ttc_analytics.source_not_null_gtfs_raw_stop_times_stop_sequence.4758b90d4c
[0m18:14:50.999219 [debug] [Thread-4 (]: Began running node test.ttc_analytics.source_relationships_gtfs_raw_stop_times_trip_id__trip_id__source_gtfs_raw_trips_.149554fded
[0m18:14:51.001249 [debug] [Thread-3 (]: Using duckdb connection "test.ttc_analytics.source_relationships_gtfs_raw_shapes_shape_id__shape_id__source_gtfs_raw_trips_.54bd302ff9"
[0m18:14:51.001688 [debug] [Thread-3 (]: On test.ttc_analytics.source_relationships_gtfs_raw_shapes_shape_id__shape_id__source_gtfs_raw_trips_.54bd302ff9: BEGIN
[0m18:14:51.002087 [debug] [Thread-3 (]: Opening a new connection, currently in state closed
[0m18:14:51.000220 [info ] [Thread-4 (]: 9 of 13 START test source_relationships_gtfs_raw_stop_times_trip_id__trip_id__source_gtfs_raw_trips_  [RUN]
[0m18:14:51.002954 [debug] [Thread-4 (]: Re-using an available connection from the pool (formerly test.ttc_analytics.source_not_null_gtfs_raw_stop_times_stop_sequence.4758b90d4c, now test.ttc_analytics.source_relationships_gtfs_raw_stop_times_trip_id__trip_id__source_gtfs_raw_trips_.149554fded)
[0m18:14:51.003408 [debug] [Thread-4 (]: Began compiling node test.ttc_analytics.source_relationships_gtfs_raw_stop_times_trip_id__trip_id__source_gtfs_raw_trips_.149554fded
[0m18:14:51.003977 [debug] [Thread-3 (]: SQL status: OK in 0.002 seconds
[0m18:14:51.010040 [debug] [Thread-4 (]: Writing injected SQL for node "test.ttc_analytics.source_relationships_gtfs_raw_stop_times_trip_id__trip_id__source_gtfs_raw_trips_.149554fded"
[0m18:14:51.010532 [debug] [Thread-3 (]: Using duckdb connection "test.ttc_analytics.source_relationships_gtfs_raw_shapes_shape_id__shape_id__source_gtfs_raw_trips_.54bd302ff9"
[0m18:14:51.011115 [debug] [Thread-3 (]: On test.ttc_analytics.source_relationships_gtfs_raw_shapes_shape_id__shape_id__source_gtfs_raw_trips_.54bd302ff9: /* {"app": "dbt", "dbt_version": "1.10.15", "profile_name": "ttc_analytics", "target_name": "dev", "node_id": "test.ttc_analytics.source_relationships_gtfs_raw_shapes_shape_id__shape_id__source_gtfs_raw_trips_.54bd302ff9"} */

    select
      count(*) as failures,
      count(*) != 0 as should_warn,
      count(*) != 0 as should_error
    from (
      
    
  
    
    

with child as (
    select shape_id as from_field
    from '../backend/data/gtfs_raw/static_shapes.csv'
    where shape_id is not null
),

parent as (
    select shape_id as to_field
    from '../backend/data/gtfs_raw/static_trips.csv'
)

select
    from_field

from child
left join parent
    on child.from_field = parent.to_field

where parent.to_field is null



  
  
      
    ) dbt_internal_test
[0m18:14:51.012110 [debug] [Thread-4 (]: Began executing node test.ttc_analytics.source_relationships_gtfs_raw_stop_times_trip_id__trip_id__source_gtfs_raw_trips_.149554fded
[0m18:14:51.015375 [debug] [Thread-4 (]: Writing runtime sql for node "test.ttc_analytics.source_relationships_gtfs_raw_stop_times_trip_id__trip_id__source_gtfs_raw_trips_.149554fded"
[0m18:14:51.017071 [debug] [Thread-4 (]: Using duckdb connection "test.ttc_analytics.source_relationships_gtfs_raw_stop_times_trip_id__trip_id__source_gtfs_raw_trips_.149554fded"
[0m18:14:51.017564 [debug] [Thread-4 (]: On test.ttc_analytics.source_relationships_gtfs_raw_stop_times_trip_id__trip_id__source_gtfs_raw_trips_.149554fded: BEGIN
[0m18:14:51.017987 [debug] [Thread-4 (]: Opening a new connection, currently in state closed
[0m18:14:51.018831 [debug] [Thread-4 (]: SQL status: OK in 0.001 seconds
[0m18:14:51.019272 [debug] [Thread-4 (]: Using duckdb connection "test.ttc_analytics.source_relationships_gtfs_raw_stop_times_trip_id__trip_id__source_gtfs_raw_trips_.149554fded"
[0m18:14:51.019736 [debug] [Thread-4 (]: On test.ttc_analytics.source_relationships_gtfs_raw_stop_times_trip_id__trip_id__source_gtfs_raw_trips_.149554fded: /* {"app": "dbt", "dbt_version": "1.10.15", "profile_name": "ttc_analytics", "target_name": "dev", "node_id": "test.ttc_analytics.source_relationships_gtfs_raw_stop_times_trip_id__trip_id__source_gtfs_raw_trips_.149554fded"} */

    select
      count(*) as failures,
      count(*) != 0 as should_warn,
      count(*) != 0 as should_error
    from (
      
    
  
    
    

with child as (
    select trip_id as from_field
    from '../backend/data/gtfs_raw/static_stop_times.csv'
    where trip_id is not null
),

parent as (
    select trip_id as to_field
    from '../backend/data/gtfs_raw/static_trips.csv'
)

select
    from_field

from child
left join parent
    on child.from_field = parent.to_field

where parent.to_field is null



  
  
      
    ) dbt_internal_test
[0m18:14:51.056148 [debug] [Thread-2 (]: SQL status: OK in 0.162 seconds
[0m18:14:51.060247 [debug] [Thread-2 (]: On test.ttc_analytics.source_not_null_gtfs_raw_trips_trip_id.190ae59ad6: ROLLBACK
[0m18:14:51.061461 [debug] [Thread-1 (]: SQL status: OK in 0.234 seconds
[0m18:14:51.061996 [debug] [Thread-2 (]: Failed to rollback 'test.ttc_analytics.source_not_null_gtfs_raw_trips_trip_id.190ae59ad6'
[0m18:14:51.062357 [debug] [Thread-2 (]: On test.ttc_analytics.source_not_null_gtfs_raw_trips_trip_id.190ae59ad6: Close
[0m18:14:51.064038 [debug] [Thread-1 (]: On test.ttc_analytics.source_not_null_gtfs_raw_stop_times_trip_id.da8230043c: ROLLBACK
[0m18:14:51.062906 [info ] [Thread-2 (]: 7 of 13 PASS source_not_null_gtfs_raw_trips_trip_id ............................ [[32mPASS[0m in 0.19s]
[0m18:14:51.064662 [debug] [Thread-2 (]: Finished running node test.ttc_analytics.source_not_null_gtfs_raw_trips_trip_id.190ae59ad6
[0m18:14:51.065080 [debug] [Thread-1 (]: Failed to rollback 'test.ttc_analytics.source_not_null_gtfs_raw_stop_times_trip_id.da8230043c'
[0m18:14:51.065414 [debug] [Thread-2 (]: Began running node test.ttc_analytics.source_relationships_gtfs_raw_trips_route_id__route_id__source_gtfs_raw_routes_.46a0b3fb60
[0m18:14:51.065739 [debug] [Thread-1 (]: On test.ttc_analytics.source_not_null_gtfs_raw_stop_times_trip_id.da8230043c: Close
[0m18:14:51.066048 [info ] [Thread-2 (]: 10 of 13 START test source_relationships_gtfs_raw_trips_route_id__route_id__source_gtfs_raw_routes_  [RUN]
[0m18:14:51.066884 [debug] [Thread-2 (]: Re-using an available connection from the pool (formerly test.ttc_analytics.source_not_null_gtfs_raw_trips_trip_id.190ae59ad6, now test.ttc_analytics.source_relationships_gtfs_raw_trips_route_id__route_id__source_gtfs_raw_routes_.46a0b3fb60)
[0m18:14:51.066595 [info ] [Thread-1 (]: 5 of 13 PASS source_not_null_gtfs_raw_stop_times_trip_id ....................... [[32mPASS[0m in 0.25s]
[0m18:14:51.067275 [debug] [Thread-2 (]: Began compiling node test.ttc_analytics.source_relationships_gtfs_raw_trips_route_id__route_id__source_gtfs_raw_routes_.46a0b3fb60
[0m18:14:51.067681 [debug] [Thread-1 (]: Finished running node test.ttc_analytics.source_not_null_gtfs_raw_stop_times_trip_id.da8230043c
[0m18:14:51.071528 [debug] [Thread-2 (]: Writing injected SQL for node "test.ttc_analytics.source_relationships_gtfs_raw_trips_route_id__route_id__source_gtfs_raw_routes_.46a0b3fb60"
[0m18:14:51.071885 [debug] [Thread-1 (]: Began running node test.ttc_analytics.source_unique_gtfs_raw_routes_route_id.dbde35d743
[0m18:14:51.072356 [info ] [Thread-1 (]: 11 of 13 START test source_unique_gtfs_raw_routes_route_id ..................... [RUN]
[0m18:14:51.072982 [debug] [Thread-1 (]: Re-using an available connection from the pool (formerly test.ttc_analytics.source_not_null_gtfs_raw_stop_times_trip_id.da8230043c, now test.ttc_analytics.source_unique_gtfs_raw_routes_route_id.dbde35d743)
[0m18:14:51.073640 [debug] [Thread-1 (]: Began compiling node test.ttc_analytics.source_unique_gtfs_raw_routes_route_id.dbde35d743
[0m18:14:51.078450 [debug] [Thread-1 (]: Writing injected SQL for node "test.ttc_analytics.source_unique_gtfs_raw_routes_route_id.dbde35d743"
[0m18:14:51.078978 [debug] [Thread-2 (]: Began executing node test.ttc_analytics.source_relationships_gtfs_raw_trips_route_id__route_id__source_gtfs_raw_routes_.46a0b3fb60
[0m18:14:51.084888 [debug] [Thread-2 (]: Writing runtime sql for node "test.ttc_analytics.source_relationships_gtfs_raw_trips_route_id__route_id__source_gtfs_raw_routes_.46a0b3fb60"
[0m18:14:51.085440 [debug] [Thread-1 (]: Began executing node test.ttc_analytics.source_unique_gtfs_raw_routes_route_id.dbde35d743
[0m18:14:51.086789 [debug] [Thread-1 (]: Writing runtime sql for node "test.ttc_analytics.source_unique_gtfs_raw_routes_route_id.dbde35d743"
[0m18:14:51.087331 [debug] [Thread-2 (]: Using duckdb connection "test.ttc_analytics.source_relationships_gtfs_raw_trips_route_id__route_id__source_gtfs_raw_routes_.46a0b3fb60"
[0m18:14:51.087635 [debug] [Thread-2 (]: On test.ttc_analytics.source_relationships_gtfs_raw_trips_route_id__route_id__source_gtfs_raw_routes_.46a0b3fb60: BEGIN
[0m18:14:51.087910 [debug] [Thread-2 (]: Opening a new connection, currently in state closed
[0m18:14:51.088564 [debug] [Thread-1 (]: Using duckdb connection "test.ttc_analytics.source_unique_gtfs_raw_routes_route_id.dbde35d743"
[0m18:14:51.088846 [debug] [Thread-1 (]: On test.ttc_analytics.source_unique_gtfs_raw_routes_route_id.dbde35d743: BEGIN
[0m18:14:51.089136 [debug] [Thread-2 (]: SQL status: OK in 0.001 seconds
[0m18:14:51.089453 [debug] [Thread-1 (]: Opening a new connection, currently in state closed
[0m18:14:51.089749 [debug] [Thread-2 (]: Using duckdb connection "test.ttc_analytics.source_relationships_gtfs_raw_trips_route_id__route_id__source_gtfs_raw_routes_.46a0b3fb60"
[0m18:14:51.090203 [debug] [Thread-2 (]: On test.ttc_analytics.source_relationships_gtfs_raw_trips_route_id__route_id__source_gtfs_raw_routes_.46a0b3fb60: /* {"app": "dbt", "dbt_version": "1.10.15", "profile_name": "ttc_analytics", "target_name": "dev", "node_id": "test.ttc_analytics.source_relationships_gtfs_raw_trips_route_id__route_id__source_gtfs_raw_routes_.46a0b3fb60"} */

    select
      count(*) as failures,
      count(*) != 0 as should_warn,
      count(*) != 0 as should_error
    from (
      
    
  
    
    

with child as (
    select route_id as from_field
    from '../backend/data/gtfs_raw/static_trips.csv'
    where route_id is not null
),

parent as (
    select route_id as to_field
    from '../backend/data/gtfs_raw/static_routes.csv'
)

select
    from_field

from child
left join parent
    on child.from_field = parent.to_field

where parent.to_field is null



  
  
      
    ) dbt_internal_test
[0m18:14:51.090649 [debug] [Thread-1 (]: SQL status: OK in 0.001 seconds
[0m18:14:51.090912 [debug] [Thread-1 (]: Using duckdb connection "test.ttc_analytics.source_unique_gtfs_raw_routes_route_id.dbde35d743"
[0m18:14:51.091167 [debug] [Thread-1 (]: On test.ttc_analytics.source_unique_gtfs_raw_routes_route_id.dbde35d743: /* {"app": "dbt", "dbt_version": "1.10.15", "profile_name": "ttc_analytics", "target_name": "dev", "node_id": "test.ttc_analytics.source_unique_gtfs_raw_routes_route_id.dbde35d743"} */

    select
      count(*) as failures,
      count(*) != 0 as should_warn,
      count(*) != 0 as should_error
    from (
      
    
  
    
    

select
    route_id as unique_field,
    count(*) as n_records

from '../backend/data/gtfs_raw/static_routes.csv'
where route_id is not null
group by route_id
having count(*) > 1



  
  
      
    ) dbt_internal_test
[0m18:14:51.098644 [debug] [Thread-1 (]: SQL status: OK in 0.007 seconds
[0m18:14:51.100480 [debug] [Thread-1 (]: On test.ttc_analytics.source_unique_gtfs_raw_routes_route_id.dbde35d743: ROLLBACK
[0m18:14:51.101259 [debug] [Thread-1 (]: Failed to rollback 'test.ttc_analytics.source_unique_gtfs_raw_routes_route_id.dbde35d743'
[0m18:14:51.101640 [debug] [Thread-1 (]: On test.ttc_analytics.source_unique_gtfs_raw_routes_route_id.dbde35d743: Close
[0m18:14:51.102275 [info ] [Thread-1 (]: 11 of 13 PASS source_unique_gtfs_raw_routes_route_id ........................... [[32mPASS[0m in 0.03s]
[0m18:14:51.102963 [debug] [Thread-1 (]: Finished running node test.ttc_analytics.source_unique_gtfs_raw_routes_route_id.dbde35d743
[0m18:14:51.103430 [debug] [Thread-1 (]: Began running node test.ttc_analytics.source_unique_gtfs_raw_stops_stop_id.0f6581b663
[0m18:14:51.103844 [info ] [Thread-1 (]: 12 of 13 START test source_unique_gtfs_raw_stops_stop_id ....................... [RUN]
[0m18:14:51.104278 [debug] [Thread-1 (]: Re-using an available connection from the pool (formerly test.ttc_analytics.source_unique_gtfs_raw_routes_route_id.dbde35d743, now test.ttc_analytics.source_unique_gtfs_raw_stops_stop_id.0f6581b663)
[0m18:14:51.104561 [debug] [Thread-1 (]: Began compiling node test.ttc_analytics.source_unique_gtfs_raw_stops_stop_id.0f6581b663
[0m18:14:51.108008 [debug] [Thread-1 (]: Writing injected SQL for node "test.ttc_analytics.source_unique_gtfs_raw_stops_stop_id.0f6581b663"
[0m18:14:51.108794 [debug] [Thread-1 (]: Began executing node test.ttc_analytics.source_unique_gtfs_raw_stops_stop_id.0f6581b663
[0m18:14:51.110326 [debug] [Thread-1 (]: Writing runtime sql for node "test.ttc_analytics.source_unique_gtfs_raw_stops_stop_id.0f6581b663"
[0m18:14:51.111058 [debug] [Thread-1 (]: Using duckdb connection "test.ttc_analytics.source_unique_gtfs_raw_stops_stop_id.0f6581b663"
[0m18:14:51.111341 [debug] [Thread-1 (]: On test.ttc_analytics.source_unique_gtfs_raw_stops_stop_id.0f6581b663: BEGIN
[0m18:14:51.111602 [debug] [Thread-1 (]: Opening a new connection, currently in state closed
[0m18:14:51.112151 [debug] [Thread-1 (]: SQL status: OK in 0.001 seconds
[0m18:14:51.112445 [debug] [Thread-1 (]: Using duckdb connection "test.ttc_analytics.source_unique_gtfs_raw_stops_stop_id.0f6581b663"
[0m18:14:51.112742 [debug] [Thread-1 (]: On test.ttc_analytics.source_unique_gtfs_raw_stops_stop_id.0f6581b663: /* {"app": "dbt", "dbt_version": "1.10.15", "profile_name": "ttc_analytics", "target_name": "dev", "node_id": "test.ttc_analytics.source_unique_gtfs_raw_stops_stop_id.0f6581b663"} */

    select
      count(*) as failures,
      count(*) != 0 as should_warn,
      count(*) != 0 as should_error
    from (
      
    
  
    
    

select
    stop_id as unique_field,
    count(*) as n_records

from '../backend/data/gtfs_raw/static_stops.csv'
where stop_id is not null
group by stop_id
having count(*) > 1



  
  
      
    ) dbt_internal_test
[0m18:14:51.144384 [debug] [Thread-1 (]: SQL status: OK in 0.031 seconds
[0m18:14:51.145991 [debug] [Thread-1 (]: On test.ttc_analytics.source_unique_gtfs_raw_stops_stop_id.0f6581b663: ROLLBACK
[0m18:14:51.146607 [debug] [Thread-1 (]: Failed to rollback 'test.ttc_analytics.source_unique_gtfs_raw_stops_stop_id.0f6581b663'
[0m18:14:51.146909 [debug] [Thread-1 (]: On test.ttc_analytics.source_unique_gtfs_raw_stops_stop_id.0f6581b663: Close
[0m18:14:51.147387 [info ] [Thread-1 (]: 12 of 13 PASS source_unique_gtfs_raw_stops_stop_id ............................. [[32mPASS[0m in 0.04s]
[0m18:14:51.148068 [debug] [Thread-1 (]: Finished running node test.ttc_analytics.source_unique_gtfs_raw_stops_stop_id.0f6581b663
[0m18:14:51.148468 [debug] [Thread-1 (]: Began running node test.ttc_analytics.source_unique_gtfs_raw_trips_trip_id.a208cb4845
[0m18:14:51.148856 [info ] [Thread-1 (]: 13 of 13 START test source_unique_gtfs_raw_trips_trip_id ....................... [RUN]
[0m18:14:51.149297 [debug] [Thread-1 (]: Re-using an available connection from the pool (formerly test.ttc_analytics.source_unique_gtfs_raw_stops_stop_id.0f6581b663, now test.ttc_analytics.source_unique_gtfs_raw_trips_trip_id.a208cb4845)
[0m18:14:51.149594 [debug] [Thread-1 (]: Began compiling node test.ttc_analytics.source_unique_gtfs_raw_trips_trip_id.a208cb4845
[0m18:14:51.152769 [debug] [Thread-1 (]: Writing injected SQL for node "test.ttc_analytics.source_unique_gtfs_raw_trips_trip_id.a208cb4845"
[0m18:14:51.153655 [debug] [Thread-1 (]: Began executing node test.ttc_analytics.source_unique_gtfs_raw_trips_trip_id.a208cb4845
[0m18:14:51.155696 [debug] [Thread-1 (]: Writing runtime sql for node "test.ttc_analytics.source_unique_gtfs_raw_trips_trip_id.a208cb4845"
[0m18:14:51.156505 [debug] [Thread-1 (]: Using duckdb connection "test.ttc_analytics.source_unique_gtfs_raw_trips_trip_id.a208cb4845"
[0m18:14:51.156800 [debug] [Thread-1 (]: On test.ttc_analytics.source_unique_gtfs_raw_trips_trip_id.a208cb4845: BEGIN
[0m18:14:51.157059 [debug] [Thread-1 (]: Opening a new connection, currently in state closed
[0m18:14:51.157636 [debug] [Thread-1 (]: SQL status: OK in 0.001 seconds
[0m18:14:51.157903 [debug] [Thread-1 (]: Using duckdb connection "test.ttc_analytics.source_unique_gtfs_raw_trips_trip_id.a208cb4845"
[0m18:14:51.158166 [debug] [Thread-1 (]: On test.ttc_analytics.source_unique_gtfs_raw_trips_trip_id.a208cb4845: /* {"app": "dbt", "dbt_version": "1.10.15", "profile_name": "ttc_analytics", "target_name": "dev", "node_id": "test.ttc_analytics.source_unique_gtfs_raw_trips_trip_id.a208cb4845"} */

    select
      count(*) as failures,
      count(*) != 0 as should_warn,
      count(*) != 0 as should_error
    from (
      
    
  
    
    

select
    trip_id as unique_field,
    count(*) as n_records

from '../backend/data/gtfs_raw/static_trips.csv'
where trip_id is not null
group by trip_id
having count(*) > 1



  
  
      
    ) dbt_internal_test
[0m18:14:51.163179 [debug] [Thread-2 (]: SQL status: OK in 0.073 seconds
[0m18:14:51.165527 [debug] [Thread-2 (]: On test.ttc_analytics.source_relationships_gtfs_raw_trips_route_id__route_id__source_gtfs_raw_routes_.46a0b3fb60: ROLLBACK
[0m18:14:51.166234 [debug] [Thread-2 (]: Failed to rollback 'test.ttc_analytics.source_relationships_gtfs_raw_trips_route_id__route_id__source_gtfs_raw_routes_.46a0b3fb60'
[0m18:14:51.166537 [debug] [Thread-2 (]: On test.ttc_analytics.source_relationships_gtfs_raw_trips_route_id__route_id__source_gtfs_raw_routes_.46a0b3fb60: Close
[0m18:14:51.167105 [info ] [Thread-2 (]: 10 of 13 PASS source_relationships_gtfs_raw_trips_route_id__route_id__source_gtfs_raw_routes_  [[32mPASS[0m in 0.10s]
[0m18:14:51.167843 [debug] [Thread-2 (]: Finished running node test.ttc_analytics.source_relationships_gtfs_raw_trips_route_id__route_id__source_gtfs_raw_routes_.46a0b3fb60
[0m18:14:51.280954 [debug] [Thread-4 (]: SQL status: OK in 0.261 seconds
[0m18:14:51.284964 [debug] [Thread-4 (]: On test.ttc_analytics.source_relationships_gtfs_raw_stop_times_trip_id__trip_id__source_gtfs_raw_trips_.149554fded: ROLLBACK
[0m18:14:51.285595 [debug] [Thread-4 (]: Failed to rollback 'test.ttc_analytics.source_relationships_gtfs_raw_stop_times_trip_id__trip_id__source_gtfs_raw_trips_.149554fded'
[0m18:14:51.285879 [debug] [Thread-4 (]: On test.ttc_analytics.source_relationships_gtfs_raw_stop_times_trip_id__trip_id__source_gtfs_raw_trips_.149554fded: Close
[0m18:14:51.286360 [info ] [Thread-4 (]: 9 of 13 PASS source_relationships_gtfs_raw_stop_times_trip_id__trip_id__source_gtfs_raw_trips_  [[32mPASS[0m in 0.28s]
[0m18:14:51.287008 [debug] [Thread-4 (]: Finished running node test.ttc_analytics.source_relationships_gtfs_raw_stop_times_trip_id__trip_id__source_gtfs_raw_trips_.149554fded
[0m18:14:51.290893 [debug] [Thread-1 (]: SQL status: OK in 0.132 seconds
[0m18:14:51.292888 [debug] [Thread-1 (]: On test.ttc_analytics.source_unique_gtfs_raw_trips_trip_id.a208cb4845: ROLLBACK
[0m18:14:51.293413 [debug] [Thread-1 (]: Failed to rollback 'test.ttc_analytics.source_unique_gtfs_raw_trips_trip_id.a208cb4845'
[0m18:14:51.293679 [debug] [Thread-1 (]: On test.ttc_analytics.source_unique_gtfs_raw_trips_trip_id.a208cb4845: Close
[0m18:14:51.294115 [info ] [Thread-1 (]: 13 of 13 PASS source_unique_gtfs_raw_trips_trip_id ............................. [[32mPASS[0m in 0.14s]
[0m18:14:51.294705 [debug] [Thread-1 (]: Finished running node test.ttc_analytics.source_unique_gtfs_raw_trips_trip_id.a208cb4845
[0m18:14:51.430624 [debug] [Thread-3 (]: SQL status: OK in 0.419 seconds
[0m18:14:51.435145 [debug] [Thread-3 (]: On test.ttc_analytics.source_relationships_gtfs_raw_shapes_shape_id__shape_id__source_gtfs_raw_trips_.54bd302ff9: ROLLBACK
[0m18:14:51.435695 [debug] [Thread-3 (]: Failed to rollback 'test.ttc_analytics.source_relationships_gtfs_raw_shapes_shape_id__shape_id__source_gtfs_raw_trips_.54bd302ff9'
[0m18:14:51.435992 [debug] [Thread-3 (]: On test.ttc_analytics.source_relationships_gtfs_raw_shapes_shape_id__shape_id__source_gtfs_raw_trips_.54bd302ff9: Close
[0m18:14:51.436456 [info ] [Thread-3 (]: 8 of 13 PASS source_relationships_gtfs_raw_shapes_shape_id__shape_id__source_gtfs_raw_trips_  [[32mPASS[0m in 0.45s]
[0m18:14:51.437073 [debug] [Thread-3 (]: Finished running node test.ttc_analytics.source_relationships_gtfs_raw_shapes_shape_id__shape_id__source_gtfs_raw_trips_.54bd302ff9
[0m18:14:51.438148 [debug] [MainThread]: Using duckdb connection "master"
[0m18:14:51.438384 [debug] [MainThread]: On master: BEGIN
[0m18:14:51.438590 [debug] [MainThread]: Opening a new connection, currently in state closed
[0m18:14:51.439034 [debug] [MainThread]: SQL status: OK in 0.000 seconds
[0m18:14:51.439259 [debug] [MainThread]: On master: COMMIT
[0m18:14:51.439470 [debug] [MainThread]: Using duckdb connection "master"
[0m18:14:51.439675 [debug] [MainThread]: On master: COMMIT
[0m18:14:51.440018 [debug] [MainThread]: SQL status: OK in 0.000 seconds
[0m18:14:51.440236 [debug] [MainThread]: On master: Close
[0m18:14:51.440504 [debug] [MainThread]: Connection 'master' was properly closed.
[0m18:14:51.440701 [debug] [MainThread]: Connection 'list_analytics_main' was properly closed.
[0m18:14:51.440887 [debug] [MainThread]: Connection 'test.ttc_analytics.source_unique_gtfs_raw_trips_trip_id.a208cb4845' was properly closed.
[0m18:14:51.441069 [debug] [MainThread]: Connection 'test.ttc_analytics.source_relationships_gtfs_raw_stop_times_trip_id__trip_id__source_gtfs_raw_trips_.149554fded' was properly closed.
[0m18:14:51.441252 [debug] [MainThread]: Connection 'test.ttc_analytics.source_relationships_gtfs_raw_shapes_shape_id__shape_id__source_gtfs_raw_trips_.54bd302ff9' was properly closed.
[0m18:14:51.441434 [debug] [MainThread]: Connection 'test.ttc_analytics.source_relationships_gtfs_raw_trips_route_id__route_id__source_gtfs_raw_routes_.46a0b3fb60' was properly closed.
[0m18:14:51.441669 [info ] [MainThread]: 
[0m18:14:51.442010 [info ] [MainThread]: Finished running 13 data tests in 0 hours 0 minutes and 0.80 seconds (0.80s).
[0m18:14:51.443824 [debug] [MainThread]: Command end result
[0m18:14:51.460939 [debug] [MainThread]: Wrote artifact WritableManifest to C:\Users\Adam White\Desktop\ttc-analytics-hub\warehouse\target\manifest.json
[0m18:14:51.463090 [debug] [MainThread]: Wrote artifact SemanticManifest to C:\Users\Adam White\Desktop\ttc-analytics-hub\warehouse\target\semantic_manifest.json
[0m18:14:51.468740 [debug] [MainThread]: Wrote artifact RunExecutionResult to C:\Users\Adam White\Desktop\ttc-analytics-hub\warehouse\target\run_results.json
[0m18:14:51.469000 [info ] [MainThread]: 
[0m18:14:51.469412 [info ] [MainThread]: [32mCompleted successfully[0m
[0m18:14:51.469787 [info ] [MainThread]: 
[0m18:14:51.470110 [info ] [MainThread]: Done. PASS=13 WARN=0 ERROR=0 SKIP=0 NO-OP=0 TOTAL=13
[0m18:14:51.470658 [warn ] [MainThread]: [[33mWARNING[0m][DeprecationsSummary]: Deprecated functionality
Summary of encountered deprecations:
- MissingArgumentsPropertyInGenericTestDeprecation: 3 occurrences
To see all deprecation instances instead of just the first occurrence of each,
run command again with the `--show-all-deprecations` flag. You may also need to
run with `--no-partial-parse` as some deprecations are only encountered during
parsing.
[0m18:14:51.471495 [debug] [MainThread]: Command `dbt test` succeeded at 18:14:51.471405 after 2.01 seconds
[0m18:14:51.471783 [debug] [MainThread]: Sending event: {'category': 'dbt', 'action': 'invocation', 'label': 'end', 'context': [<snowplow_tracker.self_describing_json.SelfDescribingJson object at 0x000001E1BFBDEC50>, <snowplow_tracker.self_describing_json.SelfDescribingJson object at 0x000001E1C1067390>, <snowplow_tracker.self_describing_json.SelfDescribingJson object at 0x000001E1C1066850>]}
[0m18:14:51.472058 [debug] [MainThread]: Flushing usage events
[0m18:14:51.850015 [debug] [MainThread]: An error was encountered while trying to flush usage events
